S0100000566F7465723242322E737265635E
S315080000000000082485960008C98A0008CB8A0008DB
S31508000010CD8A0008CF8A0008D18A000800000000AF
S31508000020000000000000000000000000512D0190B3
S31508000030D38A000800000000E12D0190452E0190AA
S31508000040D5960008D5960008D5960008D5960008D6
S31508000050D5960008D5960008D5960008D5960008C6
S31508000060D5960008D5960008D5960008D98A0008BE
S31508000070F18A0008098B0008218B0008498B0008C3
S31508000080618B0008798B0008D5960008D59600087C
S31508000090D5960008D5960008D5960008D596000886
S315080000A0D5960008D5960008D5960008D596000876
S315080000B0918B0008D5960008D5960008B98B0008DC
S315080000C0D5960008D5960008D5960008D596000856
S315080000D0D18B0008E98B0008D5960008018C00082A
S315080000E0D5960008D596000800000000D5960008A9
S315080000F0D5960008D5960008D5960008118C0008F4
S31508000100D5960008D5960008D5960008298C0008CB
S31508000110418C0008D5960008D5960008598C000829
S31508000120818C0008998C0008B18C0008C98C0008DD
S31508000130E18C0008F98C0008118D0008D596000896
S3150800014000000000000000000000000000000000A1
S31508000150198D0008318D0008498D0008D5960008CC
S31508000160D5960008D5960008D5960008D5960008B5
S31508000170D5960008D5960008D5960008D5960008A5
S31508000180D5960008D5960008618D0008798D000877
S31508000190D5960008D5960008D5960008D596000885
S315080001A0D5960008D5960008D5960008D596000875
S315080001B0D5960008D5960008D5960008D596000865
S315080001C0D5960008D5960008D5960008D596000855
S315080001D0D5960008D5960008D5960008D596000845
S315080001E0D5960008D5960008D5960008D596000835
S315080001F0D5960008D5960008D5960008D596000825
S31508000200D5960008D5960008D5960008D596000814
S31508000210D5960008D5960008D5960008D596000804
S31508000220D5960008D5960008D59600080000000067
S31508000230D5960008D596000800000000D596000857
S31508000240D5960008D5960008D5960008D5960008D4
S31508000250D5960008D5960008D5960008D5960008C4
S31508000260D5960008D5960008D5960008D5960008B4
S31508000270D5960008D5960008D59600080000000017
S31508000280D5960008D5960008D59600080000000007
S30D0800029000000000D5960008E5
S31508000298F8B500BFF8BC08BC9E467047F8B500BF5D
S30D080002A8F8BC08BC9E4670472D
S315080002B010B5054C237833B9044B13B10448AFF392
S315080002C000800123237010BDB80D00240000000033
S315080002D09802000808B5034B1BB103490348AFF35E
S315080002E0008008BD00000000BC0D0024980200082C
S315080002F010F8012B11F8013B012A28BF9A42F7D0C2
S31508000300D01A7047034613F8012B002AFBD1181A96
S3150800031001387047000000000000000000000000DF
S3150800032001F0FF01102A2BDB10F0070F08D010F898
S31508000330013B013A8B422DD010F0070F42B3F6D19C
S31508000340F0B441EA012141EA014122F007047FF0B5
S3150800035000070023F0E80256083C85EA010586EA0C
S31508000360010685FA47F5A3FA87F586FA47F6A5FA48
S3150800037087F68EB9EED1F0BC01F0FF0102F0070254
S3150800038032B110F8013B013A83EA010313B1F8D1FF
S315080003900020704701387047002D06BF35460338E0
S315080003A0073815F0010F07D1013015F4807F02BF19
S315080003B0013015F4C03F0130F0BC0138704700BF6A
S315080003C081F0004102E000BF83F0004330B54FEAF8
S315080003D041044FEA430594EA050F08BF90EA020F65
S315080003E01FBF54EA000C55EA020C7FEA645C7FEAF8
S315080003F0655C00F0E2804FEA5454D4EB5555B8BF1B
S315080004006D420CDD2C4480EA020281EA030382EA8B
S31508000410000083EA010180EA020281EA0303362D1D
S3150800042088BF30BD11F0004F4FEA01314FF4801CF0
S315080004304CEA113102D0404261EB410113F0004F02
S315080004404FEA03334CEA133302D0524263EB4303B9
S3150800045094EA050F00F0A780A4F10104D5F1200E57
S315080004600DDB02FA0EFC22FA05F2801841F10001B2
S3150800047003FA0EF2801843FA05F359410EE0A5F186
S3150800048020050EF1200E012A03FA0EFC28BF4CF0B7
S31508000490020C43FA05F3C01851EBE37101F000456D
S315080004A007D54FF0000EDCF1000C7EEB00006EEB7A
S315080004B00101B1F5801F1BD3B1F5001F0CD3490804
S315080004C05FEA30004FEA3C0C04F101044FEA44525B
S315080004D012F5800F80F09A80BCF1004F08BF5FEAE2
S315080004E0500C50F1000041EB045141EA050130BDC2
S315080004F05FEA4C0C404141EB0101013C28BFB1F5D4
S31508000500801FE9D291F0000F04BF01460020B1FA1E
S3150800051081F308BF2033A3F10B03B3F120020CDAF1
S315080005200C3208DD02F1140CC2F10C0201FA0CF0CF
S3150800053021FA02F10CE002F11402D8BFC2F1200C34
S3150800054001FA02F120FA0CFCDCBF41EA0C019040EA
S31508000550E41AA2BF01EB0451294330BD6FEA040433
S315080005601F3C1CDA0C340EDC04F11404C4F120021E
S3150800057020FA04F001FA02F340EA030021FA04F330
S3150800058045EA030130BDC4F10C04C4F1200220FA87
S3150800059002F001FA04F340EA0300294630BD21FAC5
S315080005A004F0294630BD94F0000F83F4801306BF8B
S315080005B081F480110134013D4EE77FEA645C18BF7F
S315080005C07FEA655C29D094EA050F08BF90EA020F16
S315080005D005D054EA000C04BF1946104630BD91EA0E
S315080005E0030F1EBF0021002030BD5FEA545C05D111
S315080005F04000494128BF41F0004130BD14F5800450
S315080006003CBF01F5801130BD01F0004545F0FE41C3
S3150800061041F470014FF0000030BD7FEA645C1ABFF8
S31508000620194610467FEA655C1CBF0B46024650EA2F
S31508000630013406BF52EA033591EA030F41F400215B
S3150800064030BD00BF90F0000F04BF0021704730B5E1
S315080006504FF4806404F132044FF000054FF00001B6
S3150800066050E700BF90F0000F04BF0021704730B577
S315080006704FF4806404F1320410F0004548BF40424C
S315080006804FF000013EE700BF42004FEAE2014FEAA1
S3150800069031014FEA02701FBF12F07F4393F07F4F7C
S315080006A081F06051704732F07F4208BF704793F07F
S315080006B07F4F04BF41F40021704730B54FF4607492
S315080006C001F0004521F000411CE700BF50EA010295
S315080006D008BF704730B54FF000050AE050EA01023E
S315080006E008BF704730B511F0004502D5404261EBAE
S315080006F041014FF4806404F132045FEA915C3FF4EF
S31508000700D8AE4FF003025FEADC0C18BF03325FEA8B
S31508000710DC0C18BF033202EBDC02C2F1200300FA3C
S3150800072003FC20FA02F001FA03FE40EA0E0021FA61
S3150800073002F11444BDE600BF7BB972B90029BEBFF9
S3150800074000204FF0004106E008BF00281CBF6FF0EC
S3150800075000414FF0FF3000F0F3B9ADF1080C6DE938
S3150800076004CE002909DB002B1ADB00F06DF8DDF852
S3150800077004E0DDE9022304B07047404261EB410121
S31508000780002B1BDB00F060F8DDF804E0DDE902234E
S3150800079004B0404261EB4101524263EB43037047A8
S315080007A0524263EB430300F04FF8DDF804E0DDE95D
S315080007B0022304B0404261EB41017047524263EBA9
S315080007C0430300F041F8DDF804E0DDE9022304B054
S315080007D0524263EB4303704753B94AB9002908BF2D
S315080007E000281CBF4FF0FF314FF0FF3000F0A8B9CA
S315080007F0ADF1080C6DE904CE00F026F8DDF804E04A
S31508000800DDE9022304B070479FED0B6B41EC170B33
S315080008109FED0B5B27EE066BBCEEC66BB8EE464B40
S31508000820A4EE457BFCEEC77B16EE101A17EE900A6F
S31508000830704700BFAFF30080000000000000F03DE5
S31508000840000000000000F0412DE9F047089D8E46A3
S3150800085004468846002B4AD18A42174662D9B2FA1C
S3150800086082F64EB1C6F1200301FA06F820FA03F320
S31508000870B74043EA0808B4404FEA174E1FFA87FC08
S31508000880B8FBFEF1230C0EFB118843EA084301FB73
S315080008900CF29A4209D9FB1801F1FF3080F0EA8080
S315080008A09A4240F2E78002393B449A1AA3B2B2FB55
S315080008B0FEF00EFB102243EA024300FB0CFC9C45AB
S315080008C009D9FB1800F1FF3280F0D6809C4540F22A
S315080008D0D3803B44023840EA0140A3EB0C030021D5
S315080008E01DB1F3400022C5E90032BDE8F0878B420E
S315080008F005D90DB1C5E9000100210846F5E7B3FAA7
S3150800090083F1002946D1734502D3824200F205815C
S31508000910841A6EEB030201209046002DE5D0C5E946
S315080009200048E2E7002A00F09080B2FA82F6002E2C
S3150800093040F0A4808A1A030C4FEA174E80B2BCB264
S315080009400121B2FBFEFC0EFB1C2243EA024304FB18
S315080009500CF29A4207D9FB180CF1FF3802D29A42D8
S3150800096000F2E080C4469B1AB3FBFEF20EFB12337C
S3150800097040EA034302FB04F49C4207D9FB1802F140
S31508000980FF3002D29C4200F2CA8002461B1B42EA92
S315080009900C40A5E7C1F120068B4022FA06F71F4353
S315080009A00EFA01F420FA06F32EFA06FE4FEA174964
S315080009B0234300FA01F81FFA87FCBEFBF9F01C0C6A
S315080009C009FB10EE44EA0E4400FB0CFEA64502FAAB
S315080009D001F209D93C1900F1FF3A80F09C80A6453E
S315080009E040F2998002383C44A4EB0E041FFA83FEB9
S315080009F0B4FBF9F309FB13444EEA044403FB0CFC6D
S31508000A00A44508D93C1903F1FF3E80F08280A4452D
S31508000A107FD9023B3C4443EA0040A4EB0C04A0FB0C
S31508000A2002EC64457346E14662D35FD05DB1B8EB2C
S31508000A30030264EB090404FA06F622FA01F31E43DC
S31508000A40CC40C5E9006400214FE7B1FBF2FC010C7C
S31508000A5041EA0E4180B240EA01423B4638463C46EE
S31508000A60B846BE462026B1FBF7F1A2EB080241EADA
S31508000A700C4166E7014618E710462CE7C6F1200246
S31508000A802EFA02F3B740B14020FA02F24FEA174EA7
S31508000A900A43B3FBFEF8BCB20EFB1833110C41EA4D
S31508000AA0034108FB04F9B04089454FEA104380B278
S31508000AB03ED9791808F1FF3C01D289451FD8A1EB28
S31508000AC00901B1FBFEF909FB04F80EFB191192B2F4
S31508000AD042EA0142424529D2BA1809F1FF31C4D285
S31508000AE04245C2D2A9F102013A44BEE7F0459DD279
S31508000AF0BEEB02036CEB070C0138E14696E7A7EB61
S31508000B0009094944A8F1020CB1FBFEF909FB04F8EE
S31508000B10DBE773467FE7504666E70846FDE63B4453
S31508000B20023A33E7ACF1020C3B441CE749469CE722
S31508000B30A1EB0901C446B1FBFEF909FB04F8C4E7B9
S30908000B40704700BF2D
S30708000B447047EA
S31508000B4810B50022064C4FF400631146204600F003
S31508000B580BF820460021BDE8104000F009B800BF90
S31508000B6868770024000000005FF800F047EC019061
S30D08000B785FF800F0F1EB0190B3
S31508000B8010B5074C10214FF400630022204600F0F0
S31508000B900FF820461021BDE8104000F005B800BF48
S31508000BA068770024000000005FF800F0F1EB019080
S30D08000BB05FF800F047EC019024
S31508000BB8054A064B518C928C196000219A60FF22CF
S31508000BC85960DA60704700BF9029002400000024A5
S31508000BD810B50021484800F0ABF80121464800F056
S31508000BE8A7F8464C0021464800F0A2F801214448D7
S31508000BF800F09EF86379012B26D00123A0682268A5
S31508000C08637102233C4923713E4BC3633E4B03641D
S31508000C183E4BC364136843F480531360136843F464
S31508000C28005342F8203B4FF4A07300F07DF80023E8
S31508000C386371002853D123681A6842F001021A60C2
S31508000C481A6842F480321A60314C4FF4A07231495E
S31508000C58314800F071F805223049204600F06CF852
S31508000C68E36C2F4A1B6893422DD0183293422AD038
S31508000C781832934227D01832934224D01832934216
S31508000C8821D0183293421ED0183293421BD01832FC
S31508000C98934218D002F55672934214D018329342EA
S31508000CA811D0183293420ED0183293420BD018320C
S31508000CB8934208D01832934205D01832934202D08C
S31508000CC81832934210D11A6822F010021A601A686C
S31508000CD822F008021A60BDE81040FFF769BF2369C9
S31508000CE843F004032361AFE71A6822F002021A6088
S31508000CF81A6822F00402EDE70CD000306877002461
S31508000D088CD2003071EC019081EC01908DEC019049
S31508000D18F47800240CD500305879002400D0003027
S31508000D2810000240000000005FF800F051F501903D
S31508000D385FF800F0D50E00005FF800F065E2019054
S31508000D480C4A014608B55088012913880344908837
S31508000D580344D0881289034413444FF00502B3FBB1
S31508000D68F2F398B205D102220349184605F0E6FAC5
S31108000D7880B208BD00D000300000002446
S31508000D88044B834205D1044B04481B68996B00F051
S31508000D9807B8704758790024287300244CD60030C1
S30D08000DA85FF800F0050A0000DF
S31508000DB0044B834205D1044B04481B68996B00F029
S31508000DC007B8704758790024287300240CD50030DA
S30D08000DD05FF800F0050A0000B7
S31508000DD8044B834205D1044B04481B68996B00F001
S31508000DE807B8704768770024287300248CD2003027
S30D08000DF85FF800F00513000086
S31508000E00044B834205D1044B04481B68996B00F0D8
S31508000E1007B8704768770024287300240CD0003080
S30D08000E205FF800F0051300005D
S31508000E28F0B585B0002309220A2701AC019363604F
S31508000E38C4F80730002918BF1346B1FBF7F607FBB5
S31508000E48161531463035A554013AF3D1E11809F09B
S30B08000E584FFD05B0F0BDD8
S31508000E6030B58BB00446282200216846224D09F089
S31508000E703BFD002C3AD1214968460AF0B8FB29699E
S31508000E806846FFF7D1FF1E49684609F035FD1D4C37
S31508000E9069691D4803F0FCF969461C4800F040F8EA
S31508000EA02146686900F04CF8012223466846114637
S31508000EB000F03AF8204600F03FF8154B18602389F1
S31508000EC01048012B1CBF0623638100F03DF8638997
S31508000ED04BB90C4800F02CF8638923B90D4A136006
S31508000EE001220D4B1A6000200BB030BD2822214686
S31508000EF0684605F01DFACAE790290024B0A30290B7
S31508000F00BDA30290DC0D002483050390C2A30290C2
S31508000F10D80D0024D40D00248419002400000000F4
S31508000F205FF800F0596C02905FF800F001960290A5
S31508000F305FF800F0E59702905FF800F0919602904E
S31508000F405FF800F0A99502905FF800F0D998029032
S31508000F5070B5134D134E2B683268934204DA124A61
S31508000F60D05C01332B6009E0B2F5007F07DA002474
S31508000F700E4B0F481C6000F01FF8204670BD0C4C45
S31508000F80204600F021F83060204600F019F8638901
S31508000F9013B9204600F01CF8064B18790123E1E73F
S31508000FA0D40D0024D80D0024F8290024841900241F
S31508000FB0DC0D0024F42900245FF800F0BD980290A7
S31508000FC05FF800F0D99802905FF800F091960290C9
S30D08000FD05FF800F0E5970290B6
S31508000FD81FB5D3B204460293C2F307230193C2F39B
S31508000FE807430093130E0A46044909F0ABFB20464B
S31508000FF804B0BDE81040FFF781B900BFD6A3029038
S3150800100810B5044613460A46034909F09BFB2046D1
S31108001018BDE81040FFF772B9EEA3029085
S3150800102438B50C2504466A439B580A46034909F011
S315080010348BFB2046BDE83840FFF762B9F9A3029056
S3150800104410B5044613460A46034909F07DFB2046B3
S31108001054BDE81040FFF754B9F9A302905C
S315080010602DE9F04F9FB018220021044601A809F087
S315080010703BFC2822002107A809F036FC3222002171
S3150800108011A809F031FCA64BD3F80090B9F1000F6E
S3150800109006D1A44800F08CF948461FB0BDE8F08F89
S315080010A0A14E002C4FD1A14907A80AF0A0FA316930
S315080010B007A8FFF7B9FE9E4907A809F01DFC716944
S315080010C09C4803F0E5F807A99B4800F071F901A9C7
S315080010D0706900F071F901AB0122022107A800F03E
S315080010E063F901A800F070F9BDF80C3013B10623B6
S315080010F0ADF80E30002501A800F052F9A8462F4693
S31508001100AA46A946BDF80E3013B9B8F1000F20D08B
S31508001110394601A800F05CF901A800F055F901A8C4
S3150800112000F03EF9B7F5007F09D1002101A800F0CB
S315080011304FF901A800F048F901A800F031F901A813
S3150800114000F03EF9A8E72822214607A805F0F0F89E
S31508001150B5E7122D00F2BE80DFE805F00A222A3232
S315080011603A424A545C646C767E86909AA1ABB20089
S31508001170326811A87149A846FFF72EFF01250446D3
S3150800118007EB040B381D6E4BA144BBF5007F1844D2
S3150800119080F2A480224611A95F460AF030FAB1E728
S315080011A0726811A867490225FFF716FF0446E7E7A4
S315080011B0B26811A864490325FFF70EFF0446DFE766
S315080011C0F26811A861490425FFF706FF0446D7E728
S315080011D0726911A85E490525FFF7FEFE0446CFE7AA
S315080011E0B26911A85B490625FFF70EFF0446C7E753
S315080011F0594B11A896F8312007255849FFF712FFD1
S315080012000446BDE7564A11A856490825FFF71AFFAE
S315080012100446B5E7544A11A854490925FFF712FFB1
S315080012200446ADE7524A11A852490A25FFF70AFFB4
S315080012300446A5E7504B11A896F82F200B254F49D1
S31508001240FFF7F0FE04469BE7F28B11A84C490C25E4
S31508001250FFF7DAFE044693E7328C11A849490D25B3
S31508001260FFF7D2FE04468BE7474B11A896F83220C3
S315080012700E254649FFF7D6FE044681E7444B11A8DA
S3150800128096F833200F254349FFF7CCFE044677E747
S31508001290012111A808F070F91025044670E700210D
S315080012A011A808F069F9041E04BF4FF000081125BB
S315080012B066E7012111A800F09FFF122504465FE7A3
S315080012C0002111A800F098FF041E04BF4FF0000883
S315080012D0132555E700244FF0010851E7C7F50077B5
S315080012E011A90AF1010A3A46A4EB070B0AF087F995
S315080012F04FF4007101A800F06BF801A800F064F83B
S31508001300BDF80C3001A853451CBF0623ADF80E30B6
S3150800131000F046F811AB5A461F48D9193CE700BFFA
S315080013208C19002404A4029090290024B0A30290EA
S31508001330BDA302908305039038A4029050A402909E
S31508001340F42900245BA4029066A4029071A402907A
S315080013507DA4029086A40290C80600248EA402905A
S31508001360C429002496A40290D42900249FA402909C
S31508001370E4290024A7A40290A4060024AEA402909F
S31508001380B7A40290BFA402905C060024C8A40290E9
S3150800139020060024CFA40290F829002400000000AB
S315080013A05FF800F0D99802905FF800F00196029075
S315080013B05FF800F0596C02905FF800F0A99502906A
S315080013C05FF800F0BD9802905FF800F091960290E1
S30D080013D05FF800F0099802908D
S315080013D8084BF02283F8232000229A600649074B17
S315080013E8D9634FF0E023064959619A6107221A61C1
S315080013F8704700BF00ED00E0290600000000000065
S30908001408FFC3090007
S3150800140C10B40D4B1B24DC604C1E1C610B4C5C6130
S3150800141C9861BFF34F8F0AE0074B9B6813F0060FD2
S3150800142CFAD0054B93F8203002F8013B0139002914
S3150800143CF2D15DF8044B70470050005203250005A5
S3150800144C10B5002407E022464FF480712046FFF7BA
S3130800145CD7FF04F58074B4F5803FF4D310BDB5
S3150800146C07E0064BDB6913F0400FFAD0034B9A6280
S3150800147C01300278002AF4D1704700BF00100140F1
S3150800148C00B583B000230193030903F130028DF8EC
S3150800149C0420392A02D957338DF8043000F00F008E
S315080014AC00F130038DF80530392B02D957308DF8F9
S315080014BC050020238DF8063001A8FFF7D1FF03B0ED
S309080014CC5DF804FBBA
S315080014D010B483B00468019401FA03FC019921EA67
S315080014E00C0101919A40019B1A430192019B0360EA
S30D080014F003B05DF8044B7047D8
S315080014F808B50823012211460848FFF7E5FF084BF7
S31508001508CA225A6253225A621C23012211460548E6
S31508001518FFF7DAFFBFF34F8F08BD00BF0048025830
S30D0800152800400058E044025897
S3150800153008B51223022203211148FFF7C9FF042325
S3150800154007220F210F48FFF7C3FF03231A46072177
S315080015500D48FFF7BDFF0423012211460B48FFF78C
S31508001560B7FF0423002201210948FFF7B1FF094B01
S315080015700022DA624FF40B72DA6009221A6008BD9B
S31508001580000002582400025854440258F0440258F5
S30D080015909844025800100140BE
S3150800159808B514232A223F211848FFF795FF082380
S315080015A840F2666240F6FF711548FFF78DFF14236F
S315080015B83F2211461348FFF787FF1C230022032101
S315080015C81148FFF781FF0C23042207210F48FFF76C
S315080015D87BFF0F23012211460D48FFF775FF0D4BB8
S315080015E80D4A9A6001225A604FF480521A600B4AD3
S315080015F8DA6040F6F8729A6108BD00BF000802581A
S3150800160824080258080802584C44025850440258FC
S31508001618E8440258003C00400700072000004084C0
S3150800162820B14FF48032024B9A6170470122FAE7DB
S30908001638000C02583A
S3150800163C82B00021019140F6633303FB00F0084B9E
S3150800164C83FB0023C017C0EBA312019102E0019B98
S3150800165C01330193019B9342F9DB02B0704700BF3B
S3090800166CD34D6210DA
S3150800167010B5054C00231A4601212046FFF728FF1E
S3110800168040F6F873A36110BD003C004062
S3150800168CF8B505460C4616460120FFF7C7FF174F57
S3150800169C7C601123002203211548FFF713FF002352
S315080016AC012211463846FFF70DFF09230122114680
S315080016BC3846FFF707FF0AE00C4B5B6913F0020F7D
S315080016CCFAD015F8012B094B83F82020013C002C85
S315080016DCF2D1064B5B6913F0080FFAD016B1FFF777
S315080016ECC1FFF8BD0020FFF799FFF8E7003C004062
S309080016FC0C3C004054
S31508001700F8B505460C461646144F79601123022291
S3150800171003211348FFF7DCFE002301221146384651
S31508001720FFF7D6FE0923012211463846FFF7D0FEF9
S315080017300AE00A4B5B6913F0010FFAD0074B93F8DE
S31508001740303005F8013B013C002CF2D116B1FFF709
S315080017508FFFF8BD0020FFF767FFF8E7003C004061
S309080017600C3C0040EF
S3150800176410B582B000240194ADF8004066238DF8C4
S3150800177404302246012101A8FFF786FF99238DF834
S3150800178404302246012101A8FFF77EFF1920FFF73E
S3150800179453FF90238DF80430012204210DEB010038
S315080017A4FFF772FF224602216846FFF7A7FF16488D
S315080017B4FFF75AFE9DF80000FFF766FE9DF8010044
S315080017C4FFF762FE9DF80030C22B0AD0C22B03D164
S315080017D49DF80130182B0FD00C48FFF745FE02B0D0
S315080017E410BD9DF80120152AF0D10948FFF73CFEE3
S315080017F4084B01221A60F2E70748FFF735FE054B46
S3150800180402221A60EBE700BFF8CE00082CCF0008C6
S311080018140CCF0008F80D00241CCF0008BB
S3150800182070B40E46039D10491B24CC605C1E0C61E7
S3150800183040EA020C0D484CEA0000486112F4406F79
S3150800184000D08E61BFF34F8F0AE0074A926812F004
S31508001850060FFAD0044A92F8202005F8012B013B1E
S31508001860002BF2D170BC70470050005200010005F1
S3150800187008B500231A461F211648FFF729FE00233C
S315080018801F2211461448FFF723FE142301220321C1
S315080018901248FFF71DFE0023012203211048FFF717
S315080018A017FE1223022203210E48FFF711FE042316
S315080018B000220F210C48FFF70BFE122303221146C4
S315080018C00A48FFF705FE1D23002207210848FFF7EF
S315080018D0FFFD08BD88440258E0440258001002582B
S315080018E0000C025800080258240802580808025832
S309080018F01044025838
S315080018F438B5344C0E23012211462046FFF7E6FD7F
S3150800190400234FF020124FF030112F48FFF7DEFD69
S31508001914082309220F212D48FFF7D8FD0823092299
S315080019240F212B48FFF7D2FD00234FF03012114642
S315080019342848FFF7CBFD16232A223F212648FFF71E
S31508001944C5FD0C2340F6991240F6FF712348FFF7AC
S31508001954BDFD16233F2211462148FFF7B7FD042390
S31508001964022203211F48FFF7B1FD082309220F218C
S315080019741D48FFF7ABFD0423032211461B48FFF756
S31508001984A5FD1B4D1C23002203212846FFF79EFDB7
S315080019940423032211462846FFF798FD0E23012245
S315080019A411461448FFF792FD0E2300220121204612
S315080019B4FFF78CFD104B4FF4A8125A600F4A1A60B1
S315080019C438BD00BF7C44025800040258200402585B
S315080019D42404025808040258000C0258240C02581D
S315080019E4080C025800100258201002580810025811
S315080019F44C440258D44402580050005201000004D2
S31508001A0410B50C4B02221A600A4B1B6813F0020F1E
S31508001A14FAD1084B9B6813F0200FFAD1054C002223
S31508001A242260042303210448FFF750FD034B236077
S31508001A3410BD00BF005000524C440258010000017A
S31508001A4482B00023019308E0019B01330193019AB4
S31508001A5440F603239A42F7DD0138002802DD002305
S30D08001A640193F4E702B0704794
S31508001A6C10B50E4B1B24DC60104340F48070586193
S31508001A7C12F4406F00D09961BFF34F8F0024074BC7
S31508001A8C9B6813F0200F07D00120FFF7D1FD013416
S31508001A9C42F210739C42F2DD10BD00BF005000529A
S31508001AAC30B585B005460024ADF80C4022462146D3
S31508001ABC6620FFF7D5FF224621469920FFF7D0FF6F
S31508001ACC1920FFF7B5FD03AB009302234FF4105210
S31508001ADC21469020FFF79EFE0DB905B030BD15487E
S31508001AECFFF7BEFC9DF80C00FFF7CAFC9DF80D002D
S31508001AFCFFF7C6FC9DF80C30C22B09D0C22B03D1BC
S31508001B0C9DF80D30182B0ED00B48FFF7A9FCE4E70F
S31508001B1C9DF80D20152AF1D10848FFF7A1FC084BB2
S31508001B2C01221A60D9E70748FFF79AFC044B0222F0
S31508001B3C1A60D2E738CF00082CCF00080CCF000863
S30D08001B4CF40D00241CCF00086B
S31508001B5808B5FFF7CDFC174B1A6DA3F12963A3F552
S31508001B685923A3F647439A4200D008BD114B0022D1
S31508001B781A65FFF779FEFFF7D7FCFFF709FDFFF7A8
S31508001B88B5FE0D48FFF76EFCFFF7E8FD0120FFF7E5
S31508001B9889FF0A4B1B6813B1094B1B681BB909480F
S31508001BA8FFF760FCFEE7FFF74DFCFFF711FC00F0B6
S31508001BB80BF8FEE7004000584CCF0008F80D002443
S31508001BC8F40D002468CF00085FF800F0BD02000095
S31508001BD810B5144B1B24DC6040F00120586101390C
S31508001BE81961BFF34F8F08E00E4B9B6813F0040F7B
S31508001BF8FAD012F8011B0B4B19620A4B9B6813F0B3
S31508001C08020FF1D00024074B9B6813F0200F07D06A
S31508001C180120FFF70FFD013442F210739C42F2DDF2
S30D08001C2810BD00BF0050005278
S31508001C3008B5054B1B22DA60044A5A61BFF34F8F79
S31508001C400220FFF7FFFE08BD00500052EB2D180FCB
S31508001C5038B5104C104B114D04F10F001049C4E96A
S31508001C600035104BA3600023A381A37309F0BFFCC2
S31508001C700D4904F1190009F0BAFC0C4904F12900D0
S31508001C8009F0B5FC0A4904F1390009F0B0FC094B22
S31508001C901D6038BD94190024D002A8C000E1F505DE
S31508001CA055AB0290E80383065FAB029068AB0290DF
S30D08001CB077AB0290EC08002452
S31508001CB801380A280AD8DFE800F0060E161E221A86
S31508001CC826313B4512000A68234B1A60224B5A688C
S31508001CD8224B1A6070470A781F4B1A73F6E70A8868
S31508001CE81D4B5A81F2E70A881B4B1A81EEE70A68E8
S31508001CF8194B5A60EAE70A78174B9A73E6E70A789F
S31508001D08154B5A73E2E70A68134BC3F80F204A685B
S31508001D18C3F813200A89A3F81720D7E7104B01F14F
S31508001D28100251F8040B914243F8040BF9D1CDE798
S31508001D380C4B01F1100251F8040B914243F8040BBD
S31508001D48F9D1C3E7084B01F1280251F8040B91426F
S31508001D5843F8040BF9D1B9E794190024EC080024D0
S31108001D68AD190024BD190024CD19002473
S31508001D74F7B5284D022204460A262B46114603F0D7
S31508001D8472FEAB1C204604220221102703F06BFEC8
S31508001D946B1C20460522022103F065FE2B1F2046F4
S31508001DA40322022103F040FEAB1E20460B22022129
S31508001DB403F03AFEA5F1080320460622022103F0A1
S31508001DC414FEA5F10C0320460122022103F00DFEA0
S31508001DD4EB1C204607220221009603F0E1FD05F1DB
S31508001DE40D03204608220221009703F0D9FD05F1C8
S31508001DF41D03204609220221009703F0D1FD28235A
S31508001E04324602210093204605F12D0303F0C8FD4E
S30D08001E1403B0F0BDA01900247B
S31508001E207FB501284FF00003064688680C46CDE9C1
S31508001E300233DCBF0123029304F0B6FA029B03BB0C
S31508001E4002AAA1685B4804F05BF90128054601D09F
S31508001E500C2817D1032E17D1012D18BF0C25029B6C
S31508001E60554EA3B1554800F0EBF85DB3AA1E092AF2
S31508001E7032D840F22123D340DB0723D4062D6BD07A
S31508001E802AE00025042EEAD001230293E7E74C4B0B
S31508001E901B683BB9A5F10803022B03D8494800F093
S31508001EA0CFF819E00C2D17D8DFE805F00714291B21
S31508001EB037454E5D666D72777E003F4AE168424857
S31508001EC002F042FD414800F0BBF8414800F0B8F87E
S31508001ED04048E4E702F044FE72683F4B1A6004B0DB
S31508001EE070BD338964223D48039303AB009342F2E5
S31508001EF01073E16802F060FD039B3381ECE7738998
S31508001F0001223748039303AB00934FF6FF73E1684A
S31508001F1002F052FD039B7381D4E773683C22314873
S31508001F20039303AB00934FF44873E16802F070FD26
S31508001F30039B7360D0E701232B4A2C4800932C4B54
S31508001F40E16802F09DFDC7E701232A4A2A48009363
S31508001F502A4BE16802F094FD0023294A29481360B8
S31508001F60294A13609BE70123284A29480093294BED
S31508001F70E16802F085FDA5E71023274AE1682748AE
S31508001F8002F0FAFDA8E70A23254AE1682548F7E79B
S31508001F901023254AE1682548F2E72823244AE16800
S31508001FA0244802F0E9FD8DE7234800F049F800F0DF
S31508001FB0BFFF91E7C40000249419002489AB02905E
S31508001FC08C190024DFAB029008AC029029AD029070
S31508001FD06BAD02909BAD0290EC08002424AC0290F5
S31508001FE046AC029068AC0290A219002484AC029018
S31508001FF0A0000024A119002491AC029070000024CE
S31508002000342C0024C3AD0290302C0024A0190024DF
S31508002010A5AC02904C000024BD190024C6AC029061
S31508002020A3190024D5AC0290AD190024EDAC02909A
S31508002030CD190024FDAC02900FAD029000000000FF
S30D080020405FF800F0596C0290EC
S3150800204873B53E4C0C263E4D3E48D4E9001200F0C6
S31508002058A7F829683C4802F017F92B7B3B4A7343D3
S31508002068D018D0E901018DE803003948D358D4E9D6
S31508002078121200F095F83748D4E9031200F090F8E0
S31508002088354B186800F088F801462F4802F0FCF826
S315080020986B893248D4E9211200F082F82B89304836
S315080020A8D4E9061200F07CF86A682E492E48B2FB75
S315080020B8F1F301FB13220092D4E9091200F070F833
S315080020C8AB7B2A4A7343D018D0E901018DE803008F
S315080020D82748D358D4E90C1200F062F86B7B254AD6
S315080020E87343D018D0E901018DE803002248D35874
S315080020F8D4E90F1200F054F8204B1B68A3B105F178
S3150800210829031F48D4E91B1200F04AF805F11903F8
S315080021181C48D4E9181200F043F805F10F031A48C9
S31508002128D4E9151200F03CF8184B1948D4E91E12E0
S3150800213802B0BDE8704000F033B800BFC400002400
S3150800214894190024DAAD029009D402904C000024B0
S315080021580EAE029046AE02907C2000247AAE02901B
S31508002168B2AE029040420F00EAAE0290A0000024E8
S3150800217828AF02907000002460AF02908C190024E2
S3150800218898AF0290D0AF029008B00290CD190024FB
S3150800219840B00290000000005FF800F09B4E0190E6
S30D080021A85FF800F0596C029083
S315080021B0002307B5014601AA0848019303F0A0FFCA
S315080021C0019B3BB9064B53F8200000F011F803B009
S315080021D05DF804FB034800F007F8F8E7C40000249C
S315080021E03449039078B002905FF800F0596C029079
S30D080021F05FF800F0A56C0290EF
S315080021F810B52C4C69B1002323602B4A2B4B127B54
S315080022082B49FEF70BFF014623680846013323606E
S3150800221810BD23680A2BF7D801A252F823F000BF8D
S3150800222803220008552200085F22000869220008D0
S31508002238752200087D2200088522000891220008D8
S315080022489B220008A1220008A7220008164A194B53
S31508002258927B1949D5E7144A184B527B1849D0E797
S31508002268114B18491A89FEF7CBFECCE70E4B1649CF
S315080022785A89F8E70C4B15495A68F4E70A4B144982
S315080022881A68FEF7A5FEBEE7124A1349FEF7D6FEF8
S31508002298B9E7124A1249F9E7124A1349F6E7134AFF
S315080022A81349F3E790190024941900244C000024D4
S315080022B8C2B00290A0000024CEB00290700000249C
S315080022C8DFB00290F1B0029001B102900BB1029012
S315080022D816B10290A319002424B10290AD1900245E
S315080022E833B10290BD19002441B10290CD190024DA
S309080022F84EB1029043
S315080023002DE9F04F002391B09E4C4620099300F02A
S3150800231047FA2368FBB101229B4EDFF8DC829B4B10
S315080023201146F07904F0B8F998F80C30BBB1984D1D
S3150800233008F13904974F2946204600F00DFA98B15E
S3150800234001223B46F079114604F0A6F94FF47A705B
S3150800235000F026FAEFE70A2000F022FAD9E7D8F8C3
S3150800236000308B4A1BBA1360894C20208A4B22689E
S31508002370DFF888A21A600022114600F0E5F9874BBB
S3150800238001220221CAF800000090F07904F084F9CD
S31508002390B8F80A202146DAF8000000F0E9F9DAF878
S315080023A00030012202210093F0797D4B04F074F984
S315080023B07C4B01221A6009A9DAF8000000F0E4F95A
S315080023C078B9099B1A68B2F80890A9F118039BB264
S315080023D0C92B05930AD909980028ECD000F0D0F942
S315080023E0E9E70021102003F02BF8F4E76E4B1B6891
S315080023F0002BF0D157680AAC6C4A136007F1180233
S315080024003B460792186822465968083303C21446A1
S31508002410079A9342F6D10A9800F0BAF90A90044648
S315080024200B9800F0B5F90B900546BDF83E0000F094
S3150800243087F9BB685E4A5F491360FB68069053607C
S315080024403B8AADF83E00A1F11A00138100F030FA7C
S3150800245000F09EF9D7F81230DFF8A4B1D3B9DBF84B
S315080024600030012B05D0544B0122F079114604F0B7
S3150800247013F90123CBF80030069ADFF888B1052A4C
S3150800248000F24481DFE812F03500C400FB000101C8
S31508002490420134019842DBF8002026D198F80D3025
S315080024A0DBB9464B1B789806E6D5444B1B7813F0E8
S315080024B010030CBF022103218A42CBF80010DBD09F
S315080024C03F49404AF079002B18BF0A463E4B009216
S315080024D00122114604F0E0F8CEE7013B012BCBD8E8
S315080024E0364B1B789B06C7D4DFE7012AC1D0374B8A
S315080024F0BAE7DBF80030B9F1190F03F10103CBF89D
S31508002500003040F00381324B0022DFF8FC901A605D
S31508002510304BDFF8F8B01978C9F800400229CBF833
S3150800252000500AD12C492D4800F01EF92C490022EA
S31508002530284B0C602B491A700D60DBF800202A4BDB
S315080025402A4913441D4C8B4289BF294BCBF80030CE
S315080025509B18CBF8003082BFD9F800300133C9F890
S3150800256000303B7E237000F0FBF82378012203211C
S31508002570F0790193D9F8003000931E4B04F08CF8DB
S3150800258029E700BFE42000247D2900241FB7029014
S315080025907820002433B702907C20002460B702908C
S315080025A082B70290AC1C0024A01C0024A41C0024A2
S315080025B0941C0024BD190024A8B702908C1C002482
S315080025C013B7029019B70290CBB70290E8B70290FA
S315080025D0801C0024C01C0024B81C0024BC1C002439
S315080025E0B41C0024B01C0024002D3101FFC99A3BFD
S315080025F0006396C514B8029094190024A81C0024F8
S31508002600901C0024C41C0024881C0024841C00245C
S3150800261000F04EFEDBF80430B9F1B90F03F10103FF
S31508002620CBF8043072D13C4907F1190000F090F854
S315080026303A4B2246384819782B4681F02001C1F3D7
S31508002640401100F099F8364B197803297FF4C3AE88
S31508002650DFF8E890334FD9F800303348E21A3B6880
S315080026600094EB1A00FB02330122F079CDE90153FD
S315080026702E4B04F011F8C9F800403D60ABE6DBF8D4
S3150800268008300133CBF80830A5E600F011FEDBF878
S315080026900C30B9F1BC0F03F10103CBF80C3035D17E
S315080026A007F119001D4F1C4900F076F839782B46BA
S315080026B0224681F020011848C1F3401100F05CF869
S315080026C098F80D30002B3FF486AE194B164A2B446A
S315080026D039781848934281F0200184BF0134164B9B
S315080026E0C1F3401188BF5B19224600F045F872E62F
S315080026F0DBF81430B9F1E10F03F10103CBF814301C
S3150800270004D00599079800F093F964E6DBF81830C9
S315080027100133CBF818305EE6001A00248C1C00241E
S3150800272075290024F819002400CA9A3B50B802906B
S31508002730002D3101401B0024006396C5FC190024B6
S315080027405FF800F0954E01905FF800F0893201902D
S315080027505FF800F0651F00005FF800F0AD380190E3
S315080027605FF800F08D0900005FF800F0197D02900F
S315080027705FF800F0C53301905FF800F0ED0E000039
S315080027805FF800F04D4B01905FF800F009380190B2
S315080027905FF800F09B4E01905FF800F0952000006E
S30D080027A05FF800F051050190F5
S315080027A8034B187801280ABF022200201A707047BE
S309080027B8C01C00240F
S315080027C0194B13B55C7B012C0BD0022C22D034B9E3
S315080027D0164B186800F034F8154BC3E9000402B02C
S315080027E010BD01A9684600F02FF8019B114AA3F510
S315080027F0FA630F4C934289BF009B019303F1FF33A1
S315080028000093009800F01CF82060019800F018F872
S315080028106060E4E7054B064C186800F011F8064BB3
S3150800282020601868F2E700BF94190024881C002469
S315080028302820002400CA9A3B841C002400000000BB
S315080028405FF800F09B4E01905FF800F0197D02904A
S31508002850F8B50F4610490968E1B1104E0C25DFF8A6
S3150800286044C031684D430CEB05044CF80500227250
S31508002870002263720A4B62811868676000F014F8D8
S31508002880336801335A4203F0030302F0030258BFC8
S3150800289053423360F8BD00BFAC1C0024941D0024CD
S315080028A0986B0024442000245FF800F06F0701901D
S315080028B070B50546094E0C46FDF724FD2946024625
S315080028C0304600F011F82046FDF71CFD2146024669
S315080028D0304600F005F8C04370BD00BF7C77002481
S315080028E05FF800F0F5EA01905FF800F035EB01902B
S315080028F02DE9F041234E074600F108030D46D6F8A8
S315080029000F00D6F8131003C3B6F8172006F11901FD
S315080029101D481A80FFF7CCFF00F042F81B4BC7F89A
S315080029201200D3F80080B8F1000F28D100F040F863
S31508002930044620B90146BDE8F04102F081BDADB2BA
S31508002940294600F039F82A463946206800F02CF85E
S31508002950054640B14146022002F072FD2046BDE818
S31508002960F04100F019B80A4821467389094A0068F7
S3150800297000F026F80028F1D029460320ECE7BDE848
S31508002980F08100BF94190024941C0024A01C002484
S31508002990A81C0024782000245FF800F04D4B019015
S315080029A05FF800F09B4E01905FF800F06D680190AB
S315080029B05FF800F0354B01905FF800F0714B01901D
S30D080029C05FF800F0893401906C
S315080029C837B5FFF7F9FE002000F02AF80F4C104D2E
S315080029D82023E0820221237601226B7B0D48002BF7
S315080029E814BF1823192300930B4BC07903F050FE24
S315080029F86B7B2046002B14BF18211921FFF774FF9B
S31508002A08064A13680133136003B030BD2820002432
S31508002A18941900247D2900247AB80290802000247D
S30D08002A285FF800F0954E0190DD
S31508002A300E4B70B50E4C064618680D4600F01CF88D
S31508002A40002320600520636000F01AF82A46314604
S31508002A50E08204F1180008F0D2FD29462046FFF767
S31508002A6047FF044A53690133536170BD881C00242B
S31508002A709C1D0024802000245FF800F09B4E0190E6
S30D08002A805FF800F0954E019085
S31508002A88F0B50C461F4E85B01746054600F058F8AF
S31508002A983060204600F054F87060012000F048F8CD
S31508002AA8A022F08206F119001749377608F0A3FD27
S31508002AB8164B1B78022B14D1154E164F3368164938
S31508002AC8EA1A3B681548E31A009501FB0233012206
S31508002AD80321CDE90143124BC07903F0D9FD3560CE
S31508002AE83C60104B1B781B0702D4062000F024F81C
S31508002AF8B9210448FFF7F8FE0B4A536801335360B7
S31508002B0805B0F0BD6C1F0024F01C002475290024AC
S31508002B18E41C0024E01C002400CA9A3B7D290024F2
S31508002B289AB802908C1C002480200024000000001B
S31508002B385FF800F0954E01905FF800F05105019096
S30D08002B485FF800F09B4E0190B6
S31508002B502DE980489A4C8BB02368002B00F09280B0
S31508002B60DFF8D4B20122974B11469BF8070003F011
S31508002B7093FD954C4FF0FF32216803A800F0D0F979
S31508002B80DDE90323102AF5D10C229049DFF8AC823F
S31508002B9053438F4DCA1851F803A08E495368577A84
S31508002BA00093137A8C4A0193D8F800300133C8F899
S31508002BB000302B689A188A4268D82A60874B884A58
S31508002BC0196839B1002119600121864B19604FF443
S31508002BD0FA7313601368002B04DD013B13600BB90D
S31508002BE0804A1360804C236801332360FFF7DCFDBD
S31508002BF008B1FFF7E9FE7D491422DFF84492096817
S31508002C00B9F808300129B3FBF2F322684AD893428F
S31508002C1003DA00232360FFF7D7FEBAF1000FA8D026
S31508002C20724B1B68023B012BA3D8714C21788A068C
S31508002C3003D4704B1B68002B9BD001F00203019A4A
S31508002C401A4396D011F0100650466B4940F0FA80A8
S31508002C5000F04AF9B922314668480296069607F006
S31508002C6043FE99F80D30012B00F09680022B00F0F8
S31508002C70A380002B7FF47DAF3A46D8F80010604B4E
S31508002C80186896E00A2000F04FF965E703F1454316
S31508002C905B4A03F5160303F5C6432B601368013335
S31508002CA013608BE7934248DA0021102206A82160B8
S31508002CB007F01AFEFFF784FD022000F019F9514CBF
S31508002CC099F80D30E082002B64D0012B48D14E4B89
S31508002CD01B68002B5ED04D4E04F118004C4996F83F
S31508002CE02130721C07F032FD96F8223006F11102E7
S31508002CF0484904F1210007F029FDB28C464906A887
S31508002D0007F024FD0698BDF81C209DF81E30C4F86F
S31508002D102B00A4F82F2084F831303224344B1B784A
S31508002D20190702D4062000F0FFF821463548FFF7B8
S31508002D30DFFD3A4A936801339360394C23680133BF
S31508002D40FA2B23607FF769AF0026284B01229BF8F0
S31508002D5007001E601146334B03F09EFC26605CE7B5
S31508002D60314B183403F110061868083353F8041C5D
S31508002D702246B34203C21446F6D11A889B782280AB
S31508002D802A4AA37011682A4B19609188927999800A
S31508002D909A71C2E71824C1E706AA02A9009800F0AA
S31508002DA0AFF8244A06A902A800F0A6F83A460699FA
S31508002DB00298FFF769FEDCE63A4629685FE700BF36
S31508002DC0AC1C0024C4B80290986B0024442000244C
S31508002DD0841C0024FFC99A3B002D3101981D00244C
S31508002DE0EC1C0024A01C0024E81C0024901C0024D1
S31508002DF08C1C0024302C0024F01C00246C1F00249A
S31508002E00881C0024381F0024342C00243621002472
S31508002E10D9B80290E1B80290E9B80290802000245F
S31508002E20A41C0024F1B80290684903907B490390DA
S31508002E30631F002400D3CEFE7D290024801C0024B5
S31508002E409419002400F068F800283FF492AE214E49
S31508002E500021BC2230460291069107F045FD99F8FB
S31508002E600D30012B25D0022B2DD04BB91A4B1868E3
S31508002E7000F04EF83060D8F8000000F049F87060AD
S31508002E80032000F035F8A322F08214491448377657
S31508002E9008F0B5FB23781B0702D4062000F044F897
S31508002EA0BC210C48FFF724FD0E4AD3680133D360D2
S31508002EB05FE606A902A800F027F8029800F028F8AD
S31508002EC030600698D9E7044B186800F021F830609E
S31508002ED02868D2E77C1E0024881C0024F01C0024E5
S31508002EE0951E0024802000245FF800F0091F0000CA
S31508002EF05FF800F0954E01905FF800F02D7D029086
S31508002F005FF800F0C57C02905FF800F0197D02902A
S31508002F105FF800F09B4E01905FF800F0851F0000F7
S31508002F205FF800F0C10701905FF800F051050190C5
S31108002F30014B01221A607047981D00240E
S31508002F400A4608B5072809D8DFE800F03A043D2AFA
S31508002F502D0831374FF400511D482AE0052835D190
S31508002F60032933D8DFE801F0020A181A00224FF4C1
S31508002F708051174800F034F8002206E001224FF489
S31508002F808051134800F02CF801224FF400611048D4
S31508002F90BDE8084000F024B80022F0E70122E6E781
S31508002FA04FF48061D8E74FF480410A4801E0402198
S31508002FB00948002AECD00122EAE74FF40041F4E779
S31508002FC04FF40041C8E74FF48041C5E708BD00BF8C
S31508002FD000100258000C02580008025800000000B1
S30D08002FE05FF800F0890F02906A
S31508002FE808B500210420FFF7A7FF00210520FFF7F1
S31508002FF8A3FF00210720FFF79FFF00210620FFF700
S315080030089BFF01210320FFF797FF642000F044F88F
S3150800301800210320FFF790FF01210420FFF78CFF0A
S31508003028642000F039F800210420FFF785FF012104
S315080030380520FFF781FF642000F02EF802210520FD
S31508003048FFF77AFF642000F027F803210520FFF729
S3150800305873FF642000F020F800210520FFF76CFFB5
S3150800306801210620FFF768FF642000F015F8002103
S315080030780620FFF761FF01210720FFF75DFF64209F
S3150800308800F00AF807200021FFF756FF6420BDE87C
S31508003098084000F001B800005FF800F051050190FB
S315080030A8B0FA80F210210248520900F005B800BFAC
S315080030B800100258000000005FF800F0890F02901F
S315080030C8021E4FF04001024818BF012200F004B85A
S315080030D8000C0258000000005FF800F0890F029003
S315080030E82021024808B500F003F808BD000C02586C
S30D080030F85FF800F07D0F02905D
S315080031008021024808B500F003F808BD00080258F7
S30D080031105FF800F07D0F029044
S315080031188021024808B500F003F808BD000C0258DB
S30D080031285FF800F07D0F02902C
S315080031304FF48071024808B500F006F808BD00BFD4
S3150800314000080258000000005FF800F07D0F0290AA
S315080031502021044808B500F007F8B0FA80F04009C5
S3150800316008BD00BF000402585FF800F07D0F02900A
S3150800317030B58FB00D4604463422002101A807F069
S31508003180B3FB32232A2101A85C43B4FBF5F49C4225
S31508003190A8BF1C46224607F0A7FB04F1380301A97D
S315080031A004480DEB03040A2304F8343C00F004F841
S315080031B00FB030BDADBA02905FF800F0596C0290BE
S315080031C0002302282DE9F3410C46019310D14868E3
S315080031D003F0EAF801AA6168294802F091FF019D07
S315080031E04DB1284800F060F8002002B0BDE8F08133
S315080031F001230193F5E701380328F5D8DFE800F045
S315080032000206090F204B01221A60EDE71E4B002229
S31508003210FAE7322200211D4807F066FBE4E71B4E59
S3150800322000233246374632F8021B01338D42B8BFB7
S315080032300D46192BF7D11648002400F035F8DFF8AB
S315080032406080144800F030F8134800F02DF83388F1
S31508003250E21C21464046043400F026F8294636F892
S31508003260020BFFF785FF602CF1D121463A8E0B48F9
S3150800327000F01AF82946388EFFF77AFFB4E700BF40
S315080032809C010024B0BA0290A0210024A4210024A5
S31508003290CEBA0290EDBA02905BBB02900FBB0290C9
S315080032A002BB0290000000005FF800F0596C029023
S315080032B00F4B10491B6870B50F4C586A2368A3B1A9
S315080032C00B684CF24F360D4AC31A0D4D934296BF02
S315080032D00C4A1823B3FBF2F335F81320B24295BF14
S315080032E00132002325F813202360086070BD00BF53
S315080032F02873002464210024A0210024FF083D002F
S30D08003300A4210024007102005B
S31508003308002302282DE9F3410C46019310D1486899
S3150800331803F046F801AA61682A4802F0EDFE019D05
S315080033284DB1294800F060F8002002B0BDE8F081E8
S3150800333801230193F5E701380328F5D8DFE800F0FB
S315080033480206090F214B01221A60EDE71F4B0022DE
S31508003358FAE7322200211E4807F0C2FAE4E71C4EB3
S3150800336800233246374632F8021B01338D42B8BF6E
S315080033780D46192BF7D11748002400F035F8DFF861
S315080033886480154800F030F8144800F02DF83388A2
S3150800339804F1270221464046283400F025F8294634
S315080033A836F8020BFFF7E0FEB4F5707FEFD1214639
S315080033B83A8E0B4800F018F82946388EFFF7D4FEDF
S315080033C8B2E700BF9C010024B0BA02906821002425
S315080033D86C2100241CBB029042BB029059BB029088
S315080033E8AABB02909DBB02905FF800F0596C029048
S315080033F8002313B5044601A96846CDE9003300F051
S3150800340833F813490B680BB3009B124803F0030201
S31508003418019B00FB0233104A934234BF0020012067
S3150800342802FB10330D4A181B0D4B4CF24F349842C9
S3150800343896BF0C4B1820B0FBF3F032F81030A342B5
S3150800344895BF0133002322F810300B6002B010BD77
S315080034586821002400CA9A3B00286BEE6C210024D8
S31508003468FFC99A3B005A62025FF800F0197D02907C
S315080034781FB50B4B01240B4A1C60106058B100F0AD
S3150800348817F8094B4FF0FF3221461860684600F0D6
S3150800349813F804B010BD1A68002AFCD1F9E700BF72
S315080034A8DC210024E0210024D821002400000000A3
S315080034B85FF800F04D0501905FF800F0B30501903C
S315080034C82DE9F04387B005460E4617460F9C9846E1
S315080034D8BDF8389054B1104B4FF0FF31186800F01A
S315080034E82BF80022012102A800F022F83B463246B2
S315080034F829460A48CDE9008900F016F82046FFF75C
S31508003508B7FF34B1044B186807B0BDE8F04300F0BC
S3150800351807B807B0BDE8F083846B00249C760024BE
S315080035285FF800F0550601905FF800F0D112029096
S315080035385FF800F0B30501905FF800F009060190FE
S315080035482DE9F04387B005460E4617460F9C984660
S31508003558BDF8389054B1104B4FF0FF31186800F099
S315080035681FF80022012102A800F01EF83B46324641
S3150800357829460A48CDE9008900F01AF82046FFF7D7
S3150800358877FF34B1044B186807B0BDE8F04300F07C
S3150800359813B807B0BDE8F083846B00249C76002432
S315080035A85FF800F0090601905FF800F0B30501908E
S315080035B85FF800F0ED1302905FF800F055060190E9
S315080035C8F0B5044685B00E4617461D4653B10E4B50
S315080035D84FF0FF31186800F01BF8002201216846F1
S315080035E800F01AF821463B463246084800F01CF80F
S315080035F8B0FA80F464091DB1034B186800F010F896
S31508003608204605B0F0BD00BF846B00249C760024D4
S315080036185FF800F0090601905FF800F0B30501901D
S315080036285FF800F0550601905FF800F0091502905A
S31508003638054B00221A60054B1B6823B1044B012170
S31508003648186800F009B87047DC210024E021002436
S31508003658D8210024000000005FF800F061050190F9
S30908003668FFF7E6BFB5
S3110800366C4FF480324FF0104107F0C3BF46
S30B080036780020FFF7F7BF72
S31508003680034BD3F829200260B3F82D3083807047A6
S30908003690902900244B
S3150800369808B50120FFF704FD0A2000F009F8002004
S315080036A8FFF7FEFC0A20BDE8084000F001B8000054
S30D080036B85FF800F09DDA0190AD
S307080036C0704743
S315080036C8002373B5036006460B600D46136014465F
S315080036D801931E2201AB0121134800F029F880B98D
S315080036E8019BC3F3002203F00703013B3260052B55
S315080036F816D8DFE803F0030D1515081200232B600A
S31508003708236002B070BD4FF400532B600023F7E71F
S3150800371800232B604FF48043F2E74FF40053F8E791
S3150800372800233360EDE700BF1C7C0024000000007E
S30D080037385FF800F0CB070290D0
S31508003740F0B59FB004460D466422002105A807F08F
S31508003750CBF803AA04A902A8FFF7B6FF94F83130FC
S31508003760029EC3F3800355EA03020ED056B91C48DD
S3150800377000F052F8204600F047F8204600F054F8CA
S315080037801FB0F0BD0DB9002BFAD1012EF8D105A94D
S31508003790134800F03DF8049D039F05A910480B95B2
S315080037A00A9700F03DF80E4800F046F8204600F06B
S315080037B03FF8204600F024F80A4A0B4B0B49002F25
S315080037C008BF13460A4A0B48002D08BF0A46314669
S315080037D0CDE90032084B3246007902F05DFFCFE7AB
S315080037E01C7C0024AABD0290AEBD0290B3BD029017
S315080037F0B7BD02907D290024BBBD029000000000E1
S315080038005FF800F0396101905FF800F0E56001901B
S315080038105FF800F0250802905FF800F05F04029058
S315080038205FF800F0B10902905FF800F0816101903D
S315080038305FF800F09D6001905FF800F0DB030290EE
S315080038400023012873B505460C46009305D12B487D
S3150800385000F07AF8002002B070BD486802F0A4FDB6
S315080038606A466168264802F04BFC009E03460EB184
S315080038702448EDE7022815D0032823D00128E9D1EA
S31508003880032DA068019301D01F48E1E701AB32463A
S31508003890042102F0E9FC019B002BF5D01B4B188094
S315080038A01B48D5E71B4B1C4C19881C4800F04CF8E4
S315080038B0256800F041F822682946821A184800F05F
S315080038C043F8C7E7174800F03FF8174D174B012292
S315080038D01A6000F031F82E60044664262B6823B976
S315080038E00A2000F02DF8013EF8D1296821B1091BFC
S315080038F00F4800F029F8ADE70E48A9E73BBE02904D
S31508003900F00100245BBE02907CBE02900E220024C9
S31508003910B2BE02900C22002404220024DBBE0290D0
S315080039200BBF029024BF0290082200240022002424
S3150800393061BF029039BF02905FF800F091DA0190FA
S315080039405FF800F0510501905FF800F0596C02909D
S315080039500123024A0249034800F006B80C22002453
S315080039600E220024EC7400245FF800F0494C029003
S3150800397037B50446124DFFF7EBFBB8B900F034F83B
S31508003980104B1860104B1B880193104B00930122B3
S315080039900F4B0321687B02F0DBFE01230A4A20460F
S315080039A00C4903B0BDE8304000F01AB800F01CF826
S315080039B0094B1860074B1B880193084BE6E700BFC5
S315080039C07D290024042200240C22002480BF0290B2
S315080039D0010000020E22002408220024AABF029039
S315080039E05FF800F0494C02905FF800F091DA019018
S315080039F00A4B1A68012A04D0022A09D03AB10022D1
S31508003A0004E0074A4FF08071916102221A607047FC
S31508003A10034A4FF480719161F1E700BF0022002448
S30908003A20000002583A
S31508003A24402307B58DF80730FDF720FFFDF760FF43
S31508003A340020FEF739F8002206201146FEF714F88E
S31508003A4401210DF107020846FEF7C4F83220FDF7F6
S31108003A54F7FFFEF7EBF803B05DF804FB83
S31508003A6008B572B6FDF7CEFFFEF7E2F862B608BDF6
S31508003A70024B00221B681A65704700BF7475002444
S31508003A800028034A034B126808BF002313657047D2
S30D08003A9074750024B9A3624D08
S31508003A98F0B5002389B00D4607464868009302F03A
S31508003AA87FFC6A466968674802F026FB009C06465A
S31508003AB82CB1654800F0E4F8002009B0F0BD0228EA
S31508003AC861D0032800F098800128F5D114222146F0
S31508003AD803A8019406F004FF082F029401D05B4856
S31508003AE8E8E702AB63222146A86802F029FB02AB85
S31508003AF80C2231468DF80700E86802F021FB02AB74
S31508003B081F2231468DF80500286902F019FB07239C
S31508003B18172221468DF806008DF8043002AB68692D
S31508003B2802F00EFB02AB3B2221468DF80C00A86971
S31508003B3802F006FB3B228DF80D0002AB2146E86928
S31508003B4802F0FEFA029A8DF80E0004948DF80F40DA
S31508003B58CDE906440AB13E48ACE701A93D4800F05C
S31508003B689BF810B1029B01330293002203A9394836
S31508003B7800F08EF810B1029B01330293029B002BCA
S31508003B88E9D1354896E71422214603A8029406F097
S31508003B98A7FE324B1B680BB931488BE7314B02A994
S31508003BA82C4893F826208DF80B2093F827208DF8B3
S31508003BB8092093F828208DF80A2007228DF808206E
S31508003BC893F829208DF80C2093F82A2093F82B309F
S31508003BD88DF80D2022468DF80E3000F05DF8054662
S31508003BE8224603A91B4800F053F80543EDB20DB168
S31508003BF81D485FE71D485DE72146142203A802947D
S31508003C0806F06EFE224603A9124800F035F8224649
S31508003C1802A9104800F038F89DF80B309DF80A20DC
S31508003C289DF8091003F5FA63114800F029F89DF87C
S31508003C380E309DF80D209DF80C100E4800F020F85F
S31508003C483AE700BF5C020024B7C00290DDC00290C4
S31508003C58FBC00290747500242AC10290342C0024F3
S31508003C6839C10290362100245CC102907AC10290BB
S31508003C7895C10290A5C102905FF800F0F74302903B
S31508003C885FF800F0596C02905FF800F03D44029026
S31508003C985FF800F08B4202905FF800F04F430290FD
S31508003CA838B54FF48033064D14468AB2AB610146DF
S31508003CB80A23044800F008F80CB90123AB6138BD9B
S31508003CC8000C0258647400245FF800F0B5470290A7
S31508003CD82DE9F347002406464FF00109DFF868A0E6
S31508003CE8019425468DF8034000F03AF8DFF85C8021
S31508003CF800F1320700F034F8B84200D845B101346B
S31508003D08642000F029F8042C1CDDCEB9012500240E
S31508003D180122052301A811468DF80430FFF7C0FFD4
S31508003D280A2301220DF10301504600F011F8C8F8DC
S31508003D3818909DF80330DB07DCD402B0BDE8F0879D
S31508003D48B047E3E70125E3E764740024000C02584A
S31508003D585FF800F0E94902905FF800F05105019014
S30D08003D685FF800F091DA019002
S31508003D7030B5002485B066230121224603A80394A2
S31508003D80ADF808408DF80C30FFF78EFF99232246D0
S31508003D90012103A88DF80C30FFF786FF01200124C6
S31508003DA000F056F890230122042103A88DF80C3060
S31508003DB0FFF77AFF0A23022202A91B4800F044F8FB
S31508003DC01A4B1B4D22469C6103219DF8093001932D
S31508003DD09DF808300093174B287B02F05DFC9DF890
S31508003DE00830C22B18D19DF80930287B152B08D12D
S31508003DF0114B2246022102F04FFC104B1C6005B005
S31508003E0030BD182B08D10E4B2246022102F044FC85
S31508003E100A4B02221A60F2E701220A4B287B114656
S31508003E2002F03AFCEBE700BF64740024000C025869
S31508003E307D29002478C202909CC20290282700247B
S31508003E40B6C20290D1C202905FF800F0E94902902A
S30D08003E505FF800F09DDA01900D
S31508003E582DE9FF41DFF8B080002600910546274B7B
S31508003E680C4617460321012298F80C0002968DF88D
S31508003E780C6002F00DFC06233246012102A88DF8D3
S31508003E880830FFF70DFF8DBB1D48C4F30743C4F37D
S31508003E980721E2B20068012819D1202264BA042150
S31508003EA88DF809308DF808202A46ADF80A4002A888
S31508003EB8FFF7F6FE3846FFF70BFF124B01220321E0
S31508003EC898F80C0002F0E4FB04B0BDE8F081212064
S31508003ED8E40D8DF80B1005218DF80C202A468DF86F
S31508003EE808008DF809408DF80A30E0E7012DE1D180
S31508003EF86023324629468DF80830D8E7F6C202907C
S31108003F08282700240DC302907D29002400
S31508003F187FB5002306462248154602930C468DF8B7
S31508003F280C30204BCDE9001201220321007B02F058
S31508003F38AFFBB5F5803F00D3FEE71B4AC4F307433A
S31508003F48C4F30720E1B21268012A1AD1032164BA18
S31508003F588DF809308DF808100421ADF80A4002A832
S31508003F68124CFFF79DFE3146AAB2104800F024F815
S31508003F78204600F025F80128FAD10D4B986104B0BF
S31508003F8870BD1322240E8DF80C1005218DF8082013
S31508003F9801228DF809408DF80A308DF80B00DEE706
S31508003FA87D29002421C3029028270024647400244C
S31508003FB8000C0258000000005FF800F0C14E02909D
S30D08003FC85FF800F0F5520290C3
S31508003FD02DE9F04FDFF8E49085B04FF00008DFF8E0
S31508003FE0E0A0DFF8E0B007460C461646304BCDE9B0
S31508003FF000120122032199F80C0002F04DFBB0458E
S3150800400009D32C4B0122032199F80C0005B0BDE811
S31508004010F04F02F041BB24F0FF05A6EB080300228F
S3150800402001212D1B02A8029205F580758DF80C203A
S315080040309D4228BF1D4606238DF80830FFF734FE3B
S315080040401D4AC4F30743C4F30720E1B21268012AE4
S315080040501ED102218DF8093063BA8DF808100421A3
S31508004060ADF80A3002A8FFF71FFE3946AAB2504635
S3150800407000F02AF8504600F02BF80128FAD1CBF8C0
S31508004080180000202C44A8442F44FFF725FEB6E765
S3150800409012228DF80C108DF80A3005218DF80820AB
S315080040A0220E8DF80B008DF809200122DAE700BFF1
S315080040B03FC302905DC30290282700247D2900246F
S315080040C064740024000C02585FF800F05D4D0290FD
S30D080040D05FF800F0F5520290BA
S315080040D8F0B5074685B0124800260C461546114B1A
S315080040E80396CDE9001201220321007B02F0D0FADB
S315080040F8B123324603A801218DF80C30FFF7D0FD0D
S315080041082A4621463846FFF703FFC12332460121CE
S3150800411803A88DF80C30FFF7C3FD05B0F0BD00BF46
S30D080041287D29002471C30290F1
S31508004130F7B50024B12305460E46174601A82246C0
S31508004140012101948DF80430FFF7AEFD3A46314659
S315080041502846FFF73DFFC1232246012101A88DF815
S30F080041600430FFF7A1FD03B0F0BD1F
S315080041702DE9FF41324D0026324B01220321287BCF
S315080041808DF80E604FF02B088DF80F6002F084FA58
S31508004190012201240DF10E002B4F11468DF80E80D9
S315080041A0FFF782FD0DF10F010A230122274800F0CF
S315080041B057F8BC619DF80F30224603210093244B23
S315080041C0287B02F069FA0623324621460DF10E00D5
S315080041D08DF80E30FFF768FD2F23324621460DF184
S315080041E00E008DF80E30FFF75FFD052000F03CF855
S315080041F0224621460DF10E008DF80E80FFF754FD7C
S3150800420022460DF10F010A23104800F029F8BC6177
S315080042109DF80F302246032100930E4B287B02F0AF
S315080042203BFA9DF80F302246032113F0020F287B34
S3150800423014BF094B094B02F02FFA04B0BDE8F08110
S315080042407D29002492C30290000C0258647400244D
S31508004250A9C30290CDC30290F0C3029003C4029092
S315080042605FF800F0E94902905FF800F05105019007
S3150800427001EB410152F821200146014800F004B83B
S3150800428054070390000000005FF800F0596C029094
S31508004290CBB207B50193C1F307230A0E0093C1F306
S315080042A007430146024800F007F803B05DF804FB2F
S315080042B015C70290000000005FF800F0596C0290E4
S315080042C02DE9F04F002389B00C464868079302F0A1
S315080042D06BF807AA6168A74801F012FF079B33B17C
S315080042E0A54800F029FB002009B0BDE8F08F1E287C
S315080042F0DFF80C9318BF054600F1010006BF1E2320
S31508004300012503460593059B9D42ECDAD9F8006022
S315080043104EB9A5F10903012B05D83546974800F093
S315080043200BFB0135EFE76B1E1C2BFAD8DFE813F001
S315080043301D00230027002B0063006F002F00670075
S3150800434077007B0081006C01B7015800A401AA011F
S31508004350AF01B301B901BF01C50114027E001802FD
S315080043602602540060005D007A02854B854819686C
S31508004370FFF78EFFD5E7824B83485968F8E7804BED
S3150800438082489968F4E77E4B8148D968F0E77C4E05
S31508004390804800F0D1FA31687F48FFF779FF7168E5
S315080043A07E48FFF775FFB1687D48FFF771FFF16832
S315080043B07C48FFF76DFF7C4A96F82F107B48FFF77D
S315080043C057FF96F82F30012B02D1794800F0B4FA3E
S315080043D0784800F0B1FAA4E7694B77485969C7E706
S315080043E0674B76499A6976480EE005F01DF898E716
S315080043F0FDF72AFE95E7624B72491A69F3E7604BA7
S315080044007148998B1A7F090A00F096FA89E75C4B7E
S31508004410654A93F82F106D48FFF72AFF81E76C4A23
S315080044206C496D48F0E76D4A6D49FAE76D4A6E4981
S31508004430F7E7DFF8D0A14FF00C086C4F9AF8003078
S315080044406B4E08FB03F36B483168FA5800F074FAB0
S315080044509AF80130F16808FB03F36648FA5800F049
S315080044606BFA9AF80230B16908FB03F36148FA5807
S3150800447000F062FA9AF80330716A08FB03F35D48A4
S31508004480FA5800F059FA9AF80430316B08FB03F32E
S315080044905848FA5800F050FA9AF80530F16B08FBBC
S315080044A003F35448FA5800F047FA9AF80630B16C04
S315080044B008FB03F34F48FA5800F03EFA9AF807301B
S315080044C0716D08FB03F34B48FA5800F035FA9AF871
S315080044D00830316E08FB03F34648FA5800F02CFA08
S315080044E09AF80930F16E08FB03F34248FA5800F0CF
S315080044F023FA9AF80A30B16F08FB03F33D48FA58D5
S3150800450000F01AFA9AF80B30D6F8841008FB03F371
S315080045103848FA5800F010FA9AF80C30D6F8901085
S3150800452008FB03F33348FA5800F006FA9AF80D30F8
S31508004530D6F89C1008FB03F32E48FA5800F0FCF94D
S315080045409AF80E30D6F8A81008FB03F32948FA584B
S3150800455000F0F2F99AF80F30D6F8B41008FB03F316
S315080045602448FA5800F0E8F9234800F0E5F923480A
S315080045702FE700BF9804002425C70290DFAB0290FE
S315080045809029002451C7029064C7029073C702900D
S3150800459086C7029092C70290D2C70290F0C70290CF
S315080045A00EC802902CC80290A40600244AC802909D
S315080045B069C802909CC80290D0C80290E6C80290CA
S315080045C0FEC8029005C902901BC902904DC8029008
S315080045D0C42900243FC9029054070390D429002413
S315080045E055C90290E42900246AC902909003002460
S315080045F0CC03002481C902908AC90290BCC90290E2
S315080046008C1900247D290024994800F095F99948C9
S3150800461000F092F9984800F08FF9984800F08CF964
S31508004620974800F089F9974800F086F9914800F014
S3150800463083F9954800F080F9944800F07DF994488C
S3150800464000F07AF9934800F077F9934800F074F986
S31508004650924800F071F9924800F06EF9914800F01E
S315080046606BF9844800F068F98F4800F065F98F48BF
S3150800467000F062F97F48ACE68D4B8E4A93F831100C
S315080046808D48C9E68D4B8E4A19788E48C4E6884B04
S315080046908D49DA8BA7E6864B8C491A8CA3E68C489B
S315080046A097E6834B8B4A93F832108B48B4E6804BD7
S315080046B08A4A93F833108A48AEE6DFF8F4A140F642
S315080046C06B2688484FF0640800F036F9864800F0F3
S315080046D033F94FF4A571BAF822B040F23452BAF859
S315080046E024704FF47A7301FB0BFB80484F434FEA63
S315080046F02B3B3F1302FB0BFB5743BBFBF3FBB7FB01
S31508004700F3F700F019F97A4800F016F906FB0BF3EF
S315080047107E437848B3FBF8F3A3F55053153BBBFB30
S31508004720F8F293FBF8F3009308FB12B3BAF82210D9
S3150800473000F002F97048B6FBF8F6A6F55056153E95
S31508004740B7FBF8F296FBF8F608FB12730096BAF870
S31508004750241000F0F1F8E4E5554B6849DA8C42E696
S31508004760674F0026DFF8C4813146013617F8012B5A
S31508004770404600F0E1F8082EF6D1D2E500F0E0F860
S315080047804FF47A720646DFF8A8A1DFF8A881B0FBD5
S31508004790F2F102FB11025B4800F0CEF80022174640
S315080047A0DAF80030A3EB070B0BF11F0BDBF1000364
S315080047B00BF01F0B03F01F0358BFC3F1000B0C23AC
S315080047C003FB0B835B682BB32AB94F4800F0B4F898
S315080047D04E4800F0B1F80C234FF47A7203FB0BFB3A
S315080047E058F80BC008EB0B0EA6EB0C00DEF808B069
S315080047F0B0FBF2F3BCFBF2F102FB130002FB11C2A1
S31508004800CDE902BBDEF8044000900194404800F070
S3150800481093F801220137202FC2D10AB93D48D8E5BD
S315080048203D48D6E54FF0000B3C4E0627DFF8F8A0CA
S31508004830D84616F8012B72B10BF1010B41463848E0
S3150800484000F07AF89BFBF7F307FB13B3052B02D1AD
S31508004850504600F071F808F10108B8F1200FE8D1C8
S31508004860BBF1000F01D12F48B3E52F48B1E500BFD2
S31508004870F4C9029073D0029008CA029017CA02902F
S3150800488026CA029048CA029068CA029076CA02905E
S3150800489086CA029096CA0290A4CA0290B3CA029027
S315080048A0C2CA0290D1CA0290E0CA0290F6CA029021
S315080048B090290024C80600240CCB02906C290024F9
S315080048C00C03002422CB029037CB029048CB0290EF
S315080048D063CB02905C0600247CCB02902006002461
S315080048E08CCB029099CB0290D5CB02900FCC02903C
S315080048F025CC02903BCC029053CC02906BCC029014
S315080049007529002497CC0290BDCC0290F8CC029071
S3150800491033CD02905BCD029067CD029000008038BF
S31508004920AFCD0290BECD029008D4029083CC0290FF
S31508004930E8270024EC2700245FF800F0596C029061
S30D080049405FF800F091DA01901E
S3150800494830B585B000230446084603A915460393DF
S3150800495800F026F820B90D4800F01EF805B030BD5D
S31508004968039800F021F82860C3B22146020E019385
S31508004978C0F307230093C0F30743054800F00CF873
S31508004988044B012283F83020E8E700BFDFCD029008
S31508004998F3CD0290902900245FF800F0596C029034
S315080049A85FF800F0EDCD01905FF800F09B4E01909E
S315080049B873B514461D46002306462A46084601933B
S315080049C8214601AB01F0BCFB019B024633B12A46DE
S315080049D82146084800F014F802B070BD069B314617
S315080049E81860054800F00CF8044B012283F83020BB
S315080049F8F2E700BF07CE02903BCE0290902900242A
S30D08004A085FF800F0596C0290FA
S31508004A10F0B51E4685B000231546124C074603938B
S31508004A200623084604FB06F2009303AB04FB05F1D4
S31508004A3001F0B6FB039B33B1324629460A4800F01B
S31508004A401BF805B0F0BD90FBF4F20A9B39461860D6
S31508004A5004FB1203054800F00FF8054B012283F802
S31508004A603020EEE740420F0007CE029046CE029075
S31508004A7090290024000000005FF800F0596C0290AD
S31508004A802DE9F7431D468846002407460846914601
S31508004A900A9E019401F088FC01AA4146284601F0C5
S31508004AA02FFB019B93B10C3D114E124800F02CF8D8
S31508004AB0033455F8241029B90F4800F025F803B037
S31508004AC0BDE8F083304600F01FF8F1E742B289F8F6
S31508004AD000003946094802EB420255F8222000F048
S31508004AE013F8002EEBD0064B012283F83020E6E7B8
S31508004AF07ECE029057CE029008D4029082CE0290C3
S31508004B0090290024000000005FF800F0596C02901C
S31508004B10002373B5044616460B4801AA01930D46B1
S31508004B2001F0EEFA019B23B1084800F015F802B02F
S31508004B3070BD2A4630702146054800F00DF8054B31
S31508004B40012283F83020F2E7EC0600248DCE02908D
S31508004B5082CE0290902900245FF800F0596C0290EA
S31508004B60014800F005B800BFCFCE02900000000053
S30D08004B705FF800F0596C029091
S31508004B78F8B5074615461E460C4619B10846FBF70A
S31508004B88BDFB20B90D48BDE8F84000F021B8B04291
S31508004B9801DB0B48F7E732460021284605F0A0FE58
S31508004BA82146284606F01FFD22463946054800F0E4
S31508004BB80FF8054B012283F83020F8BDF8CE02908D
S31508004BC80BCF029082CE02909029002400000000A4
S30D08004BD85FF800F0596C029029
S31508004BE02DE9F047002392B00C4605464868CDE902
S31508004BF0033301F0D9FB03AA6168964801F080FAED
S31508004C00039B1BB1944800F0D7FB52E0022D07DC4A
S31508004C101E2803D8914BC340DA0701D49048F2E71F
S31508004C20904B1B682BB9A0F10903012B01D88E48BC
S31508004C30E9E701381D283CD8DFE810F01E002B00F4
S31508004C402F0033005D00EB0039003900F400FB004B
S31508004C5005013900BF014300B801F401FD010C024A
S31508004C601B02220256021203000131034E033F00C3
S31508004C70580053005D0339007C4AA1687C48FFF759
S31508004C8063FE7C4800F098FB7B4800F095FB7B4868
S31508004C90B9E77B4AA1687B48F1E77B4AA1687B486C
S31508004CA0EDE77B4AA1687B48FFF74EFE01E0FFF778
S31508004CB057FF002012B0BDE8F087774AA168774809
S31508004CC0F2E76A4D4FF416627548AB69049304AB74
S31508004CD000934FF4E133A168FFF76EFE049BAB61C6
S31508004CE0CFE72146284604F0C7FAE2E721462846D8
S31508004CF0FDF796F8DDE70023032D05930893ADF835
S31508004D00243007D1A1686748FBF7F2FA10B9FFF714
S31508004D102FFACEE7554B1B69013301D0624872E77B
S31508004D20052D01D061486EE7002205ABA068114643
S31508004D3001F00AFA05ABFF2200210546E06801F0FA
S31508004D4003FA05AB074663220021206901F0FCF946
S31508004D50059B06460BB1564855E703463A4629468B
S31508004D60544800F029FB544800F026FB534800F04D
S31508004D7023FB534800F020FB524800F01DFB062198
S31508004D8008A800F00DFB042841D14F4908A8FBF7F5
S31508004D90AFFA0446002838D14C4800F00DFB06A9A6
S31508004DA02B0E4B48CDE906444A4C23702B0CE57074
S31508004DB063702B0AA772A370E67200F0F9FA05462B
S31508004DC007A9434800F0F4FA284310F0FF0104D07D
S31508004DD0414800F0F1FA414815E7069A2046130EB5
S31508004DE0E27123F0030343F002032371130C63718A
S31508004DF0130AA371079B1A0E1B0C22720C226372EC
S31508004E00FFF796F9FFF7B4F9E5E73548FBE63548C5
S31508004E10F9E60123344A35480093354BA168FFF774
S31508004E202FFE2EE71023334AA1683348FFF7A4FE66
S31508004E303FE71023314AA1683148F7E71023314A82
S31508004E40A1683148F2E70023042D089360D02F4863
S31508004E50D9E600BF980400241CCF0290C081616285
S31508004E6047CF02908C190024DFAB029090290024CA
S31508004E7051C7029029AD02906BAD02909BAD02908E
S31508004E809429002464C702909829002473C70290C5
S31508004E909C29002486C70290A42900246ACF029080
S31508004EA07FCF02908ECF0290CFCE029093CF029002
S31508004EB0E9CF0290FCCF02902ED002905AD00290F1
S31508004EC089D00290CCD0029026A70290F5D0029005
S31508004ED0987500240CDA003009D1029039D1029075
S31508004EE02AA702903DA70290BF29002465D1029007
S31508004EF0A4060024C42900243FC90290D42900240A
S31508004F0055C90290E42900246AC9029081D1029009
S31508004F1008AAA1685E4801F0F3F808AA0546E16800
S31508004F205C4801F0EDF8089A03460AB15A486AE661
S31508004F30681E0F283FF6BDAEDFE800F0080B0E111D
S31508004F4014171A1D202326292C2F3235534A13707D
S31508004F50AFE6524A5370ACE6504A9370A9E64F4AF8
S31508004F60D370A6E64D4A1371A3E64C4A5371A0E6E0
S31508004F704A4A93719DE6494AD3719AE6474A13729B
S31508004F8097E6464A537294E6444A937291E6434A30
S31508004F90D3728EE6414A13738BE6404A537388E60A
S31508004FA03E4A937385E63D4AD37382E601233C4A1B
S31508004FB03C4800933C4BA16831E70023032D089336
S31508004FC003D03A4800F0F8F95BE6A06801F0ECF97E
S31508004FD008AAA168364801F093F8089B002BF0D17F
S31508004FE0344C90B1012817D00C2294F8313030494E
S31508004FF0504353432C4A0958D3582F48A26900F006
S31508005000DBF9012384F830303BE64FF4E133A36142
S31508005010012384F83130E7E74FF4165384F831005A
S31508005020A361E1E70023254A25480093254BA1689B
S31508005030FFF726FD3DE61F4D01222348EB8B04931F
S3150800504004AB00934FF6FF73A168FFF7B5FC049B0A
S31508005050EB8316E6174D01221C482B8C049304ABF0
S3150800506000934FF47A73A168FFF7A6FC049B2B8480
S315080050701FE60123164A17480093174BA168D7E77E
S315080050800123164A16480093164BA168D0E700BFBD
S31508005090CC03002490030024CDD102907D2900245E
S315080050A0C12900240CCB0290C806002405D2029020
S315080050B0E8020024902900242FD202906C290024AB
S315080050C022CB02900C03002437CB029058D20290D0
S315080050D0C229002473D202905C060024C329002446
S315080050E08CCB0290200600242822002108A8884E8E
S315080050F005F0FAFB01238748336000F05DF986481E
S3150800510000F05AF9854800F057F9854800F054F937
S31508005110844800F051F9844800F04EF900F044F94B
S3150800512000F052F90028FBD04FF6FF744FF0000844
S315080051307E4F00F039F9254628222E2108A805F0C9
S31508005140D3FB7C237A4A8DF820308DF841303B69B1
S315080051508DF84280774893FBF2F301335322202BD4
S31508005160A8BF2023012BB8BF012348336B4403F89B
S31508005170282C00230122042A08BF052257F82210EA
S31508005180013291FBF0F1102A0B44F4D1002B4FF0B9
S315080051904E024FF00000B8BF03339B100133202B9B
S315080051A0A8BF2023012BB8BF012348336B4403F85B
S315080051B0282C00F005F9604B81461B5C03F00303BD
S315080051C0012B08BF00F120090020FBF7BDFD08A947
S315080051D002468246594800F0EFF8B9F1710F1ED120
S315080051E05446574800F0E8F8A9F17803D3F10009C6
S315080051F049EB03094FEA4909C82000F0CDF8B9F18F
S31508005200000F99D0B9F1010F07D1A54218D34D481F
S3150800521000F0D2F84C4800F0CFF84C4819E0B9F144
S31508005220610F04D14A48554600F0C6F8DCE74948FC
S3150800523000F0C2F8B9F1730FD6D14FF00109DBE7D8
S31508005240454B46485D849C8483F8309000F0B4F85A
S31508005250434800F0B1F8FBF7AFFC0023336028E5BC
S315080052600021022D08910AD13E4B19883A4C3E4836
S31508005270E18400F0A1F8012384F8303019E5032D04
S315080052800BD108AB4FF6FF72A06800F05DFF089BD4
S315080052900146002BEAD03548B5E43548B3E4002684
S315080052A0042D089604D00821324800F085F800E558
S315080052B008AB07223146A06800F046FF08AB054652
S315080052C0FF223146E06800F03FFF089B0BB12A48F1
S315080052D099E42A4B5855ECE4022D02D0284800F0F0
S315080052E06BF8284A20230021013B516002F10C0289
S315080052F0FAD1254887E4022D02D0214800F05CF84F
S3150800530020220021214805F0EFFA21487BE400BF5E
S31508005310202700247ED20290BDD202900ED302909E
S3150800532042D3029098D30290CDD3029094260024BB
S31508005330801A0600400D0300656C04900AD402909A
S3150800534011D4029044D402907BD40290A4D4029043
S315080053502DD4029008D4029090290024C6D4029035
S31508005360E9D402905C0900241ED5029040D502902B
S3150800537073D50290B1D50290EBD502907529002419
S3150800538020D60290EC27002441D6029000008038EF
S3150800539069D60290000000005FF800F05105019000
S315080053A05FF800F0896D02905FF800F0FD6A0290E0
S315080053B05FF800F0B94002905FF800F0596C02906F
S315080053C05FF800F0556B02905FF800F03D6B0290B5
S315080053D0002313B50C4601AA01461048019300F0B4
S315080053E08FFE019BBBB934B90D4B53F8200000F072
S315080053F01FF802B010BD1C2803D1204604F098F807
S31508005400F7E71B2803D12046FCF7D2FEF1E705484B
S3150800541000F012F8EDE70448FAE700BF9804002404
S31508005420A449039090D60290B4D6029000000000DA
S315080054305FF800F0A56C02905FF800F0596C0290D6
S3150800544007B50A4A135CFF2B1CBF0133135449B92D
S31508005450135C0122CDE9000305481146054B407847
S3150800546001F01AF903B05DF804FB00BF00008038AC
S30D080054707D290024F4D6029000
S3150800547870B50B4D0C230B4E2C685C433319C3E9E6
S31508005488010100F011F82B68305101335A4203F034
S315080054981F0302F01F0258BF53422B6070BD00BF9E
S315080054A8E8270024EC2700245FF800F091DA019039
S315080054B82DE9F041A4B00C46054600210DF108086F
S315080054C8174687221E46404605F00AFA0196A3B2F1
S315080054D80222A0200093144B2988FEF731F8BEB1A2
S315080054E8019401222B680321104E0093104BB079C2
S315080054F801F0CEF82B2322460B49404601F08CF9D9
S31508005508CDF800800B4B00220321B07901F0C0F8D2
S3150800551822460549384606F06EF82B6823442B6060
S3150800552824B0BDE8F08100BF2CDA00307D290024BC
S30D08005538ADF0029010C50290C7
S315080055402DE9F04F9FB0002506462B2205AC2946CB
S315080055500495204605F0C8F933462246042104A8D6
S31508005560FFF7AAFF884B059A9A427ED1874F3822C1
S31508005570002110A84FF0040805F0B6F9049D3B4633
S315080055800222A9B2A0200196CDF80080FDF7DCFF23
S31508005590CEB17F4801227F4B0321CDE9005880799F
S315080055A001F07AF80DF1400C43464246394660460A
S315080055B001F036F910AB7648002200930321764BAA
S315080055C0807901F069F8BB780435FA7803F1FF3978
S315080055D0023B97F800A0282B97F801808DF8142035
S315080055E0049561D81FFA89F30222A9B2A020009374
S315080055F03B460196FDF7A8FFD6B1DFF894B1012224
S31508005600664B03210095CDE901899BF8060001F058
S3150800561043F80F234A465D4910A801F001F910AB7B
S315080056200022032100935C4B9BF8060001F034F836
S315080056304D444A4639460DF1150005F0E0FF04953C
S31508005640BAF1000F38D108F1FF33162B3BD8DFE843
S3150800565003F03F43474B3A576D73535D63683A3AD5
S31508005660777D754F3A3A83888D00049516B14C4874
S3150800567000F0A2F84B4C0C2200212046FEF72CFD28
S31508005680494B62680498C3F829202289A3F82D207B
S31508005690226812BA1A61628952BA9A83002283F87A
S315080056A030201FB0BDE8F08FB9F1000FC8D0BAF1AD
S315080056B0000FDFD04FF0FF08BAF1010F5BD121468A
S315080056C0404603F037FDB8F1FF0F7FF450AFD1E73E
S315080056D0354B059A1A604AE7334B059A5A6046E7EE
S315080056E0314B059A9A6042E72F4B059ADA603EE7F6
S315080056F02D4B059A5A613AE72B4B059A9A6136E77C
S315080057009DF81420284B83F82F2030E79DF81420A5
S31508005710254B83F831202AE7234BBDF81420DA837A
S3150800572025E7214BBDF814201A8420E71F4D94E87D
S315080057300F0085E80F001AE71D4DF8E71D4DF6E73F
S315080057409DF81420184B83F8322010E79DF8142092
S31508005750154B83F833200AE7134BBDF814205A84F7
S3150800576005E7114BBDF814209A8400E70E4BBDF8E7
S315080057701420DA84FBE6BAF1020FA4D1214640468A
S31508005780FCF79AFA9FE700BFEFBEADBA2CDA0030F5
S315080057907D290024D8F0029010C50290ECF0029002
S315080057A0C1F002901CDA003090290024C429002494
S315080057B0D4290024E42900245FF800F0596C0290EB
S315080057C02DE9F04FA5B0DFF89480DFF894A00546E0
S315080057D00DF10809DFF88CB00F461646002187221E
S315080057E0484605F081F805F01F0439464046C4F1DD
S315080057F02004B44228BF34462246361B05F0FFFE75
S315080058005B46012203212744CDE900549AF8060095
S3150800581000F042FF082322464146484601F000F8B8
S315080058200D4B00220321CDF800909AF8060000F0EF
S3150800583033FF0123A9B202220193A3B2A020254473
S3150800584000934346FDF740FE0A2000F00DF8002EAF
S31508005850C9DC25B0BDE8F08F10C502902CDA0030FF
S315080058607D29002403F102905FF800F051050190AC
S3150800587030B58DB00D4604462B22002101A805F04F
S3150800588033F8002D4FF00402074B18BF4FF0FF33D3
S3150800589020680DEB02010193FFF792FF236804339A
S311080058A023600DB030BD00BFEFBEADBAEE
S315080058B070B50020FFF744FE054600283ED1294C66
S315080058C06FF0FF03284A0126284984F8280004F1C6
S315080058D0340084F82F60C4E90023254BC4E9023359
S315080058E003F55B43C73363614FF4E133A361214B8F
S315080058F023634FF4FA63E3831F4BC4E908131F4974
S3150800590005F075FE1E4904F1440005F070FE1022EC
S31508005910294604F1540004F0E7FF03F0E1FBFCF725
S3150800592097F984F8286005F0010103200135FDF791
S3150800593007FB642000F028F80B2DF4D1114B022246
S315080059401A7001225A709A70DA701A715A719A711D
S31508005950DA711A725A729A72DA721A735A739A73D7
S31508005960DA7370BD90290024E202A8C064006701BA
S315080059700102A8C0010101008003008017F102900E
S3150800598020F102907D2900245FF800F09DDA01904D
S3150800599007B50023022101A80193FFF769FF03B0A9
S309080059A05DF804FBA1
S315080059A42DE9F0418CB01E4604468846129D1746DA
S315080059B400212B2201A804F095FF2A4631460DF151
S315080059C407008DF804808DF805708DF8065005F0EB
S315080059D414FEEA1C01A92068FFF7F0FE23680333C6
S30F080059E42B4423600CB0BDE8F081E7
S315080059EEF0B58DB004460F46164600212B2201A8A7
S315080059FE1D4604F072FF0423072201A98DF806300E
S31508005A0E2B682068CDF807308DF804708DF8056080
S31308005A1EFFF7CFFE2368073323600DB0F0BDF7
S31508005A2CF0B58DB004460F46164600212B2201A868
S31508005A3C1D4604F053FF0223052201A98DF80630F2
S31508005A4C2B882068ADF807308DF804708DF8056042
S31308005A5CFFF7B0FE2368053323600DB0F0BDDA
S31508005A6AF0B58DB004460F46164600212B2201A82A
S31508005A7A1D4604F034FF0123042220688DF80630F7
S31508005A8A2B780DEB02018DF804708DF807308DF826
S31508005A9A0560FFF790FE2368043323600DB0F0BD56
S31508005AB0F0B5002397B00D4606464868029300F0F5
S31508005AC073FC02AA69689D4800F01AFB029C03460B
S31508005AD02CB19B4800F050F9002017B0F0BD032EFA
S31508005AE003F1FF330CBFA8682046042B10D8DFE863
S31508005AF003F003ACB1B4B700924B00240C93924B5D
S31508005B0005941B68089443B9904800F035F9059C3C
S31508005B1021468F4800F030F9DEE78E4D022105A8B0
S31508005B201026FFF7A5FE2B460122214605A8FFF7FA
S31508005B305EFF2B1D0222214605A8FFF758FF05F137
S31508005B4008030322214605A8FFF751FF05F10C03B8
S31508005B500422214605A8FFF74AFF05F1140312227D
S31508005B60214605A8FFF743FF05F118030922214638
S31508005B7005A8FFF73CFF05F12F030622214605A8D5
S31508005B80FFF773FF05F131030A22214605A8FFF73F
S31508005B906CFF05F11E030B22214605A8FFF746FFF9
S31508005BA005F120030C22214605A8FFF73FFF05F162
S31508005BB034030722214605A80096FFF7F3FE05F1F0
S31508005BC044030822214605A80096FFF7EBFE05F1D7
S31508005BD054031122214605A80096FFF7E3FE05F1B6
S31508005BE032030F22214605A8FFF73FFF05F13303CD
S31508005BF03246214605A8FFF738FF05F1220315228C
S31508005C00214605A8FFF712FF05F1240316222146AF
S31508005C1005A8FFF70BFF05F126031722214605A85D
S31508005C20FFF704FF05A803F0D1FA05A8FCF7A2F8C8
S31508005C300CABFF22214605A8FFF7D9FE214608A886
S31508005C40FFF716FE85F8304061E70120FFF778FC7C
S31508005C5004465DE7FBF704FAFAE7FBF701F9F7E70D
S31508005C601022002108A804F03FFE002128220CA8D3
S31508005C7004F03AFE344B00211B68ADF81C10CDE940
S31508005C800511CDE903111BB9334800F075F83FE754
S31508005C90042E20D104AB4FF40052A86800F054FA41
S31508005CA004AB014606464FF40052E86800F04CFA89
S31508005CB0049B054633B1294800F05EF8049B002B87
S31508005CC07FF426AF264C274F0396039BAB4209D990
S31508005CD00135AC1B1CE7022E01D02348D5E7FF256A
S31508005CE00E46EFE7012308AA082103A8FFF7E4FBFD
S31508005CF0039A00212046083A00F03EF8082308A92E
S31508005D000CA81A4600F08CFD08A805A9002210F870
S31508005D10013B0132A3F1200CBCF15E0F88BF2E2394
S31508005D20082A01F8013BF2D105AA0CA9384600F069
S31508005D3023F8322000F01CF8C7E700BF2807002424
S31508005D4025F10290EFBEADBA8C19002404A4029086
S31508005D50D6F102909029002455F102907BF1029029
S31508005D60B6F10290CBF1029094F102900000000087
S31508005D705FF800F0510501905FF800F0596C029049
S31508005D800023012837B505460C4600931AD1324C34
S31508005D90637A43B9314800F07BF8314800F078F867
S31508005DA0002003B030BD2F4800F072F8217A2E4843
S31508005DB000F06EF8616864232C48B1FBF3F100F03B
S31508005DC067F8EAE7486800F0EFFA61686A46284823
S31508005DD000F096F9009909B12648DFE7022807D0AE
S31508005DE003281DD00128DBD11B4B23485972D5E760
S31508005DF0032DA068019103D0012301931F48CDE725
S31508005E0001AB642200F0A0F9019B002BF6D1124CDD
S31508005E10C1B220721A4800F03BF801236372BFE74B
S31508005E20032DA068019103D0012301931548B5E716
S31508005E3001AB4FF47A62012100F086F9019B002B31
S31508005E40F4D16421044B4843B0FBF1F158600E4885
S31508005E5000F01EF8A4E700BFDC080024E3FD02906A
S31508005E604DFE02900EFE029022FE02903DFE02902A
S31508005E707808002484FE0290ABFE0290C0FE0290D1
S31508005E80EDFE02900BFF029028FF02900000000032
S30D08005E905FF800F0596C02905E
S31508005E980023012813B50C46019318D1134B1B6828
S31508005EA8042B12D8DFE803F003090B0D0F0010487E
S31508005EB800F02EF8002002B010BD0E48F8E70E488C
S31508005EC8F6E70E48F4E70E48F2E70E48F0E74868A2
S31508005ED800F066FA01AA61680B4800F00DF9019B03
S31508005EE80BB10A48E4E7014B1860E3E718270024D2
S31508005EF83FFF029051FF029071FF029091FF0290B6
S31508005F08B2FF0290D5FF029030080024E7FF0290FE
S30D08005F185FF800F0596C0290D5
S31508005F20304B9A6910B512B94FF496529A612E4CB5
S31508005F302E4A9B69204622600C2263600023C4E92E
S31508005F40023323616362C4E90523C4E9073300F019
S31508005F5053F808B101F010FE0021234800F058F864
S31508005F6008B101F009FE00211F4800F055F808B1F4
S31508005F7001F002FE1C4800F047F808B101F0FCFDEC
S31508005F8023681B491A68184822F001021A605A68E1
S31508005F9022F07F4242F020625A6001221A620222EF
S31508005FA01A6204221A6208221A624FF400321A622E
S31508005FB04FF480521A621A6842F480421A601A68CC
S31508005FC042F480721A609A6842F001029A604FF4AD
S31508005FD0807200F015F82268136843F00103136015
S31508005FE010BD00BF90290024806F0024004800409F
S31508005FF00CD80030000000005FF800F0076402903B
S315080060005FF800F0616602905FF800F02F67029073
S315080060105FF800F0656702905FF800F0A5670290E8
S3150800602080220249024800F007B800BF8CD9003028
S315080060303C710024000000005FF800F061660290E1
S3150800604001220849084808B500F012F8064802680F
S3150800605052E8003F43F0200342E800310029F6D118
S3150800606008BD00BF88190024A8700024000000009D
S30D080060705FF800F07D6502905F
S315080060780C4B984210B5044601D100F0C1FC0A4BF6
S315080060889C4201D102F0C4FF084B9C4201D100F0A2
S3150800609817F8074B9C4203D1BDE8104000F00CB82E
S315080060A810BD00BF14700024D07100243C71002470
S315080060B8A8700024000000005FF800F03D74029004
S30D080060C85FF800F0258A02903A
S315080060D0074B984210B5044601D102F0A3FF054BC1
S315080060E09C4203D1BDE8104000F006B810BD00BFC1
S315080060F0D0710024A87000245FF800F0B96A0290F5
S315080061002DE9F04100250E46904604462F462168A3
S3150800611099B115B13846BDE8F0813046FAF7E8F886
S3150800612010B9A768012506E0616821B13046FAF77B
S31508006130DFF80028F5D00C34E9E7002DEAD1012371
S30B08006140C8F80030E6E78E
S31508006148F0B504782D2C16D101300126441EDFF847
S3150800615844C000204FF00A0E02E00EFB005030380B
S3150800616814F8015F4DB11CF805707F07F5D40122B4
S3150800617800201A600DE00026E8E706B140421C68D0
S31508006188002CF4D151EA020403D08842EFDB90428E
S30D08006198EDDCF0BD656C049016
S315080061A02DE9F0470478DDF820E02D2C45D10130A3
S315080061B001270024DFF8AC804FF00A0903E009FB49
S315080061C00466A6F13004067884460130002E3FD0D6
S315080061D018F8065015F00405F1D12E2E3CD1844648
S315080061E04FF006090A269CF8000038B118F800A0F6
S315080061F01AF0040F02D0B9F1000F20D1BEF1060F34
S31508006200174E96BF56F82E000020604356F82940D0
S3150800621004FB050007B140429CF8004044B91C68DD
S3150800622034B951EA020406D0884201DB904202DD05
S31508006230012200201A60BDE8F0870027B9E706FBAF
S3150800624005000CF1010C09F1FF39A0F13005CAE788
S315080062504FF006093546D1E74FF00609CEE700BFED
S30D08006260244A0390656C0490C2
S315080062680829F0B507464FF0000027DD1860F0BD8D
S31508006278BC5D1EF8045015F0440C1CD0A4F1300C73
S31508006288BCF10A0F06D905F00305012D08BF20340D
S31508006298A4F1570C0CEB001001368E42E8DB002AF5
S315080062A8E5D121EAE171074C795C615C11F0440F8C
S315080062B818BF1A60DBE7C3F800C0EDE70646DFF843
S30D080062C804E0EAE7656C0490A6
S315080062D002460020F0B50446144F164612F8013B54
S315080062E0FD5C15F0440F13D0092C02D100230B6076
S315080062F013E0A3F130060A2E06D905F00305012D91
S3150800630008BF2033A3F1570606EB00100134E4E773
S3150800631040F20123E340DB07E8D4337823B1FB5C82
S3150800632013F0080308BF0B60F0BD00BF656C04904E
S3150800633038B50446154604F000FB00232C4404F83F
S30908006340013C38BD19
S31508006344034608689842F0B501DB4868F0BD02F1D7
S315080063540050013801EBC00451F83000984219DDA9
S315080063640C46002051F83050A446461C9D4213DCC6
S31508006374A7689F4210DB01EBC600DCF804205B1B10
S315080063844068801A584351F836305B1B90FBF3F08B
S315080063941044DBE76068D9E7904204F10804EADAB6
S309080063A43046DFE7AB
S315080063A820B10138064910F8013F03B97047CA5C9D
S315080063B802F00302012A08BF20330370F3E700BF7F
S309080063C8656C04905E
S315080063CC07B5074B0A0A597002211A700122CDE942
S315080063DC001201469820FDF771F803B05DF804FB2E
S309080063EC50E000303F
S315080063F008B50322012302219820FDF7E5F870B1BC
S31508006400074B01224FF4805140201A60FFF7DEFF48
S31508006410044B3020D98CBDE80840FFF7D7BF08BD2C
S30D08006420AC6400249029002455
S315080064282DE9F0478CB01022002108AF384604F051
S3150800643857FA564B1B68002B50D0DFF89091D9F8BD
S315080064480030002B4AD0524B1B68002B43D0DFF88C
S315080064588081DFF880A1D8F80060DAF80000002EFD
S315080064683FD14C49384605F0BEF83446354603212F
S31508006478D8F80030484A494863B195FBF3FC03FB52
S315080064881C55C2F800C04FF47A7C0CFB05F5B5FB21
S31508006498F3F50560424D2D88CDE905754FF47A75F3
S315080064A894FBF5F404940068039012683D48029238
S315080064B8DAF80020CDE900323B4B0122C07B00F018
S315080064C8E7F8002E5FD1D8F8003001330122C8F862
S315080064D80030364B1A600023C9F800300CB0BDE806
S315080064E8F087334A731E3349002542F82300324C95
S315080064F80B6844F823000133192093FBF0F400FBDA
S3150800650814330B6013462A46964230DC2B4C46F267
S31508006518A81304FB06545C43294B94FBF6F453F87A
S315080065282630A34204DB5B42A34201DC172E23DD97
S315080065384FF47A73664241F22E72302096FBF3F6D0
S31508006548174B1988314489B2914238BF11464EF61D
S31508006558D202914228BF11461980FFF733FF324607
S3150800656818493846012604F0EDF8022180E753F861
S31508006578041B01320D44C7E71349384605F033F8BA
S315080065880026032174E70023A0E700BFAC640024B3
S31508006598342C0024570B0390DC630024D8630024AA
S315080065A85C0900247D290024680B0390A86400244C
S315080065B8E0630024D06300244464002400A69DFDFB
S315080065C8404A03905B0B0390640B03902C2C002421
S30D080065D8D4630024C008002466
S315080065E0034B0360034B0B6080231360704700BFA7
S30D080065F0B0660024B064002423
S315080065F8F8B51A4B1B68F3B1194B1B68DBB1194B75
S31508006608194D1A682B689A42D6BFC3F58061D21A03
S31508006618521882421FDB002203EB0031134E144640
S31508006628134FA04209DC02B12B60124B4FF0FF3220
S31508006638186800F021F80020F8BD16F8012B013477
S31508006648FA5401335A42C3F30903C2F3090258BF7D
S3150800665853420122E5E70320EEE700BF806B0024DA
S315080066687C6B00247067002474670024786700240C
S3150800667872E000308C6B00245FF800F06F07019019
S31108006688014B1860704700BF806B0024AF
S31508006698814208B477B5144636DC1C4B1E6846B1E9
S315080066A81B4B01224FF0FF311A601A4B186800F08D
S315080066B83BF83CB100F03CF817490246174804F085
S315080066C841F80446154D08AB079AC4F580612819A0
S315080066D8019304F0CDF820447EB1FFF789FF0D4BEE
S315080066E80446186800F02CF8094B00221A60204660
S315080066F803B0BDE8704001B0704782B20848662307
S315080067082946006800F018F80024F0E77C6B002496
S31508006718786B0024886B00249D0B03907867002407
S31508006728806B0024000000005FF800F0090601905D
S315080067385FF800F091DA01905FF800F0A76202901E
S30D080067485FF800F05506019008
S3150800675073B50D461446204A002B14BF1946114638
S3150800676085420ADC1D4B1E681D4B1B684BB11D4B31
S315080067704FF0FF32186800F04FF80024204602B0A8
S3150800678070BD2EB1184B4FF0FF31186800F038F87D
S315080067903CB100F031F815490246154803F0D6FF1A
S315080067A00446134D07AB069AC4F580612819019370
S315080067B004F062F820443EB1FFF71EFF0A4B044678
S315080067C0186800F025F8D9E782B20A4866232946F0
S315080067D0006800F019F8D0E7EFBEADBA7C6B00246C
S315080067E0786B00248C6B0024886B00249D0B039027
S315080067F078670024806B00245FF800F091DA019036
S315080068005FF800F0090601905FF800F0A7620290B1
S315080068105FF800F0550601905FF800F06F070190E9
S315080068202DE9F3411E46144600230D460D49074639
S31508006830019303F08BFFB442DFF82C80A8BF3446DF
S315080068402E46731B9C4202DC02B0BDE8F08141462D
S3150800685016F8012B01A803F079FF01A9384604F0C0
S311080068604BF8EEE7A60B0390AB0B039079
S315080068702DE9F04300208BB000F0B6F801224C4811
S315080068804C4B1146407AFFF707FF4B4F4B4B012203
S315080068904B4EDFF844811A604FF0FF32396807A87B
S315080068A000F0AAF8DDE90723102AF5D11D0E54D108
S315080068B0C3F30B011A0BD6F8009001EB1334414BC6
S315080068C0B4F5806FA4BFC1F58062A4F5806519444C
S315080068D0B9F1000F28D04FF000093B480123CDF845
S315080068E00090006800F08CF818B149460920FEF7B8
S315080068F0A7FDA5B1D6F80090B9F1000F20D04FF04A
S315080069000009314801232A46CDF800902D49006830
S3150800691000F076F818B149460A20FEF791FDC4F34F
S3150800692009042A4A1460B7E7294B92B2186800F09E
S3150800693057F84FF0FF32494607A800F059F8D8E74C
S31508006940234BAAB21F49186800F04AF84FF0FF32E5
S31508006950494602A800F04CF8E1E7DAB241461D487C
S315080069600192C3F30722C3F3074300922A4603F0B2
S31508006970EDFE34687CB100241348012318220094E4
S315080069801449006800F03CF8002885D021460B2001
S31508006990FEF756FD80E70E4B18220E49186800F0E0
S315080069A01FF84FF0FF32214602A800F021F873E7DE
S315080069B07D290024B20B03908C6B00247C6B002489
S315080069C06467002472E0003068670024706700245A
S315080069D0806B002452E00030C90B039000000000D1
S315080069E05FF800F0C95302905FF800F05105019076
S315080069F05FF800F0B30501905FF800F0C107019059
S30D08006A005FF800F081350190F2
S31508006A08024B0121186800F003B800BFB86B0024D0
S30D08006A185FF800F0610501902A
S31508006A2007B5012204480091044B1146407AFFF746
S31508006A3033FE03B05DF804FB7D290024EE0B0390BA
S31508006A402DE9F043002385B0394D3A4C0393ADF850
S31508006A500A302B68002B57D02368002B54D0364CAD
S31508006A600122364B1146607AFFF716FE0022344D96
S31508006A7010201146DFF8E88000F076F8314B2860E0
S31508006A80012202210090607AFFF706FE18222E499D
S31508006A90286800F075F82B68012202212B4ECDE9F3
S31508006AA000032B4B607AFFF7F7FDFF21286800F0FB
S31508006AB07BF84FF00109274B01220221607AFFF784
S31508006AC0EBFD3146286800F063F80746009001227E
S31508006AD0214B0221607AFFF7DFFDC8F80090002FEE
S31508006AE0E9D11E4F03A9306800F05AF880B1002397
S31508006AF06420C8F8003000F03FF8306800F058F815
S31508006B00306800F049F8D4E70A2000F035F8A0E725
S31508006B100DF10A023946039800F04EF8039800F082
S31508006B2033F80028F4DA039800F022F8DAE700BF11
S31508006B307C6B0024E42000247D290024060C0390A5
S31508006B406C6700241F0C0390F44D039068670024BB
S31508006B50480C0390750C0390A10C03906067002401
S31508006B6064670024000000005FF800F08932019095
S31508006B705FF800F04D4B01905FF800F05105019069
S31508006B805FF800F0793301905FF800F0254C01902A
S31508006B905FF800F0BD3501905FF800F05D330190B5
S31508006BA05FF800F0093801905FF800F011340190A1
S31508006BB05FF800F0993501905FF800F0CD4B019031
S31508006BC0F0B59DB04C22002109A803F08DFE2022C5
S31508006BD0002101A803F088FE022000F079F80023BE
S31508006BE00093304B9A6942F440429A619A6902F4DA
S31508006BF0404200922C4AD16A41F00101D162D26A20
S31508006C0002F001020092009A9A699404FCD5274D75
S31508006C1000F052F800F060F827212B6FC0221420EC
S31508006C20012423F01803402608272B674FF48033E6
S31508006C300D960F94CDE909130223CDE91233149367
S31508006C40CDE915230623CDE91703002309A8CDE9C5
S31508006C500B44CDE919731B9300F02AF808B172B6F4
S31508006C60FEE703233F220421CDE901234FF4806385
S31508006C70CDE903070DEB0100CDE90566CDE9073639
S31508006C8000F022F808B172B6FEE7EB6A4FF400226C
S31508006C904FF00051204643F40023EB6200F010F851
S31508006CA01DB0F0BD004802580004005800440258C0
S31508006CB05FF800F0592302905FF800F00123029074
S31508006CC05FF800F0A92802905FF800F0892A029080
S31508006CD05FF800F0112302905FF800F0C1DA019026
S31508006CE000B5B1B0A022002108A803F0FDFD0B4AAB
S31508006CF000236846CDE9002328230222CDE9022392
S31508006D000423CDE9043306938023079300F008F89B
S31508006D1008B172B6FEE731B05DF804FB00000880E2
S30D08006D205FF800F08D2F0290C8
S31508006D2880B5E0B00025FAF713FF0124FCF776FED4
S31508006D38FCF79EFC1022002155A803F0D1FD00F0AF
S31508006D48D7FE48F21F7355A8ADF85441CDE95653F6
S31508006D5840F20113589300F0D3FE4FF0405ED94B2A
S31508006D6855A88DF855418DF86151CDE956E300F0DF
S31508006D78C7FE022355A88DF85E518DF855310723AD
S31508006D888DF861418DF85C318DF8634100F0B8FEE5
S31508006D98032355A88DF855314FF0104356931423FD
S31508006DA88DF85C314FF48033589300F0A9FE04201F
S31508006DB800F032FEC44B5A6912F4003211D1BFF3FF
S31508006DC84F8FBFF36F8FC3F85022BFF34F8FBFF3B0
S31508006DD86F8F5A6942F400325A61BFF34F8FBFF377
S31508006DE86F8FB94A536913F4803323D1C2F88430B4
S31508006DF8BFF34F8FD2F8803043F6E074C3F3C90067
S31508006E08C3F34E335B0103EA0406014646EA817575
S31508006E180139C2F86052F9D2203B13F1200FF2D19A
S31508006E28BFF34F8F536943F480335361BFF34F8FD2
S31508006E38BFF36F8FA54D00F033FEFFF7BDFE0024A4
S31508006E48FFF74AFF1422002155A803F049FDD5F893
S31508006E58E03000224FF6104143F010039C48012603
S31508006E680227C5F8E0304FF40078D5F8E03003F08B
S31508006E7810030393039BD5F8E03043F00403C5F8E1
S31508006E88E030D5F8E03003F004030493049BD5F802
S31508006E98E03043F08003C5F8E030D5F8E03003F079
S31508006EA880030593059BD5F8E03043F00103C5F840
S31508006EB8E030D5F8E03003F001030693069BD5F8D1
S31508006EC8E03043F00203C5F8E030D5F8E03003F0C7
S31508006ED802030793079BD5F8E03043F00803C5F883
S31508006EE8E030D5F8E03003F008030893089B00F073
S31508006EF8A7FD00224CF24001764800F0A1FD0022C9
S31508006F084021754800F09CFD01224FF480717348B2
S31508006F1800F096FD01226F48114600F091FD4FF0EA
S31508006F28080C4FF4881355A969485794CDE955C3F1
S31508006F3800F0C2FD4FF6104355A96548CDE9553608
S31508006F48CDE9574400F0B8FD55A961485996CDE9E9
S31508006F585587CDE9574400F0AFFD4CF2400355A9D3
S31508006F685C48CDE95536CDE9574400F0A5FD4023E0
S31508006F7855A95948CDE95536CDE9574400F09CFD41
S31508006F884FF4C07355A954485794CDE9553400F0C1
S31508006F9893FD55A950485994CDE95587CDE95744E5
S31508006FA800F08AFD4FF4807355A94C48CDE955364B
S31508006FB8CDE9574400F080FD55A94648CDE957471D
S31508006FC8CDE9556600F078FDA02355A94148202744
S31508006FD85794CDE9553400F06FFD55A940485794A4
S31508006FE8CDE9557400F068FDD5F8D83022460A214F
S31508006FF833430B20C5F8D830D5F8D8303340019339
S31508007008019BD5F8D83043F00203C5F8D830D5F82F
S31508007018D83003F002030293029B00F06DFD0B20A3
S3150800702800F02EFD22460A210C2000F065FD0C20F2
S3150800703800F026FD224603210D2000F05DFD0D20F7
S3150800704800F01EFD224609210E2000F055FD0E20EF
S3150800705800F016FD22460A210F2000F04DFD0F20EC
S3150800706800F00EFD22460A21102000F045FD1020EA
S3150800707800F006FD22460321112000F03DFD1120EF
S3150800708800F0FEFC22460A212F2000F035FD2F20AD
S3150800709800F0F6FC22460A21382000F02DFD38209B
S315080070A800F0EEFC22460A21392000F025FD392099
S315080070B800F0E6FC22460A213A2000F01DFD3A2097
S315080070C810E000BF0F00010300ED00E0004402587D
S315080070D800100258000C025800080258000002580E
S315080070E80004025800F0CCFC22460A213B2000F096
S315080070F803FD3B2000F0C4FC22460A213C2000F090
S31508007108FBFC3C2000F0BCFC22460A21442000F087
S31508007118F3FC442000F0B4FC22460A21452000F07E
S31508007128EBFC452000F0ACFC0A212246462000F07C
S31508007138E3FC462000F0A4FCA548A64B848003601F
S31508007148802347618361066200F06EFC014608B138
S3150800715872B6FEE72422A04C55A803F0C1FB9F4B44
S315080071682046236000F05CFC024608B172B6FEE7CA
S315080071780A23559055A9CDE95630CDE958602046D9
S3150800718800F0DAFC08B172B6FEE7102255A92046C7
S3150800719800F0D2FC08B172B6FEE7914C914B924FBB
S315080071A82062C4E90206C4E90400C4E906002046C8
S315080071B8C4E9007300F054FC014608B172B6FEE74C
S315080071C8204600F0A9FC014608B172B6FEE720463B
S315080071D800F03EFC034608B172B6FEE78348844AC7
S315080071E88360C0E900230F22C0E90533C0E90323F9
S315080071F8C0E90833C0E90A33C0E90D33C0E90F33DB
S31508007208C0E91133C0E91333C0E9153300F0ECFBC4
S3150800721808B172B6FEE7774C4FF4E133764D206134
S31508007228C4E900530C23C4E90200C4E90530C4E9DB
S315080072380700C4E90900204600F056FC014608B1D3
S3150800724872B6FEE7204600F04BFC08B172B6FEE7B8
S315080072580021684800F01CFC08B172B6FEE76548CC
S3150800726800F0F2FB054608B172B6FEE701461022A1
S3150800727847A8624C03F034FB102229464EA84295CB
S31508007288CDE9405503F02CFB1C22294655A803F0E6
S3150800729827FB4FF080400523A560A561C4E90003D4
S315080072A84FF0FF332046C4E9033500F0ADFB08B1BB
S315080072B872B6FEE74FF4805347A92046479300F075
S315080072C8B7FB08B172B6FEE7204600F02DFC08B1F8
S315080072D872B6FEE7204600F017FC08B172B6FEE75C
S315080072E85023429040A92046409300F0BDFB024631
S315080072F808B172B6FEE701234E9051904EA9CDE922
S315080073084F30204600F0D0FB08B172B6FEE73023AE
S3150800731857905990042255A9CDE95530204600F0D2
S315080073288BFB08B172B6FEE75590082255A9204688
S3150800733800F082FB08B172B6FEE700252F4801F077
S3150800734823F81C22294655A82D4C04265095CDE924
S315080073584E5503F0C5FA2B4A4FF480234FF4AC6117
S3150800736820462661A5822577656384F83850C4E9DE
S31508007378002308234FF48062C4E90235C4E90912D8
S3150800738801230322A361E363C4E90B2500F0A4FBE8
S3150800739808B172B6FEE74E904EA9204600F06CFB7F
S315080073A808B172B6FEE70623DFF85CA0579055A920
S315080073B85A908DF86D012046CDE955A340F2FF7322
S315080073C8CDE9583600F01CFB00B372B6FEE700BFDD
S315080073D87C770024004C0258687700240074004023
S315080073E89C760024DB3FB00000540040EC7400246F
S315080073F80038004014700024001001402873002447
S3150800740858790024002002400800900C9E4C0C2550
S315080074184FF41653DFF8A0922061C4E90200C4E9C4
S315080074280550C4E90700C4E909002046C4E90093E1
S3150800743800F05AFB014608B172B6FEE7204600F08E
S315080074484FFB014608B172B6FEE7204600F020FB5E
S3150800745808B172B6FEE7204600F0F6FA08B172B629
S31508007468FEE78A4C4FF4E133DFF85082A062C4E99C
S315080074780200C4E90405C4E90600C4E90800204670
S31508007488C4E9008300F030FB014608B172B6FEE78E
S31508007498204600F025FB014608B172B6FEE72046ED
S315080074A800F0F6FA08B172B6FEE7784800F010FB65
S315080074B8054608B172B6FEE701461C2255A8744C63
S315080074C803F00EFA4FF4802A724B4FF4B86E012770
S315080074D804262046A5822661A7612577656384F870
S315080074E83850E763C4E9003A0823C4E902354FF47B
S315080074F88063C4E909E30323C4E90B3500F0ECFA11
S3150800750808B172B6FEE7644B4FF0060940F2FF78F9
S3150800751857905A9055A98DF86D012046CDE95539E9
S31508007528CDE9588600F06CFA08B172B6FEE75B4CEE
S315080075384FF07F0C5A4B20616061C4E90030FF2385
S31508007548C4E906002046C4E902C300F0A5FA0146C4
S3150800755808B172B6FEE7204600F096FA054608B165
S3150800756872B6FEE74F4C01461C2255A803F0B8F937
S315080075784D4B2046A582A7612577656384F8385060
S31508007588E763C4E9003AC4E90356C4E90955C4E9F6
S315080075980B5500F0A1FA08B172B6FEE7434B55A998
S315080075A88DF86D01CDE95708CDE959602046CDE932
S315080075B8553900F025FA044608B172B6FEE70146C1
S315080075C8102247A83A4D03F08BF91C2221464EA8EB
S315080075D84294384ECDE9404403F082F92C222146DC
S315080075E855A803F07DF91F232846AC606C61C5E9E8
S315080075F8006347F22F53C5E903348023AB6100F0D3
S3150800760803FA08B172B6FEE74FF4805347A928462D
S31508007618479300F00DFA08B172B6FEE7284600F05F
S3150800762893FA08B172B6FEE7202340A9204840938A
S315080076380023429300F018FA08B172B6FEE76024F0
S3150800764843F69823549004224EA9CDE95000CDE973
S3150800765852001748CDE94E4300F0FEF908B172B654
S31508007668FEE74FF4005359905F9055A9CDE95500A8
S31508007678CDE95700CDE95A300D4800F051FA0446CD
S31508007688F0B172B6FEE700BF3C710024A87000246A
S31508007698F4780024002102400004002A74750024A6
S315080076A8004000589078002400600258000084CBF7
S315080076B8DC7200240040014000780040007C00404D
S315080076C8AC4800F061FEAC484FF48003AB498460CF
S315080076D84461C0E900130723C0E903344FF0806307
S315080076E8C0E906344FF08043C0E90844C0E90A44B3
S315080076F8C0E90D34C0E90F44C0E91144C0E9134490
S31508007708C0E9154400F070F908B172B6FEE79C4C5A
S315080077184FF416539B4A2061C4E900230C23C4E995
S315080077280200C4E90530C4E90700C4E9090020468F
S3150800773800F0DAF9014608B172B6FEE7204600F00D
S31508007748CFF9014608B172B6FEE7204600F0A0F95F
S3150800775808B172B6FEE7204600F076F9034608B186
S3150800776872B6FEE78848894AC0E9002300F0E8F9B6
S31508007778054608B172B6FEE7FCF76EF98448FEF7C7
S315080077887FFF0121834B2A460846834CFEF780FF74
S315080077980122824B0DAE11461046FEF779FF04F119
S315080077A8200700F035F900F083F9FCF7DDFAFEF753
S315080077B87BF800F089F9F9F7C1F9F9F7C1F9F9F78A
S315080077C8DBF9F9F705FA00F0B3F900F051F9FEF715
S315080077D8A3FBFEF721FCFEF72FFCFCF7B5F8FCF730
S315080077E843F96F48012202216E4B0078FEF750FFD5
S315080077F809A8CDE9095500F0FFF86B4B18600BA8E6
S31508007808CDE90B5500F0F8F8684B186094E80F00B6
S3150800781886E80F002946304600F052F9644B11AE47
S31508007828186094E80F0086E80F002946304600F0ED
S3150800783847F9604B15AE186004F110030FCB86E8BC
S315080078480F002946304600F03BF95B4B19AE186025
S3150800785894E80F0086E80F002946304600F030F90C
S31508007868564B1DAE18600FCF0FC697E8070086E877
S31508007878070029461DA800F04BF904F13C07504BB0
S3150800788824AE18600FCF0FC697E8070086E80700EA
S31508007898294624A800F03CF904F15807494B2BAEB1
S315080078A818600FCF0FC697E8070086E8070029462D
S315080078B82BA800F02DF904F17407434B32AE186073
S315080078C80FCF0FC697E8070086E80700294632A8AB
S315080078D800F01EF904F190073C4B39AE18600FCF3B
S315080078E80FC697E8070086E80700294639A800F072
S315080078F80FF904F1AC07364B40AE18600FCF0FC628
S3150800790897E8070086E80700294640A800F000F926
S3150800791804F1C8072F4B47AE18600FCF0FC697E874
S31508007928070086E80700294647A800F0F1F804F199
S31508007938E407294B4EAE04F5807418600FCF0FC6BE
S3150800794897E8070086E8070029464EA800F0E0F8F9
S31508007958224B55AE18600FCC0FC694E8070086E888
S315080079680700294655A800F0D3F81D4B186000F003
S315080079783FF8FEE7DC72002464740024003C0040EB
S31508007988D0710024004C004098750024001802485D
S31508007998147000241CA60290A44A0390CB0C0390EA
S315080079A87D290024FA0C0390886B0024846B002434
S315080079B8986B0024946B0024906B00248C6B00242D
S315080079C8BC6B0024B86B0024B46B0024B06B00248D
S315080079D8AC6B0024A86B0024A46B0024A06B0024BD
S315080079E89C6B0024000000005FF800F06D460290CA
S315080079F85FF800F0E50401905FF800F0FB050190D8
S31508007A085FF800F0C1DC01905FF800F05D2E000019
S31508007A185FF800F0010001905FF800F07DE9019039
S31508007A285FF800F0CBEB01905FF800F081EA01906F
S31508007A385FF800F0553300005FF800F05D3000008D
S31508007A485FF800F0890F02905FF800F02F67029040
S31508007A585FF800F0B52202905FF800F0C130000028
S31508007A685FF800F0251202905FF800F0A13A0000CE
S31508007A785FF800F0BD2500005FF800F0CDE701903B
S31508007A885FF800F021E901905FF800F0774402906A
S31508007A985FF800F0A56702905FF800F0DD410290F4
S31508007AA85FF800F01DDA01905FF800F0293200004F
S31508007AB85FF800F0010600005FF800F0750C029008
S31508007AC85FF800F04B0701905FF800F08D09000099
S31508007AD85FF800F0EF6602905FF800F00DE5019098
S31508007AE85FF800F0656702905FF800F00764029097
S31508007AF85FF800F061E901905FF800F0BDE80190D1
S31508007B085FF800F09DE901905FF800F0BD2E0000CF
S31508007B185FF800F0FD0401905FF800F06922029012
S31508007B285FF800F0353B00005FF800F07D2F000095
S31508007B385FF800F0512500005FF800F0A5EC019009
S31508007B485FF800F0494002905FF800F01D2F00002A
S31508007B580268034B9A4201D100F006B8704700BF85
S31508007B6800140040000000005FF800F079DA019080
S30908007B7872B6FEE7EE
S31508007B8013B5134C00220F216FF00100D4F8F4301E
S31508007B9043F00203C4F8F430D4F8F43003F00203D7
S31508007BA00093009B00F020F8D4F8F43043F4004327
S31508007BB0C4F8F430D4F8F43003F400430193019B7D
S31508007BC000F00AF8022002B0BDE8104000F008B83C
S31508007BD000440258000000005FF800F0E1DA019066
S31508007BE05FF800F0CDDA01905FF800F0BDE801908B
S31508007BF01422002130B58BB005460DEB020002F0C9
S31508007C0073FE2B684F4A93424AD14F4A1368013391
S31508007C10012B13600CD14D4BD3F8D82042F020022B
S31508007C20C3F8D820D3F8D83003F020030093009B7C
S31508007C30464B4FF0400E05A94548D3F8E020454C81
S31508007C4042F00102C3F8E020D3F8E03003F0010364
S31508007C500193019B0323CDE905E300F089F83E4A29
S31508007C6009234FF480614FF40050C4E900234FF410
S31508007C7000620023C4E904124FF48072C4E90602C4
S31508007C804FF48032C4E9023322622046636200F070
S31508007C9073F808B1FFF770FFEC64A5630BB030BD4D
S31508007CA02E4A93423DD1284A13680133012B1360AB
S31508007CB00CD1264BD3F8D82042F02002C3F8D8209E
S31508007CC0D3F8D83003F020030293029B1F4B05A973
S31508007CD02348D3F8E020234C42F00402C3F8E020FE
S31508007CE00122D3F8E03003F004030393039B032334
S31508007CF0CDE9052300F03CF80A234FF400621A493F
S31508007D004FF480604FF4005CC4E90013C4E9040230
S31508007D1000234FF48072C4E90233C4E906C2236221
S31508007D20B3E7124A9342B9D1084BD3F8E02042F0A0
S31508007D308072C3F8E020D3F8E03003F08073049330
S31508007D40049BABE700200240BC790024004402589B
S31508007D50000002581878002458000240002102400A
S31508007D6000080258A07700247004024000600258F8
S31508007D705FF800F0750C02905FF800F0D9F00190FA
S31508007D80026882B0094B9A420DD1A3F50063D3F875
S31508007D90E02042F40022C3F8E020D3F8E03003F4F0
S31508007DA000230193019B02B0704700BF004C0258A4
S31508007DB030B589B005461422002103A802F094FDC7
S31508007DC02A68234B9A4241D1224B03A92248D3F869
S31508007DD0E820224C42F00052C3F8E820D3F8E82005
S31508007DE002F000520192019AD3F8E02042F0010213
S31508007DF0C3F8E0203022D3F8E03003F00103029301
S31508007E00029B0323CDE9032300F02EF84FF480529A
S31508007E104FF4806C432312494FF4804E4020C4E946
S31508007E2004C24FF48072C4E900130023C4E906E2D1
S31508007E304FF48032C4E902032046C4E9082300F05F
S31508007E4017F808B1FFF798FEAC60A56309B030BD16
S31508007E50007400400044025800000258F0760024DE
S31508007E6040000240000000005FF800F0750C029028
S30D08007E705FF800F0D9F001905B
S31508007E7870B5B8B006461422002103A802F030FDF2
S31508007E88C022002108A802F02BFD3268364B9A4218
S31508007E9868D10822002308A8CDE9082300F078F855
S31508007EA808B1FFF765FE314CC020002503A9D4F8B0
S31508007EB8E03043F00203C4F8E030D4F8E03003F0C9
S31508007EC802030193019B1223CDE9030304232848DF
S31508007ED80793CDE9055500F05FF8D4F8E830DFF8E0
S31508007EE8A0C043F40013C4F8E830D4F8E830214CAD
S31508007EF803F4001320460293029B2123C4E900C316
S31508007F084FF48063C4E90255C4E90435C4E9065543
S31508007F18C4E9085500F038F808B1FFF729FE164AEB
S31508007F282223F4634021A663144CC4E900230023E2
S31508007F384FF480622046C4E90213C4E90423C4E95D
S31508007F480633C4E9083300F01FF808B1FFF710FE36
S31508007F581F20B46300220A21A66300F021F81F2017
S31508007F6800F022F838B070BD0054004000440258AA
S31508007F78000402582476002488000240AC750024C0
S31508007F8870000240000000005FF800F0D9F0019088
S31508007F985FF800F08D2F02905FF800F0750C0290DC
S31508007FA85FF800F0BDE801905FF800F021E901905C
S31508007FB810B5B2B00446C022002102A802F090FC0F
S31508007FC822680E4B9A4217D14FF40032002302A8B2
S31508007FD8CDE9022300F018F808B1FFF7C9FD084BE8
S31508007FE8D3F8DC2042F04002C3F8DC20D3F8DC30B2
S31508007FF803F040030193019B32B010BD00180248F4
S3150800800800440258000000005FF800F08D2F029027
S3150800801810B5B0B00446C0220021684602F060FCDC
S3150800802822680C4B9A4212D100234FF48002684604
S31508008038CDE900234FF480732D9300F011F808B1A9
S31508008048FFF796FD044A136F43F40043136730B0ED
S3150800805810BD00BF00400058004402580000000048
S30D080080685FF800F08D2F02906D
S3150800807070B51422BAB0064600210DEB020002F0D4
S3150800808033FCC02200210AA802F02EFC3368694A94
S3150800809093425FD100234FF480520AA8CDE90A2300
S315080080A04FF48043229300F0EBF808B1FFF764FD24
S315080080B0614B002402250526D3F8E82005A95F4868
S315080080C042F48042C3F8E820D3F8E82002F480425C
S315080080D00092009AD3F8E02042F00202C3F8E020AA
S315080080E0D3F8E02002F002020192019AD3F8E020C8
S315080080F042F00802C3F8E020D3F8E030099603F00E
S3150800810008030293029B4FF44043CDE90744CDE9A7
S31508008110053500F0B1F8082305A949480996CDE9BF
S315080081200535CDE9074400F0A7F8102305A943480B
S31508008130CDE905350723CDE90744099300F09CF8F6
S31508008140242022460A2100F08BF8242000F08CF81F
S315080081503AB070BD3B4A9342FAD100234FF480529D
S315080081600AA8CDE90A234FF48043229300F088F841
S3150800817008B1FFF701FD304B00254FF4E05005A983
S31508008180D3F8E820304C42F40042C3F8E820D3F88C
S31508008190E82002F400420392039AD3F8E02042F062
S315080081A00402C3F8E020D3F8E03003F00403049394
S315080081B0049B0223CDE90503CDE90753062323488B
S315080081C0099300F059F83D23DFF88CC02046C4E92E
S315080081D000C34FF48063C4E90255C4E90435C4E911
S315080081E00655C4E9085500F043F808B1FFF7C4FC82
S315080081F0174A3E23F4674021A663164CC4E90023B8
S3150800820000234FF480622046C4E90213C4E904231C
S31508008210C4E90633C4E9083300F02AF808B1FFF7C1
S31508008220ABFC332000220A21B467A66300F018F8D5
S3150800823033208BE7003800400044025800040258F7
S31508008240000C0258003C0040EC7300240008025859
S31508008250A004024074730024880402400000000051
S315080082605FF800F0BDE801905FF800F021E90190A1
S315080082705FF800F0D9F001905FF800F0750C0290F5
S30D080082805FF800F08D2F029053
S3150800828830B589B005461422002103A802F028FB58
S315080082982B68B3F1804F4AD12D4B03A92D48D3F843
S315080082A8E8202D4C42F00102C3F8E820D3F8E8206C
S315080082B802F001020092009AD3F8E02042F0010287
S315080082C8C3F8E0204FF40042D3F8E03003F0010386
S315080082D80193019B0223CDE903230123079300F0A9
S315080082E847F813231D494FF480524FF4806C4020F9
S315080082F8C4E900130023C4E904C24FF48042C4E960
S3150800830802032046C4E90623C4E9083300F038F80E
S3150800831808B1FFF72DFC1C20AC6200220321A563D7
S3150800832800F022F81C2000F027F809B030BD0C4AE6
S315080083389342FAD1064BD3F8F02042F48032C3F8B8
S31508008348F020D3F8F03003F480330293029BECE76D
S31508008358004402580000025864720024A000024033
S3150800836800400140000000005FF800F0BDE80190F9
S315080083785FF800F0750C02905FF800F021E90190AB
S30D080083885FF800F0D9F001903E
S3150800839010B588B004461422002103A802F0A4FAF6
S315080083A02368B3F1804F18D1184B08211848D3F821
S315080083B0E02042F00202C3F8E020D3F8E03003F0F0
S315080083C002030193019B0223CDE90313012303A9A9
S315080083D0079300F025F808B010BD0E4A9342FAD16B
S315080083E00A4B03A90C48D3F8E02042F01002C3F860
S315080083F0E0204022D3F8E03003F010030293029BFA
S315080084000223CDE9032304230793E2E70044025835
S315080084100004025800400140001002580000000005
S30D080084205FF800F0750C0290EC
S3150800842870B5C0B00446142200210BA802F058FA09
S31508008438C022002110A802F053FA2368A74A9342DB
S315080084486BD10222002310A8CDE9102300F028FAE0
S3150800845808B1FFF78DFBA24B00260BA9A148D3F854
S31508008468E820A14D42F40022C3F8E820D3F8E82012
S3150800847802F400220192019AD3F8E02042F00102A0
S31508008488C3F8E0204FF4C052D3F8E03003F00103F4
S315080084980293029B0223CDE90B230623CDE90D6639
S315080084A80F9300F009FA3F2390492846C5E90013B7
S315080084B84FF48063C5E90266C5E90436C5E9066668
S315080084C8C5E9086600F0FCF908B1FFF751FB402337
S315080084D8DFF844E2C4F880504FF48062AC63844DF8
S315080084E8C5E900E3AB60002328466B62C5E9033299
S315080084F8C5E90533C5E9073300F0E2F908B1FFF71E
S3150800850837FB342000220A21E567AC6300F0CCF972
S31508008518342000F0CDF940B070BD764A93426CD14C
S315080085280222002310A8CDE9102300F0B9F908B1F2
S31508008538FFF71EFB6A4B4FF4C07500266E48D3F842
S31508008548E8200BA942F08042C3F8E820D3F8E820CF
S3150800855802F080420392039AD3F8E02042F0100210
S31508008568C3F8E020D3F8E03003F010030493049B23
S315080085780223CDE90B530123604DCDE90D6307238B
S315080085880F9300F099F95023DFF890C12846C5E9FA
S3150800859800C34023C5E902364FF48063C5E9066679
S315080085A8C5E90436C5E9086600F08AF908B1FFF78F
S315080085B8DFFA53484F23E5674FF48062AC63514DA1
S315080085C8C5E9000300232846C5E904234FF4807249
S315080085D8AB616B62C5E90233C5E9072300F070F998
S315080085E808B1FFF7C5FA522000220A21C4F88050BC
S315080085F8AC6300F059F952208BE7434A934240F09E
S3150800860891800222002310A8CDE9102300F048F92A
S3150800861808B1FFF7ADFA324B00260BA93648D3F84E
S31508008628E8203A4D42F00042C3F8E820D3F8E8209B
S3150800863802F000420592059AD3F8E02042F01002AB
S31508008648C3F8E0200322D3F8E03003F010030693BA
S31508008658069B0223CDE90B230123CDE90D630823E5
S315080086680F9300F029F9522329492846C5E900132A
S315080086784023C5E902364FF48063C5E90666C5E9AD
S315080086880436C5E9086600F01BF908B1FFF770FA61
S315080086985123DFF88CE0E5674FF48062AC631D4D23
S315080086A8C5E900E300232846C5E904234FF4807288
S315080086B8AB616B62C5E90233C5E9072300F000F927
S315080086C808B1FFF755FA532000220A21C4F880504A
S315080086D8AC6300F0E9F853201BE700BF004C0040E4
S315080086E80044025800000258086F0024B8040240E3
S315080086F8906E00240078004000100258186E002476
S3150800870828040240A06D0024007C0040286D00243F
S3150800871840040240B06C00242800024010040240BD
S3150800872858040240554A934250D10122002310A802
S31508008738CDE9102300F0B4F808B1FFF719FA504B41
S315080087484FF4C06000260BA9D3F8F0204D4D42F02F
S315080087581002C3F8F020D3F8F02002F010020792AE
S31508008768079AD3F8E02042F00102C3F8E020D3F8CC
S31508008778E03003F001030893089B0223CDE90B03B5
S31508008788072341480F93CDE90D6600F095F82A238B
S31508008798DFF808C12846C5E900C34023C5E90236FB
S315080087A84FF48063C5E90666C5E90436C5E908666F
S315080087B800F086F808B1FFF7DBF9252000220A2120
S315080087C8E567AC6300F070F82520A2E62F4A9342C5
S315080087D87FF4A1AE0222002310A8CDE9102300F0E9
S315080087E85FF808B1FFF7C4F9254B00260BA92848F6
S315080087F8D3F8E820274D42F48022C3F8E820D3F8B6
S31508008808E82002F480220992099AD3F8E02042F077
S315080088180802C3F8E0204FF44072D3F8E03003F0BA
S3150800882808030A930A9B0223CDE90B230123CDE902
S315080088380D6307230F9300F03FF82D2316492846A2
S31508008848AE616E62C5E900134FF48063C5E9043664
S315080088584FF48073C5E90266C5E9073600F030F8B3
S3150800886808B1FFF785F9272000220A21C4F88050A5
S31508008878AC6300F019F827204BE600BF001001404A
S3150800888800440258386C002400000258004800408A
S31508008898000C0258C06B0024B800024010000240C1
S315080088A85FF800F08D2F02905FF800F0BDE80190A0
S315080088B85FF800F021E901905FF800F0750C029066
S30D080088C85FF800F0D9F00190F9
S315080088D003683B4A934210B5044617D1394A4FF408
S315080088E0C0513948D2F8E83023F40023C2F8E830FA
S315080088F000F082F8D4F8800000F07AF8E06F00F013
S3150800890077F83420BDE8104000F06EB82F4A93423D
S3150800891014D12C4A4FF4C0712D48D2F8E83023F010
S315080089208043C2F8E83000F067F8E06F00F060F8BE
S31508008930D4F8800000F05CF85220E3E7254A934219
S3150800894013D1204A03212248D2F8E83023F0004305
S31508008950C2F8E83000F050F8E06F00F049F8D4F8B3
S31508008960800000F045F85320CCE71B4A934210D10B
S31508008970144A4FF4C0611448D2F8F03023F01003BB
S31508008980C2F8F03000F038F8E06F00F031F8252032
S31508008990B8E7124A934211D10A4A4FF44071104877
S315080089A0D2F8E83023F48023C2F8E83000F024F83F
S315080089B0D4F8800000F01CF82720A3E710BD00BFFC
S315080089C0004C00400044025800000258007800405D
S315080089D000100258007C004000100140004800408A
S315080089E0000C0258000000005FF800F03DE9019015
S315080089F05FF800F009F401905FF800F0450E029068
S31508008A000F2810B504468AB002D901200AB010BD55
S31508008A1001460022372000F03FF8372000F050F8D2
S31508008A20184B694602A81C60174BD3F8E82042F099
S31508008A302002C3F8E820D3F8E83003F020030193B6
S31508008A40019B00F039F8079BC3B900F031F80F4CC9
S31508008A500F4B236040F2E733E3600E4BB0FBF3F0B5
S31508008A6001380023606020462361A36000F018F8EF
S31508008A700028CAD1204600F017F8C7E700F018F812
S31508008A804000E4E7E80C002400440258C0790024BA
S31508008A900014004040420F005FF800F0BDE8019066
S31508008AA05FF800F05D2E00005FF800F0E92A00008C
S31508008AB05FF800F0192D02905FF800F0612D029022
S30D08008AC05FF800F021E90190BE
S30708008AC8FEE7B9
S30708008ACAFEE7B7
S30708008ACCFEE7B5
S30708008ACEFEE7B3
S30708008AD0FEE7B1
S30708008AD27047DD
S31508008AD8014800F005B800BF386C00240000000003
S30D08008AE85FF800F071FA019035
S31508008AF0014800F005B800BF906E00240000000091
S30D08008B005FF800F071FA01901C
S31508008B08014800F005B800BFF07600240000000010
S30D08008B185FF800F071FA019004
S31508008B204FF40053044810B5044CA36100F008F84C
S31508008B304FF00053A36110BD1878002400100258A6
S30D08008B405FF800F071FA0190DC
S31508008B48014800F005B800BF24760024000000009C
S30D08008B585FF800F071FA0190C4
S31508008B60014800F005B800BFAC75002400000000FD
S30D08008B705FF800F071FA0190AC
S31508008B78014800F005B800BF647200240000000030
S30D08008B885FF800F071FA019094
S31508008B904FF4804310B5044CA36100F009F84FF078
S31508008BA08043A36110BD00BF0010025800000000FA
S30D08008BB05FF800F0C92500007A
S31508008BB8014800F005B800BF9C76002400000000B4
S30D08008BC85FF800F01716029091
S31508008BD0014800F005B800BFEC740024000000004E
S30D08008BE05FF800F0ED50029069
S31508008BE8014800F005B800BF147000240000000012
S30D08008BF85FF800F099550290A0
S31508008C0000F002B8000000005FF800F04578029016
S31508008C10014800F005B800BFC06B00240000000042
S30D08008C205FF800F071FA0190FB
S31508008C28014800F005B800BF64740024000000007D
S30D08008C385FF800F0ED50029010
S31508008C40014800F005B800BFD071002400000000FC
S30D08008C505FF800F09955029047
S31508008C5808B5034800F008F8BDE8084000F008B869
S31508008C68C0790024000000005FF800F0172C000007
S30D08008C785FF800F0D5270000A3
S31508008C80014800F005B800BF186E00240000000077
S30D08008C905FF800F071FA01908B
S31508008C98014800F005B800BFA06D002400000000D8
S30D08008CA85FF800F071FA019073
S31508008CB0014800F005B800BF286D00240000000038
S30D08008CC05FF800F071FA01905B
S31508008CC8014800F005B800BFB06C00240000000099
S30D08008CD85FF800F071FA019043
S31508008CE0014800F005B800BFA07700240000000086
S30D08008CF05FF800F071FA01902B
S31508008CF8014800F005B800BF1C7C002400000000ED
S30D08008D085FF800F093060290E3
S30908008D10FFF7F2BFAA
S31508008D18014800F005B800BFEC7300240000000005
S30D08008D285FF800F071FA0190F2
S31508008D30014800F005B800BF747300240000000065
S30D08008D405FF800F071FA0190DA
S31508008D48014800F005B800BF086F002400000000BD
S30D08008D585FF800F071FA0190C2
S31508008D60014800F005B800BF3C710024000000006F
S30D08008D705FF800F09955029026
S31508008D7810B5064C2368DB699B0604D40348BDE88E
S31508008D88104000F005B800F007F8F3E7A8700024CB
S31508008D985FF800F0995502905FF800F0B96A0290FA
S30908008DA801207047E1
S31508008DAC024B16224FF0FF301A607047F47E0124EE
S31108008DBC014B16221A60FEE7F47E012423
S31508008DC870B50D4614460E46731B9C4201DC2046B8
S31108008DD870BDAFF3008006F8010BF5E74C
S31508008DE470B50D4614460E46731B9C4201DC20469C
S31108008DF470BD16F8010BAFF30080F5E720
S30B08008E004FF0FF30704739
S30F08008E064FF4005300204B6070473C
S30908008E100120704778
S30908008E140020704775
S31508008E180A4A0346116810B509B909491160106864
S31508008E28084C09490344091B8B4283BF074B0C228C
S31508008E384FF0FF30136088BF1A6010BD107A0024FF
S31508008E48087F012400A0000000000824F47E0124FD
S31508008E58254AD2F8883043F47003C2F88830234A82
S31508008E68136803F00F03062B05D8136823F00F03BE
S31508008E7843F0070313601E4B1A6842F001021A6092
S31508008E8800221A611B4A19680A4018491A600A68B2
S31508008E98120705D50A6822F00F0242F007020A608F
S31508008EA8002215499A61DA611A6299621349D962E8
S31508008EB8134919635A639963DA6319645A64196812
S31508008EC821F4802119601A660E4B1B686FF30F038D
S31508008ED8B3F1005F03D20C4B0122C3F808210B4BF0
S31508008EE843F2D2021A60704700ED00E000200052F3
S31508008EF8004402587FEDF6EA000202020000FF016C
S31508008F08800201010010005C0080005100400052F8
S31508008F1870B52948002400F073F8284B03F8014B6C
S31508008F280134B4F5807FF9D122460021244801F09E
S31508008F38D7FC244E0023244D224621492348336072
S31508008F482B6000F051F822461C49204800F054F8D6
S31508008F584FF4967000F04CF8336813B91C4800F0C3
S31508008F684FF82B6813B91B4800F04AF8174800F061
S31508008F784BF80146184800F043F83368B3B12B6834
S31508008F88A3B1164800F03CF800210D4A0B4612F822
S31508008F98010B984203F1010318BF0131B3F5807F2D
S31508008FA8F5D1002904DD0E4800F02AF8002070BD26
S31508008FB80C4800F025F8F9E78E0D039072E50030A5
S31508008FC872E40030187A0024147A0024D071002438
S31508008FD8CA0D0390E70D0390050E03901A0E039029
S31508008FE8350E0390530E03905FF800F06166029001
S31508008FF85FF800F0510501905FF800F0C953029038
S315080090085FF800F0596C02905FF800F0635E029012
S31108009018014B01221A607047187A0024E8
S31108009024014B01221A607047147A0024E0
S31508009030084B094A997B1160597B084A1170197BBC
S31508009040074A1B8911702D3B064A5343064A13608B
S31508009050704700BFBC7B00242427002499630024A2
S311080090609863002440420F00E808002432
S3150800907000231548194610B410F8012F52B1A2F171
S315080090802F040A2C03D9413A192A88BF0123013132
S315080090900A29F1D10D48002110F8012F52B1A2F189
S315080090A02F040A2C03D9413A192A88BF0123013112
S315080090B00A29F1D123B106485DF8044B00F00CB833
S315080090C05DF8044B704700BFCA7B0024D47B00249C
S315080090D0990E0390000000005FF800F0596C0290AA
S315080090E010B54FF4FA73104C1049238004F10F00A1
S315080090F063804FF41673A38040F2DC53E380642345
S31508009100238141F20343638140F20733A38101239C
S31508009110A37302F06CFA04F11900054902F067FA24
S31508009120BDE81040FFF784BFBC7B0024200F0390E6
S30908009130762B0390F9
S3150800913401380B280AD8DFE800F0060B0F13171BB3
S315080091441F232B2F3A270A781E4B9A72FFF76EBFF6
S315080091540A781C4BDA72F9E70A781A4B1A73F5E798
S315080091640A78184B9A73F1E70A88164B1A80EDE7C2
S315080091740A88144B5A80E9E70A88124B9A80E5E76D
S315080091840A88104BDA80E1E70A880E4B1A81DDE774
S315080091940A780C4B5A73D9E70A680A4BC3F80F20A6
S315080091A44A68C3F813200A89A3F81720CEE70A6881
S315080091B4044BC3F819204A68C3F81D200A89A3F882
S30D080091C42120C3E7BC7B00244F
S315080091CC73B50122274D04460A262B461146FCF791
S315080091DC46FC6B1C204602220121FCF740FCAB1C0A
S315080091EC204603220121FCF73AFCEB1C20460922F7
S315080091FC0121FCF734FC2B1D204604220121FCF727
S3150800920C2EFCA5F10A03204605220121FCF708FCD1
S3150800921CA5F10803204606220121FCF701FCAB1F29
S3150800922C204607220121FCF7FBFB2B1F20460822B0
S3150800923C0121FCF7F5FBAB1E20460C220121FCF79D
S3150800924CEFFB6B1D3246204601210096FCF7A4FB6A
S3150800925C05F10F030B22012120460096FCF79CFB17
S30D0800926C02B070BDC67B0024A8
S315080092781FB504284FF0000388680C46CDE9023369
S315080092881CBF01230293FDF78BF8029B23B14B48B9
S3150800929800F0C2F804B010BD02AAA1684848FCF755
S315080092A82BFF029B002BF2D101380B281BD8DFE8CD
S315080092B800F0060F1F262C394653606D7980012366
S315080092C8404A41480093414BE168FBF7D5FB0AE061
S315080092D803AB05223E4800933223E168FBF768FB97
S315080092E83C4B039ADA72FFF7BFFEFFF79DFED1E7FC
S315080092F80123394A39480093394BE168E5E7394A81
S31508009308E1683948FBF700FCEDE703AB6422374808
S31508009318009341F28833E168FBF74AFB2D4B039A21
S315080093281A80E0E703AB64223148009341F2883398
S31508009338E168FBF73DFB274B039A5A80D3E703AB53
S315080093483C222C4800934FF41673E168FBF730FB70
S31508009358204B039A9A80C6E703AB642226480093F3
S3150800936841F28833E168FBF723FB1A4B039ADA8044
S31508009378B9E703AB4122214800934FF44873E168E3
S31508009388FBF716FB134B039A1A81ACE703AB0022CB
S315080093981B4800931E23E168FBF70AFB0D4B039A4B
S315080093A85A73A0E70A23174AE1681748FBF7E0FB50
S315080093B899E70A23154AE1681548F7E7290F03903C
S315080093C8480C0024C67B0024670F03900C0C002465
S315080093D87A0F0390BC7B0024C87B0024970F039060
S315080093E8380A0024CA7B0024B50F0390CF0F0390D0
S315080093F8EF0F0390101003902F1003904C10039052
S3150800940868100390CB7B00248C100390D57B00242E
S31508009418A0100390000000005FF800F0596C029055
S3150800942870B52D4D0C262D4CAB7A2D4A73432D4815
S31508009438D358D4E9001200F073F8EB7A2A48D4E92D
S31508009448031200F06DF82B7B284A73432848D35833
S31508009458D4E9061200F064F8AB7B264A734326481B
S31508009468D358D4E9091200F05BF82B882348D4E9C5
S315080094780C1200F055F86B882148D4E90F1200F051
S315080094884FF8AB881F48D4E9121200F049F8EB8860
S315080094981D48D4E9151200F043F82B891B48D4E96E
S315080094A8181200F03DF86B7B1948D4E91B1200F036
S315080094B837F805F10F031748D4E91E1200F030F8FB
S315080094C805F119031448D4E9211200F029F8BDE872
S315080094D87040FFF7C9BD00BFBC7B0024480C0024B8
S315080094E80C0C0024B9100390E3100390380A0024E2
S315080094F80D110390EC0600243711039061110390AF
S315080095088B110390B5110390DF110390091203908C
S31508009518331203905D12039087120390000000002F
S30D080095285FF800F0596C02908F
S31508009530002307B5014601AA08480193FCF7E0FD98
S31508009540019B3BB9064B53F8200000F00DF803B019
S315080095505DF804FB034800F00BF8F8E7480C002414
S31508009560D04B0390B11203905FF800F0A56C0290FF
S30D080095705FF800F0596C029047
S3150800957810B52F4C69B1002323602E4A2E4B927AD8
S315080095882E49F7F74BFD0146236808460133236041
S3150800959810BD23680B2BF7D801A252F823F000BF99
S315080095A883950008D9950008E5950008EF95000801
S315080095B8F99500080196000809960008119600080A
S315080095C81996000821960008299600083396000877
S315080095D8184B1B49DA7AF7F713FDD4E7154A194BDE
S315080095E8127B1949CDE7134A184B927B1849C8E7E5
S315080095F8104B18491A88EEE70E4B17495A88EAE7B6
S315080096080C4B16499A88E6E70A4B1549DA88E2E7C1
S31508009618084B14491A89DEE7064B13495A7BDAE7D9
S31508009628124A1349F7F70AFDADE7124A1249F9E74C
S31508009638B87B0024BC7B00240C0C0024FC12039085
S3150800964807130390380A002413130390EC06002422
S31508009658201303902D130390391303904613039090
S3150800966853130390621303906E130390CB7B002465
S311080096787C130390D57B00248513039017
S31508009684DFF834D0FFF7E6FB0C480D490D4A0023F2
S3150800969402E0D458C4500433C4188C42F9D30A4A95
S315080096A40A4C002301E013600432A242FBD301F002
S315080096B473FFFDF737FB70470000082400000024F9
S315080096C4B80D0024A4CF0008B80D0024047F012493
S307080096D4FEE7A1
S315080096D82DE9F04F83B0056804460F4600926D08D9
S315080096E80279AB004069012A019352D0637907F1E0
S315080096F8040B00F09DFB2669A900D4E90223A1F111
S315080097080408EC004FEA820E6A1EB84403EB0E0CF6
S31508009718764427D0009B083C03F108051C445BF8EF
S31508009728043BDCF8009043FB09F158F80409D6F81D
S3150800973800A020FB0A1140FB1AF023FB19031B148F
S31508009748013A4FEA21417644C3F1000025F8023C64
S3150800975825F8041CF444E08005F10405A180A4F169
S315080097680404DCD1B7F900300022B7F90200DDE9B4
S3150800977800451B1A61195B1063534A80B7F9003014
S31508009788B7F9021062800B445B10238003B0BDE86A
S31508009798F08F0B44D4E903C69A46A36805B34FEA83
S315080097A88309DDF800B05AF80439D6F8008043FB77
S315080097B808F157F804EBDCF800202EFB021123FB0E
S315080097C818F35B4242FB1E32104B013D4E44CC4413
S315080097D803EA020343EA11414BF8041BE3D1227951
S315080097E8009D6379294600F023FB2368002BCDD01A
S315080097F8A91E002231F9023F01325B000B8023685B
S315080098089342F7D803B0BDE8F08F00BF0000FFFF0A
S3150800981889B230B4B1F5007F2E4D2F4C02714371D1
S315080098280160C0E9035437D01AD9B1F5006F39D0A9
S315080098380DD9B1F5805F3BD0B1F5005F27D101217D
S31508009848264A002381604261184630BC7047B1F544
S31508009858806F1CD10821224A002381604261F3E700
S3150800986840292BD00AD980292ED0B1F5807F0ED170
S3150800987820211C4A002381604261E5E7202906D198
S315080098884FF48071184A002381604261DCE74FF083
S31508009898FF3330BC184670471021144A00238160EC
S315080098A84261D1E70421124A002381604261CBE76D
S315080098B80221104A002381604261C5E780210E4AC9
S315080098C8002381604261BFE740210C4A002381607A
S315080098D84261B9E7948C039094CC03906C4E03903C
S315080098E87C4E03901C4E03902C4E03904C4E0390CE
S315080098F80C4E03903C4E03905C4E03908C4E03909E
S315080099082DE9F04F9BB005466FF0004E179000887A
S315080099186E688644AF6818939B0806EB4E05149143
S3150800992811960F9713951993CDE9152000F0F58030
S3150800993834468608944600F00300721C08311090D5
S315080099482046D200089105F108010E96CDE90AC30A
S31508009958A2F10803A2180991FB1805921293089A0E
S3150800996800F10805099932F9083CA9460C9521F829
S31508009978083C32F9063C21F8063C32F9043C21F841
S31508009988043C32F9023C21F8023C0E9BD0F800C090
S31508009998D0F804E06446002B00F040810F9A0023B3
S315080099A8CDF808901FFA8EF801929B46059A1D462F
S315080099B81F4699460D921A460393049301990498EB
S315080099C80E68CCFBC6700399CEFBC6B1240C92462A
S315080099D8029A2404D2F800C0524648EA0408C8FB8A
S315080099E8D652A24C1FFA8CF89A4603920EEA040439
S315080099F848EA0403C3FBD6A9019E7468083601968B
S31508009A08CEFBC4700690049002980246D0F804E08B
S31508009A18083210460292CCFBC4B1039A0391C3FBE1
S31508009A28D452924B1FFA8EF807920CEA03031E4685
S31508009A385346CA4648EA0609C9FBD43A059E644607
S31508009A48D146B042BAD1D0460698129C109E1EB38B
S31508009A58D4F80080CCFBC87004905E46CEFBC8617B
S31508009A684FEA1C4C0D9A1FFA8EF003914FEA0C4CDC
S31508009A781168B346079A40EA0C0CCCFBD8524FEA51
S31508009A881E4E1C4689B250464FEA0E4E41EA0E0152
S31508009A98C1FBD840234680460899FF0B4FEADB36B8
S31508009AA80C980831DC0BED0B0A9B089144EA4844EC
S31508009AB8049945EA424504F30F0447EA41470999D8
S31508009AC807F30F070831BFB205F30F05099147EAEF
S31508009AD805470399083343F8087C46EA4146059939
S31508009AE806F30F06B6B2083146EA0446059143F866
S31508009AF8046C0A930B9B013B0B937FF430AF199BBD
S31508009B08149ADB001A441492119A1A441192139A59
S31508009B181A441392159A1A441592189B13F0030CB3
S31508009B283ED0139B4FEA4C0C0F9AA3F1020E169BD4
S31508009B38CDF808C0961C5F08119BDDF854B09C1C2C
S31508009B48149B03EB0C089946944639F9022BA51E73
S31508009B580023002000212EF8022FCDF804E03CF857
S31508009B6823A035F823E034F82320CEFB8A0136F8FB
S31508009B7823A00133C2FB8A019F42F0D1C30BC1451A
S31508009B88DDF804E004F1020443EA414303F30F0352
S31508009B982BF8023BD9D1119BDDF808C06344119311
S31508009BA8169B5F1E179BBE08D3F804C01FD01198D2
S31508009BB80CF1080203460833904238BF9C453DD34A
S31508009BC8711E01293AD96346011D0022013250F84F
S31508009BD8085B51F8084B0833964243F8085C43F883
S31508009BE8044CF3D1F600119BB4443344119317F08F
S31508009BF8030710D0119A013FB2F90030ACF80030CB
S31508009C0809D0B2F90230012FACF8023003D0B2F904
S31508009C180430ACF804301BB0BDE8F08F0E9E0D95E5
S31508009C280F9CB24633460796314630463246B0460A
S31508009C38B346039635463746049607E7314633F959
S31508009C48080C013903F1080302F1080222F8100C7E
S31508009C5833F90E0C22F80E0C33F90C0C22F80C0CFE
S31508009C6833F90A0C22F80A0CE9D1BBE70000FFFF12
S31508009C7838B511F001050CD1044604980818218056
S31508009C88A26029464200184600F02AFE6060284667
S30D08009C9838BD4FF0FF3038BD5E
S31508009CA02DE9F04F4D0881B0164600EB41074DD01F
S31508009CB00446964638462A4621464FF0000CDFF8F9
S31508009CC0A8805EF8043BD1F8009099FA2CF9D0F8F0
S31508009CD000B09BFA2CFBD9FA1BFA99FA2BF941F832
S31508009CE0049B23FB0AF943FB1AF303EA0803013A28
S31508009CF043EA194340F8043BE3D129460223324696
S31508009D00204600F005F9384629463246022304EB78
S31508009D10C50500F0FDF82046B0F90060083030F9B6
S31508009D20064C30F9042C760030F9023C64005200E7
S31508009D3020F8086C5B0020F8064C20F8042C20F864
S31508009D40023C8542E8D101B0BDE8F08F29460223DE
S31508009D5000F0DEF8324629463846022301B0BDE84F
S31108009D60F04F00F0D5B800BF0000FFFF70
S31508009D6C2DE9F04F4D0881B0164600EB41074DD052
S31508009D7C0446964638462A4621464FF0000CDFF82C
S31508009D8CA8805EF8043BD1F8009099FA2CF9D0F823
S31508009D9C00B09BFA2CFBD9FA1BFA99FA2BF941F865
S31508009DAC049B43FB0AF923FB1AF303EA0803013A5B
S31508009DBC43EA194340F8043BE3D1294602233246C9
S31508009DCC204600F0D5F9384629463246022304EBDC
S31508009DDCC50500F0CDF92046B0F90060083030F919
S31508009DEC064C30F9042C760030F9023C640052001B
S31508009DFC20F8086C5B0020F8064C20F8042C20F898
S31508009E0C023C8542E8D101B0BDE8F08F2946022311
S31508009E1C00F0AEF9324629463846022301B0BDE8B1
S31108009E2CF04F00F0A5B900BF0000FFFFD2
S31508009E38012A70B50E4604461D46018833D0B1F589
S31508009E48807F2AD00BD9B1F5806F26D01BD9B1F5FA
S31508009E58006F0BD0B1F5805F1FD06DB970BD202992
S31508009E6804D018D9402918D08029F6D16268304616
S31508009E78FFF712FF002DF1D03046A268A189BDE888
S31508009E88704000F0ADBAB1F5007FE6D16268304699
S31508009E98FFF702FFEEE71029DFD101236268304693
S31508009EA800F032F8D9E7B1F5807F0AD00FD9B1F5B5
S31508009EB8806F06D017D9B1F5006F0FD0B1F5805F5E
S31508009EC8CBD101236268304600F054F9C5E720294A
S31508009ED804D010D94029F4D08029BED1626830460A
S31508009EE8FFF740FFB9E7B1F5007FB6D1626830469B
S31508009EF8FFF738FFB1E71029AFD10123626830466A
S30D08009F0800F038F9A9E700BFD3
S31508009F102DE9F04F0C4695B005460746A408119062
S31508009F2003910021A0001394A1462C469A46924E0E
S31508009F3004440B469446129225182844D7F800E0A4
S31508009F409EFA23FE9EFA23FE2A6892FA23F292FAD2
S31508009F5023F29EFA12F8DEFA12FE226892FA23F229
S31508009F6092FA23F2D0F800B09BFA23FB9BFA23FB64
S31508009F7092FA1BF298FA22FB47F804BBD8FA12F8B1
S31508009F805CF8312022FB08FB42FB18F8226892FA9B
S31508009F9023F292FA23F208EA060848EA1B4844F82C
S31508009FA0048BD0F8008098FA23F898FA23F8D2FAA6
S31508009FB018F2AEFA12F8EEFA12FE5CF8212022FB2D
S31508009FC00EFB42FB1EF2324001EB410E42EA1B42F7
S31508009FD045F8042B5CF82E2022FB08FE42FB18F2FB
S31508009FE03240B9F10109514442EA1E4240F8042BB5
S31508009FF0A4D1139A4FEA8A03042A40F2B980DFF8FB
S3150800A00078A1CDF810900292029D03EB4302119EAF
S3150800A010A908129C92000896880010910F920022B7
S3150800A0200C90039805929A000746DB0009948F4224
S3150800A0300A94069428BF0F4606EBC1010B920E97A9
S3150800A040AF0007910D93069B089AD3F800900A9BD8
S3150800A0501646DDF814C0D3F800800C9B9818099AA8
S3150800A060D2F800E0079A1546991832682C6892FAD1
S3150800A07014F3D2FA14F20468D1F800B094FA1BF477
S3150800A080019393FA24FB049B9BFA23FBC6F800B0C2
S3150800A0903E44019BD3FA24F328FB03FB48FB13F346
S3150800A0A003EA0A03046843EA1B43036038440B685F
S3150800A0B0D4FA13F4A2FA24F3E2FA24F229FB02FBF7
S3150800A0C049FB12F202EA0A0242EA1B422A603D44AE
S3150800A0D02EFB03F24EFB13F303EA0A03029C43EA40
S3150800A0E01243A4440B603944039B6345BDD8069AC2
S3150800A0F00B99059B0A440D99013306920A9A059312
S3150800A1000A440F990A92099A0A440992089A04324B
S3150800A1100892079A043207920E9A934293D3109A9A
S3150800A1200B9B042A02923FF66FAF139E119B1A6887
S3150800A13059689F68DC6892FA17F091FA14F590FA54
S3150800A14025F51D6091FA14F5D0FA25F05860D2FA73
S3150800A15017F2D1FA14F1E2FA21F09860A2FA21F284
S3150800A160013EDA6003F11003E1D115B0BDE8F08FC6
S3110800A1701646119BDBE700BF0000FFFF4E
S3150800A17C2DE9F04F0C4695B005460746A4081190F4
S3150800A18C03910021A0001394A1462C469A46924EA0
S3150800A19C04440B469446129225182844D7F800E036
S3150800A1AC9EFA23FE9EFA23FE2A6892FA23F292FA64
S3150800A1BC23F29EFA12F8DEFA12FE226892FA23F2BB
S3150800A1CC92FA23F2D0F800B09BFA23FB9BFA23FBF6
S3150800A1DC92FA1BF298FA22FB47F804BBD8FA12F843
S3150800A1EC5CF8312042FB08FB22FB18F8226892FA2D
S3150800A1FC23F292FA23F208EA060848EA1B4844F8BE
S3150800A20C048BD0F8008098FA23F898FA23F8D2FA37
S3150800A21C18F2EEFA12F8AEFA12FE5CF8212042FB9E
S3150800A22C0EFB22FB1EF2324001EB410E42EA1B42A8
S3150800A23C45F8042B5CF82E2042FB08FE22FB18F28C
S3150800A24C3240B9F10109514442EA1E4240F8042B46
S3150800A25CA4D1139A4FEA8A03042A40F2B980DFF88C
S3150800A26C78A1CDF810900292029D03EB4302119E41
S3150800A27CA908129C92000896880010910F92002249
S3150800A28C0C90039805929A000746DB0009948F42B6
S3150800A29C0A94069428BF0F4606EBC1010B920E973B
S3150800A2ACAF0007910D93069B089AD3F800900A9B6A
S3150800A2BC1646DDF814C0D3F800800C9B9818099A3A
S3150800A2CCD2F800E0079A1546991832682C6892FA63
S3150800A2DC14F3D2FA14F20468D1F800B094FA1BF409
S3150800A2EC019393FA24FB049B9BFA23FBC6F800B054
S3150800A2FC3E44019BD3FA24F348FB03FB28FB13F3D8
S3150800A30C03EA0A03046843EA1B43036038440B68F0
S3150800A31CD4FA13F4E2FA24F3A2FA24F249FB02FB68
S3150800A32C29FB12F202EA0A0242EA1B422A603D445F
S3150800A33C4EFB03F22EFB13F303EA0A03029C43EAD1
S3150800A34C1243A4440B603944039B6345BDD8069A53
S3150800A35C0B99059B0A440D99013306920A9A0593A3
S3150800A36C0A440F990A92099A0A440992089A0432DD
S3150800A37C0892079A043207920E9A934293D3109A2C
S3150800A38C0B9B042A02923FF66FAF139E119B1A6819
S3150800A39C59689F68DC6892FA17F091FA14F590FAE6
S3150800A3AC25F51D6091FA14F5D0FA25F05860D2FA05
S3150800A3BC17F2D1FA14F1A2FA21F09860E2FA21F216
S3150800A3CC013EDA6003F11003E1D115B0BDE8F08F58
S3110800A3DC1646119BDBE700BF0000FFFFE0
S3150800A3E801B30023F0B502EB430432F813500233E5
S3150800A3F86488AD089BB2A40830F815C06F00994266
S3150800A4084FEA440630F814E007F1020706F1020697
S3150800A41820F815E020F814C0C45B855BC55384533F
S30D0800A428E1D8F0BD704700BF42
S3150800A430164B10B51C68236BB3B9182001F0A2F9A6
S3150800A4400246206320B9124B1248522101F0E6F861
S3150800A4501149124BC0E90013114B83600B2383810A
S3150800A46000210120C2E90401216B0E480B694C69E1
S3150800A4700D4A584302FB0400A3FB0232013340EBAA
S3150800A4800200C1E9043020F0004010BD0C0D002484
S3150800A490ED470390044803900E33CDAB34126DE6B6
S3110800A4A0ECDE05002DF451582D7F954C7C
S3150800A4AC242B2DE9F0478646904601D8012B06D178
S3150800A4BC01F068F8162303600020BDE8F0873448DD
S3150800A4CC0D462A4615F8014B065D16F00806F8D116
S3150800A4DC2D2C10D12C780126951C33F0100215D191
S3150800A4EC302C0DD12A7802F0DF02582A08D16C7864
S3150800A4FC023510230AE02B2C04BF2C78951CECE7AC
S3150800A50C002BF6D1302C14BF0A23082306F1004C75
S3150800A51C0CF1FF3C0022BCFBF3F9104603FB19CAED
S3150800A52CA4F13007092F0FD83C46A3421BDD571C54
S3150800A53C07D0814514D301D1A24511DB00FB03409A
S3150800A54C012215F8014BEBE7A4F14107192F01D8A5
S3150800A55C373CEAE7A4F16107192F04D8573CE4E71E
S3150800A56C4FF0FF32EDE7531C08D12223CEF800300A
S3150800A57C6046B8F1000FA0D0691E06E006B140424D
S3150800A58CB8F1000F99D0002AF6D1C8F8001094E754
S3090800A59C656C049048
S3090800A5A0FFF784BF70
S3150800A5A4002310B50446C0E90033C0E904338360C8
S3150800A5B481814366C2818361194608225C3000F0B2
S3150800A5C491F90D4B63620D4BA3620D4BE3620D4B80
S3150800A5D423630D4B24629C4206D003F1680294421D
S3150800A5E402D0D0339C4205D104F15800BDE810408E
S3150800A5F400F0F6BF10BD00BF91A70008B7A7000872
S3110800A604EFA7000813A80008947D0124A5
S3150800A610024A0349034800F069B800BFF80C002451
S30D0800A62049C30008100D0024CF
S3150800A62841680C4B994210B5044601D001F088FEE2
S3150800A638A168094B994202D0204601F081FEE168DB
S3150800A648064B994204D02046BDE8104001F078BE72
S3150800A65810BD00BF947D0124FC7D0124647E01247D
S3150800A66810B50B4B0B4C0C4A1A60204600220421E5
S3150800A678FFF794FF04F1680001220921FFF78EFF0E
S3150800A68804F1D0000222BDE810401221FFF786BF68
S3110800A698CC7E0124947D012411A6000844
S3110800A6A4014800F09FBF00BFFB7E0124A8
S3110800A6B0014800F09BBF00BFFB7E0124A0
S3150800A6BC10B50446FFF7F0FF236A1BB1BDE810403E
S3150800A6CCFFF7F0BF044B2362044B1B68002BF5D134
S3150800A6DCFFF7C4FFF2E700BF29A60008CC7E0124C9
S3150800A6EC2DE9F8430746884614460026D4E9019511
S3150800A6FCB9F1010905D52468002CF7D13046BDE817
S3150800A70CF883AB89012B07D9B5F90E30013303D081
S3110800A71C29463846C04706436835E9E779
S3150800A7280FB407B5064904AB086853F8042B8168C3
S3150800A738019301F0DDFA03B05DF804EB04B0704745
S3090800A7480C0D0024C2
S3150800A74C0EB410B59DB01FAB029006906FF0004189
S3150800A75C0A48079104910A4953F8042B05910024D9
S3150800A76C02A9006801931B9401F09AF9029B1C70CC
S3150800A77C1DB0BDE8104003B0704700BF0C0D002497
S3090800A78C0802FFFFB3
S3150800A79010B50C46B1F90E1000F0D6FE0028ABBF76
S3150800A7A0636DA3891B1823F48053ACBF6365A3812B
S3070800A7B010BDCC
S3090800A7B200207047BE
S3150800A7B62DE9F0411F468B89DB0505460C461646EC
S3150800A7C605D5B1F90E100223002200F0A8FEA389CA
S3150800A7D6B4F90E1023F48053A38132463B46284625
S30D0800A7E6BDE8F04100F0BFBE1A
S3150800A7EE10B50C46B1F90E1000F095FE431CA38960
S3150800A7FE15BF606523F4805343F48053A38118BFB5
S3090800A80EA38110BD47
S30D0800A812B1F90E1000F017BEA3
S3150800A81A30B51446002C9BB005461A4605DA8B2332
S3150800A82A03604FF0FF301BB030BD4FF40273ADF82A
S3150800A83A0C304FF00003199314BF04F1FF33234673
S3150800A84A029305934FF6FF7300910491ADF80E3003
S3150800A85A69461E9B01F025F9431CBCBF8B232B6056
S3110800A86A002CE0D0009B00221A70DCE7EE
S3150800A87807B5009313460A46014603480068FFF7DA
S3110800A888C8FF03B05DF804FB0C0D0024AB
S3150800A89410B501390244904201D1002005E003783D
S3150800A8A411F8014FA34201D0181B10BD0130F2E77D
S3150800A8B4884210B501EB020402D98442234607D81C
S3150800A8C4431EA14208D011F8012B03F8012FF8E71B
S3150800A8D4024401468A4200D110BD13F8014D02F81C
S3090800A8E4014DF7E736
S3150800A8E802440346934200D1704703F8011BF9E76F
S3150800A8F810B50246147813460132002CFAD1013BEA
S3130800A90811F8012B03F8012F002AF9D110BD12
S3150800A91610B56AB10139841810F8012B11F8013FF0
S3150800A9269A4203D1A04201D0002AF5D1D01A10BD09
S3090800A9361046FCE7D6
S3150800A93A10B50139034632B111F8014F03F8014B34
S3150800A94A013A002CF7D11A440021934200D110BDCE
S30B0800A95A03F8011BF9E7F2
S3150800A960F7B501683B29044611D93C22684600F030
S3150800A97073FE019A63680099002A0B446360BBBFA3
S3150800A9803C3203F1FF3322602260B8BF636061681E
S3150800A9903B2911D93C22684600F05EFE019AA3685D
S3150800A9A00099002A0B44A360BBBF3C3203F1FF3376
S3150800A9B062606260B8BFA360A168172911D918221E
S3150800A9C0684600F049FE019AE3680099002A0B449C
S3150800A9D0E360BBBF183203F1FF33A260A260B8BFC1
S3150800A9E0E36021690B2911D90C22684600F034FE70
S3150800A9F0019A63690099002A0B446361BBBF0C3254
S3150800AA0003F1FF3322612261B8BF636163699A0764
S3150800AA101CD1642193FBF1F201FB1232C2B903F295
S3150800AA206C734FF4C87293FBF2F102FB1133002BDF
S3150800AA300CBF1D231C23E268002A0BDC314D0B20BA
S3150800AA406421E668002E30DD03B0F0BD1C23F2E772
S3150800AA501D23F0E72B4DD4E90312012A14BF55F83C
S3150800AA60220018468142EFDD0132091A0C2AE160FC
S3150800AA702261F0D1636900215A1C21619107626144
S3150800AA803CD1642192FBF1F001FB1022002A37D158
S3150800AA9003F26D734FF4C87293FBF2F102FB1133A4
S3150800AAA0002B0CBF1D231C23D5E72269013A22611E
S3150800AAB0013216D163695A1E9707C4E9040219D1EF
S3150800AAC092FBF1F701FB1722B2B903F26B734FF44D
S3150800AAD0C87293FBF2F702FB1733002B0CBF1D233A
S3150800AAE01C232269012A14BF55F822201A4632442B
S3150800AAF0E260A6E71C23F4E71D23F2E71C23AAE776
S30D0800AB001D23A8E7986D0490D7
S3150800AB082DE9F04F85B0074601F014FD8146384611
S3150800AB18FFF722FFD7E900433C2202FB0344BB6840
S3150800AB287D694FF4616202FB0344D7E90363C34AAC
S3150800AB3852F82320013E012B164411DDA9070FD12F
S3150800AB48642295FBF2F302FB135343B905F26C73BF
S3150800AB584FF4C87293FBF2F102FB113303B90136BD
S3150800AB6805F51C53103344F620629342FE6100F241
S3150800AB787081462D40F3B680462340F26D1C642149
S3150800AB884FF4C8709A0740F0A78093FBF1F201FBCF
S3150800AB981232002A40F0A38003F26C7292FBF0FE90
S3150800ABA800FB1E22002A0CBF4FF4B7726246013317
S3150800ABB89D421644E6D1A24B4FEAE478C6FB034801
S3150800ABC800F00AFA00F014FA9E4B1B68002B00F0F6
S3150800ABD84781D7F820A078695346012BA8BF0123D7
S3150800ABE80193D9F8043000F26C70834240F0BD80B6
S3150800ABF8D9E90821D9F85000D9F84CC0131A039393
S3150800AC08D9F848300293029AD9F8283061EBE07BE4
S3150800AC18B2EB030E6CEBE371744578EB010280F234
S3150800AC28C780D9F80020002A00F0D080039A9442F9
S3150800AC3878EB0B02C0F21181744578EB0101B4BFB9
S3150800AC484FF0010B4FF0000BBAF1000FC0F29480D9
S3150800AC58019A82EA0B0ABAF1010F40F08D80BBF11E
S3150800AC68000F00F0C2801B1A3A681A441C193A6089
S3150800AC783846FA68019248EBE378FFF76DFEFB68F9
S3150800AC88019A9B1A78D0012B00F3B180B3F1FF3FE4
S3150800AC98A8BF9A46FB691AEB0303564440F1B080ED
S3150800ACA86B1E990740F0A680642293FBF2F102FB1B
S3150800ACB81133002B40F0A1804FF4C87305F26B7569
S3150800ACC895FBF3F203FB1255002D40F26D1318BFDE
S3150800ACD84FF4B673FB614FE040F26D1267E74FF425
S3150800ACE8B77264E73FF467AF452340F26D1C6421E9
S3150800ACF84FF4C87012E062BB93FBF1F201FB123203
S3150800AD0852BB03F26C7292FBF0FE00FB1E22002A6D
S3150800AD180CBF4FF4B7726246B61A013B9D4203F060
S3150800AD280302E8DBDAB9642295FBF2F302FB135354
S3150800AD38C3B905F26C734FF4C87293FBF2F102FBC0
S3150800AD481133002B40F26D1308BF4FF4B773F61A88
S3150800AD5831E740F26D12DFE74FF4B772DCE740F2ED
S3150800AD686D13F4E74FF4B773F1E700F081F800289C
S3150800AD787FF43EAFDDF804B0BBF1010F72D1D9F804
S3150800AD8850301C1948EBE3784FF0010B00F02AF90C
S3150800AD980436072396FBF3F3C3EBC303F61A56D414
S3150800ADA8C7F820B0BE612046414605B0BDE8F08F19
S3150800ADB8029A121A02924FEAE0726CEB020C029A95
S3150800ADC8944278EB0C0CBFF62CAFD3E7039A94425F
S3150800ADD878EB0B02FFF630AFBAF1000FCFDB4FF076
S3150800ADE8010B35E74FF0000B32E7C31A3CE74FF083
S3150800ADF8FF3A4FE74FF4B6736CE740F26D1369E70D
S3150800AE08AA0717D1642195FBF1F201FB1252DAB9A8
S3150800AE184FF4C87205F26C7595FBF2F102FB1155F1
S3150800AE28002D40F26D1208BF4FF4B7729342A8BFBF
S3150800AE389B1A4FE740F26D12F8E700BF686D049059
S3150800AE4880510100F07E01244FF4B772EEE7073609
S3150800AE58A6E74FF0FF34A046A5E7BAF1000FC1DA16
S3150800AE684FF0000BD9F828301C1948EBE3788DE722
S3150800AE782DE9F843044601F05DFB40F2B1739C42A4
S3150800AE8840F3A3806FF4F6616518A4F2B27340F232
S3150800AE986D12AD1002FB03556FF4C8666FF06302B6
S3150800AEA8A4F26D7393FBF2F31D44A319484E44604C
S3150800AEB84FF4C8720146B3FBF2F300F150071D447C
S3150800AEC80B7AD1F814C04A2B38D1A20705EB0C0324
S3150800AED806D14FF0640E94FBFEF20EFB124232B90D
S3150800AEE84FF4C87E94FBFEF20EFB12421ABBBCF165
S3150800AEF83B0FD4BF4FF0000C4FF0010C6344013BE5
S3150800AF088A694FEAE27CC3FB062C8B6AD2184CEB9B
S3150800AF18E373C1E9082328318F42D1D1D0E9084320
S3150800AF28D0E912128C429341B4BF0123002303606F
S3150800AF380120BDE8F8834FF0000CDFE7442B02D167
S3150800AF4805EB0C03DCE7A30705D1642294FBF2F3AF
S3150800AF5802FB134393BB4FF4C87294FBF2F302FB4C
S3150800AF681343B3FA83F35B09DFF868E0D1F80C906A
S3150800AF785B4203F030032A464FF00008734408F191
S3150800AF880108C14553F828E01ADC02F1040807232A
S3150800AF9898FBF3F3C3EBC303A8EB0303BCEB030C5F
S3150800AFA80B6903F1FF3348BF0CF1070CC3EBC30366
S3150800AFB89C44F44506DA02EB0C03A1E70123D3E720
S3150800AFC87244DCE7ACF1070CF3E70020B1E700BFF1
S30D0800AFD880510100C46D0490CC
S3110800AFE0014800F000BB00BFF87E012409
S3110800AFEC014800F0FCBA00BFF87E012402
S3110800AFF8014B186800F002B80C0D00248C
S3150800B0042DE9F04F8DB0074601F096FABC49BD4DBF
S3150800B0140446384600F0ACFB064610BBBA4BBB4A9E
S3150800B0241860BB4BA0621860BA4B2065C3E90022BE
S3150800B0344A2100220023C4E90300C4E90500C4E93F
S3150800B0440D00C4E90F00C4E90823C4E912232868DB
S3150800B054217284F8301000F09BFB2E600DB0BDE819
S3150800B064F08F2968002940F08E80286800F090FB4C
S3150800B0743046F5F745F9411C384600F0B3FB28601D
S3150800B084002840F08680A24ADFF88882DFF878A292
S3150800B09400231360A04ACAF8003000200021C8E93A
S3150800B0A40022C4E90333C4E90533C4E90801C4E941
S3150800B0B40D33C4E90F33C4E912014A222272A3628A
S3150800B0C484F83020236533783A2B08BF0136337861
S3150800B0D43C2B62D1751C914A91490AAB284601F06A
S3150800B0E46BF90028BADD0A9BDA1E072AB6D8EB5C88
S3150800B0F43E2BB3D102360A9BF518F35C2D2B5AD195
S3150800B10401354FF0FF390023ADF81E30ADF8203075
S3150800B11408AF0AABCDE9013703930DF11E0300937B
S3150800B12480490AAB07AA284601F046F9002895DDA6
S3150800B134BDF81E30BDF820603C2202FB0366BDF84C
S3150800B1441C304FF4616202FB03660A9B09FB06F690
S3150800B15405EB0309EB5C3C2B40F0EE8009F1010595
S3150800B164714A6F490AAB284601F026F9002828DCFB
S3150800B17499F801303E2B24D1684BA662C8E90033FE
S3150800B184CAF800606AE7F5F7B1F800287FF46DAFEE
S3150800B19464E7314600F029FA75E7604A63490AAB61
S3150800B1A4304601F009F900287FF758AF0A9B033B9C
S3150800B1B4072BA0D952E72B2B08BF01354FF00109FD
S3150800B1C4A1E70A9BDA1E072A3FF648AFEB5C3E2B3B
S3150800B1D47FF444AF09F102090A9B09EB030519F840
S3150800B1E403302D2B40F0B78001354FF0FF3900238B
S3150800B1F4ADF81C30ADF81E30ADF820300A930AAB12
S3150800B204CDE9027301930DF11E03009345490AAB78
S3150800B21407AA284601F0D0F8002800F3A280A6F56C
S3150800B224616304930A9B27461D444FF0000B2B7851
S3150800B2342C2B08BF013595F80090B9F14D0F40F055
S3150800B244A3800AAB0DF12602CDE9013209AA0092C0
S3150800B254374903930DF12202284601F0ADF8032875
S3150800B2647FF4FCAEBDF822104B1E0B2B3FF6F6AE50
S3150800B274BDF82420531E042B3FF6F0AEBDF8263045
S3150800B284062B3FF6EBAEC7E9031287F808907B61F5
S3150800B2940A9B05EB030900254FF00203ADF81C30A1
S3150800B2A4ADF81E50ADF820500A9599F800302F2BAA
S3150800B2B440F096800AAB08AACDE901320DF11E02C8
S3150800B2C400921C49039307AA484601F075F8A84258
S3150800B2D400F386804A2100220023C4E90355C4E901
S3150800B2E40555C4E90823C4E90D55C4E90F55C4E94D
S3150800B2F412232172A56284F830102565AEE600BFD4
S3150800B3045C480390D07E0124EC7E01245F480390B8
S3150800B314F07E0124040D002409D40290E07E012461
S3150800B3246348039098480390D47E01247648039092
S3150800B33484480390974803903E4A3F490AAB4846D7
S3150800B34401F03AF800287FF717AF0A9B033B072B4F
S3150800B3547FF642AF82E62B2B08BF01354FF0010971
S3150800B36445E7BDF81E20BDF820303C2101FB023319
S3150800B374BDF81C204FF4616101FB023309FB03F39A
S3150800B3844FE74FF0010B52E7B9F14A0F06BF0135F3
S3150800B3944B4644230A220BA92846059300F01EFBB4
S3150800B3A4DDF82C90059BADF82600A94514D14D234C
S3150800B3B4BBF1000F07D1237203210223C4E9031347
S3150800B3C4C4F814B067E784F830300B220123C4E9C3
S3150800B3D40D230023E3635EE780B23B7278615AE784
S3150800B3E4BDF81E20BDF820303C2101FB0233BDF810
S3150800B3F41C204FF4616101FB0233BB610A9D2837A7
S3150800B4044D44BBF1000FBCD0049B23650B4BC8F815
S3150800B41400306068074BA662C8F80430FFF72AFDB7
S3150800B424A26A236DCAF800209B1A054A18BF01238D
S3150800B434136013E6D47E012476480390E07E012443
S3090800B444F07E012463
S3150800B44838B5064D0023044608462B60FDF7D4FC9C
S3150800B458431C02D12B6803B1236038BDF47E01244E
S3150800B4682D4B1B68834270B5044653D0C3691BB37A
S3150800B478DB6863B10025E369DB685959B1B9043556
S3150800B488802DF8D1E3692046D96800F0E9F8E36920
S3150800B498196811B1204600F0E3F8E3699D685DB1C3
S3150800B4A8294620462D6800F0DBF8F8E70E6820469E
S3150800B4B800F0D6F83146E1E7616911B1204600F097
S3150800B4C8CFF8E16911B1204600F0CAF8216B11B12D
S3150800B4D8204600F0C5F8616B11B1204600F0C0F8A7
S3150800B4E8A16B11B1204600F0BBF8A16C11B120463A
S3150800B4F800F0B6F8616C11B1204600F0B1F8E16ABF
S3150800B50811B1204600F0ACF8236A1BB12046BDE805
S3110800B5187040184770BD00BF0C0D0024E1
S3150800B52438B5074D04460846114600222A601A46CD
S3150800B534FDF76EFC431C02D12B6803B1236038BDAA
S3090800B544F47E01245E
S3150800B54838B5074D04460846114600222A601A46A9
S3150800B558FDF736FC431C02D12B6803B1236038BDBE
S3090800B568F47E01243A
S3150800B56C38B5074D04460846114600222A601A4685
S3150800B57CFDF732FC431C02D12B6803B1236038BD9E
S3090800B58CF47E012416
S3110800B590014B1868704700BF0C0D002422
S3150800B59C70B50D4D0D4C641BA4100026A64209D19E
S3150800B5AC0B4D0C4CF4F772FE641BA4100026A64235
S3150800B5BC05D170BD55F8043B98470136EEE755F8AA
S3150800B5CC043B98470136F2E79CCF00089CCF00084D
S30D0800B5DC9CCF0008A0CF00086F
S3070800B5E47047A0
S3070800B5E670479E
S3070800B5E870479C
S3070800B5EA70479A
S3070800B5EC704798
S3150800B5EE034611F8012B03F8012B002AF9D17047EF
S3150800B5FE0A44914200F1FF3300D1704710B511F895
S3110800B60E014B03F8014F9142F9D110BD21
S3150800B61C1FB514461A46094B1B680546D8684CB123
S3150800B62C074B0091CDE9013406492B4600F0AEFED6
S3150800B63C00F092FF044B1C46F3E700BF0C0D0024E8
S3110800B64CAA480390B748039009D402905E
S3150800B65810B591FBF2F402FB14110460416010BDA9
S3150800B66838B50546002941D051F8043C0C1F002B73
S3150800B678B8BFE41800F034F91D4A136833B9636093
S3150800B68814602846BDE8384000F030B9A34208D906
S3150800B698206821188B4201BF19685B680918216060
S3150800B6A8EDE71A465B680BB1A342FAD91168501838
S3150800B6B8A0420BD120680144501883421160E0D19A
S3150800B6C818685B68536008441060DAE702D90C23E7
S3150800B6D82B60D6E7206821188B4204BF19685B6877
S3150800B6E8636004BF091821605460CAE738BD00BF03
S3090800B6F8007F01249C
S3150800B6FC2DE9F84FDFF86CA006468946174600F088
S3150800B70C33FFDAF8004034B14B46984613F8012B50
S3150800B71C3AB13D2AF9D1304600F02CFF0020BDE89D
S3150800B72CF88FA8EB0908A34654F8040B0028F2D0A6
S3150800B73C42464946FFF7E9F80028F4D154F8043C88
S3150800B74C03EB080513F808303D2BECD1DAF800307A
S3150800B75CABEB03039B1030463B6000F00BFF681CF9
S30D0800B76CDDE700BF140A002402
S3130800B77407B501AAFFF7C0FF03B05DF804FB96
S3150800B784024B0146186800F02DB800BF0C0D0024C2
S3150800B794024B01461868FFF765BF00BF0C0D00246D
S3150800B7A470B50F4E0C463168054611B900F0C8FE4F
S3150800B7B430602146284600F0C3FE431C03D14FF0EF
S3150800B7C4FF34204670BDC41C24F00304A042F8D0FC
S3150800B7D4211A284600F0B4FE0130F2D1EFE700BF83
S3090800B7E4FC7E0124B4
S3150800B7E82DE9F843CD1C25F0030508350C2D38BF7F
S3150800B7F80C25002D064601DBA94204D90C23336023
S3150800B8080020BDE8F883DFF8D48000F069F8D8F896
S3150800B81800301C4644BB29463046FFF7BFFF431C89
S3150800B828044658D1D8F800402746002F43D1002CA3
S3150800B8384BD023683946304604EB030900F07EFEF0
S3150800B848814542D121686D1A29463046FFF7A6FF79
S3150800B85801303AD023682B442360D8F800305A6858
S3150800B86862BBC8F800700FE02268521B20D40B2A66
S3150800B87817D96119A342256018BF5960636808BFBC
S3150800B888C8F8001062514B60304600F02FF804F1F2
S3150800B8980B00231D20F00700C21A1CBF1B1AA35051
S3150800B8A8AFE76268A3420CBFC8F800205A60EBE706
S3150800B8B823466468AEE73C467F68B6E71A465B687F
S3150800B8C8A342FBD100235360DEE70C2333603046DE
S3150800B8D800F00CF894E70560D6E700BF007F01245E
S3110800B8E80148FFF77DBE00BFFA7E012470
S3110800B8F40148FFF779BE00BFFA7E012468
S3150800B9002DE9F043344E86460D46284615F8014B78
S3150800B910375D17F00807F8D12D2C10D12C780127A0
S3150800B920851C33F0100015D1302C0DD1287800F085
S3150800B930DF00582808D16C78023510230AE02B2C32
S3150800B94004BF2C78851CECE7002BF6D1302C14BFED
S3150800B9500A2308234FF0FF380026B8FBF3F803FB49
S3150800B96008F96FEA09093046A4F1300CBCF1090F51
S3150800B97010D86446A3421EDDB6F1FF3F07D08045C6
S3150800B98016D301D1A14513DB00FB0340012615F8A8
S3150800B990014BE9E7A4F1410CBCF1190F01D8373C7A
S3150800B9A0E8E7A4F1610CBCF1190F04D8573CE1E7AC
S3150800B9B04FF0FF36EBE7731C06D12223CEF8003092
S3150800B9C0304632B9BDE8F08307B14042002AF9D0C3
S3110800B9D006B1691E1160F5E7656C04906D
S3090800B9DCFFF790BF14
S3150800B9E013460A46014602480068FFF789BF00BFAA
S3090800B9F00C0D002408
S3150800B9F42DE9F0478E681F46BE420B6882460C4600
S3150800BA0490462DD8B1F90C2012F4906F26D06569AA
S3150800BA14096905EB4505A3EB010905EBD5757B1CFF
S3150800BA244B446D109D4238BF1D46530527D52946FC
S3150800BA34FFF7D8FE064660B321694A46FFF7DDFDDF
S3150800BA44A38923F4906343F08003A3812661656187
S3150800BA544E44A5EB09052660A5603E46BE4200D9BC
S3150800BA643E46206832464146FEF722FFA3689B1BE2
S3150800BA74A3602368334423600020BDE8F0872A4680
S3150800BA8400F082FD06460028E0D121695046FFF7FA
S3150800BA94E9FD0C23CAF80030A38943F04003A381C7
S30B0800BAA44FF0FF30E9E750
S3150800BAAC2DE9F04F98468B891B069DB007460D4627
S3150800BABC144610D50B6973B94021FFF78FFE286021
S3150800BACC286130B90C233B604FF0FF301DB0BDE840
S3150800BADCF08F40236B610023099320238DF82930BE
S3150800BAECCDF80C803023DFF89C818DF82A304FF086
S3150800BAFC010923469A4613F8012B0AB1252AF9D1CE
S3150800BB0CBAEB040B0BD05B46224629463846FFF7A0
S3150800BB1C6BFF013000F0A780099A5A4409929AF8EB
S3150800BB2C0030002B00F09F8000234FF0FF32CDE948
S3150800BB3C05230AF1010A049307938DF853301A93D7
S3150800BB4C5446052214F8011B4E48F4F7E3FB049AF5
S3150800BB5CD8B9D00644BF20238DF85330110744BFFB
S3150800BB6C2B238DF853309AF800302A2B15D0079AC8
S3150800BB7C544600204FF00A0C214611F8013B303B85
S3150800BB8C092B4BD9B0B1079214E0A0EB080309FABC
S3150800BB9C03F313430493A246D2E7039B191D1B68B0
S3150800BBAC0391002BBBBF5B4242F00202079307933B
S3150800BBBCB8BF049223782E2B0AD163782A2B32D15C
S3150800BBCC039B1A1D1B68039243EAE373023405931D
S3150800BBDCDFF8C0A0217803225046F4F79BFB38B156
S3150800BBEC049BA0EB0A0040228240134301340493C1
S3150800BBFC14F8011B24488DF828100622F4F78AFB42
S3150800BC0C002836D0214B1BBB039B073323F00703B5
S3150800BC1C08330393099B334409936AE70CFB0232F6
S3150800BC2C0C460120A8E700230134059319464FF06A
S3150800BC3C0A0C204610F8012B303A092A03D9002B96
S3150800BC4CC6D00591C4E70CFB012104460123F0E795
S3150800BC5C03AB00932A460E4B04A93846AFF3008073
S3150800BC6C421C0646D6D1AB895B063FF52DAF099823
S3150800BC7C2CE703AB00932A46054B04A9384600F07B
S3150800BC8CBBF9EDE7E6480390F04803900000000086
S30D0800BC9CF5B90008EC48039015
S3150800BCA49368013B002B10B4936008DA9469A342A5
S3150800BCB401DB0A2903D15DF8044B00F0A9BB13681C
S3130800BCC4581C1060197008465DF8044B70474E
S3150800BCD2F8B506460F461446D518AC4201D10020DF
S3150800BCE207E014F8011B3A463046FFF7DAFF431C11
S3090800BCF2F3D1F8BDC7
S3150800BCF82DE9F04F0D469DB014469846064618B1EC
S3150800BD08036A0BB9FEF7D6FC6B6ED90705D4AB895F
S3150800BD189A0502D4A86DFFF763FCAB891B0701D502
S3150800BD282B699BB92946304600F0AEFB70B16B6E9D
S3150800BD38DC0704D54FF0FF301DB0BDE8F08FAB899E
S3150800BD489805F7D4A86DFFF74DFCF3E70023099388
S3150800BD5820238DF82930CDF80C803023DFF8AC8104
S3150800BD688DF82A304FF0010923469A4613F8012B15
S3150800BD780AB1252AF9D1BAEB040B0BD05B46224641
S3150800BD8829463046FFF7A1FF013000F0A780099A37
S3150800BD985A4409929AF80030002B00F09F80002335
S3150800BDA84FF0FF32CDE905230AF1010A04930793F8
S3150800BDB88DF853301A935446052214F8011B534834
S3150800BDC8F4F7AAFA049AD8B9D10644BF20238DF8FD
S3150800BDD85330130744BF2B238DF853309AF8003095
S3150800BDE82A2B15D0079A544600204FF00A0C2146EC
S3150800BDF811F8013B303B092B4BD9B0B1079214E037
S3150800BE08A0EB080309FA03F313430493A246D2E7FF
S3150800BE18039B191D1B680391002BBBBF5B4242F0AD
S3150800BE28020207930793B8BF049223782E2B0AD1E8
S3150800BE3863782A2B32D1039B1A1D1B68039243EA9F
S3150800BE48E37302340593DFF8D4A021780322504619
S3150800BE58F4F762FA38B1049BA0EB0A004022824044
S3150800BE6813430134049314F8011B29488DF8281044
S3150800BE780622F4F751FA00283FD0264B1BBB039B32
S3150800BE88073323F0070308330393099B3B440993B5
S3150800BE986AE70CFB02320C460120A8E700230134A6
S3150800BEA8059319464FF00A0C204610F8012B303A2C
S3150800BEB8092A03D9002BC6D00591C4E70CFB012132
S3150800BEC804460123F0E703AB00932A46124B04A95C
S3150800BED83046AFF300800746781CD6D16B6ED90773
S3150800BEE805D4AB899A0502D4A86DFFF77BFBAB8905
S3150800BEF85B063FF51FAF09981EE703AB00932A4672
S3150800BF08054B04A9304600F079F8E4E7E6480390BB
S3150800BF18F048039000000000D3BC0008EC480390E2
S3150800BF282DE9F047164698468A680B69DDF8209089
S3150800BF389342B8BF1346336091F8432007460C4628
S3150800BF480AB1013333602368990642BF336802335E
S3150800BF583360256815F0060506D104F1190AE36861
S3150800BF6832689B1AAB4226DC94F843302268003BB9
S3150800BF7818BF012392062BD404F1430241463846DA
S3150800BF88C84701301ED02368226903F00603042B2C
S3150800BF9802BFE5683368ED1AA3680CBF25EAE5759C
S3150800BFA800259342C4BF9B1AED1800261A34B542D9
S3150800BFB81AD1002008E00123524641463846C847A8
S3150800BFC8013003D14FF0FF30BDE8F0870135C6E7E9
S3150800BFD8E1185A1C302081F84300224494F8451089
S3150800BFE882F843100233C7E70123224641463846FA
S30F0800BFF8C8470130E6D00136D9E744
S3150800C0042DE9FF470F7E0C9E782F914680460C46F5
S3150800C0149A4601F1430207D8622F0AD8002F00F086
S3150800C024D180582F00F0B88004F1420684F8427093
S3150800C0343AE0A7F16303152BF6D801A151F823F0CA
S3150800C0449DC00008B1C000082DC000082DC0000816
S3150800C0542DC000082DC00008B1C000082DC0000876
S3150800C0642DC000082DC000082DC00008AFC1000867
S3150800C074DBC0000869C100082DC000082DC00008EF
S3150800C084D1C100082DC00008DBC000082DC0000877
S3150800C0942DC0000871C1000833681A1D1B68326078
S3150800C0A404F1420684F8423001239CE03368206890
S3150800C0B4191D3160060601D51D6803E04506FBD542
S3150800C0C4B3F90050002D03DA2D236D4284F843306A
S3150800C0D458480A2311E021683368080653F8045BB4
S3150800C0E402D4490648BFADB26F2F5248336014BF15
S3150800C0F40A230823002184F843106668A660002EE4
S3150800C10405DB21682E4321F0040121604BD0164635
S3150800C114B5FBF3F103FB1157C75D06F8017D2F46FE
S3150800C124BB420D46F4D9082B0BD12368DF0708D583
S3150800C134236961689942DEBF302306F8013C06F19B
S3150800C144FF36921B2261CDF800A04B4603AA21466E
S3150800C1544046FFF7E7FE01304AD14FF0FF3004B0FE
S3150800C164BDE8F087236843F0200323603248782724
S3150800C17484F84570236831681F0651F8045B02D4B5
S3150800C1845F0648BFADB23160D90744BF43F0200308
S3150800C19423601DB11023ADE72648E9E7236823F099
S3150800C1A420032360F6E71646BDE733682568616908
S3150800C1B4181D30602E061B6801D5196002E0680652
S3150800C1C4FBD51980002323611646BCE733681A1D7C
S3150800C1D432601E68626800213046F4F79FF808B199
S3150800C1E4801B606063682361002384F84330AAE7F0
S3150800C1F42369324649464046D0470130ADD02368C4
S3150800C2049B0713D4E068039B9842B8BF1846A6E771
S3150800C2140123324649464046D04701309DD0013570
S3150800C224E36803995B1AAB42F2DCEBE7002504F1F9
S3110800C2341906F5E7F7480390084903903F
S3150800C240B1F90C202DE9F041160705460C4654D4E1
S3150800C2504B68002B02DC0B6C002B48DDE66A002ECF
S3150800C26045D0002312F480522F68216A2B6030D003
S3150800C270626DA389590705D56368D21A636B0BB13A
S3150800C280236CD21A0023E66A216A2846B047431C63
S3150800C290A38906D129681D292BD82A4ACA40D60758
S3150800C2A027D500226260D9042269226004D5421C7F
S3150800C2B001D12B6803B96065616B2F60B9B104F1D0
S3150800C2C04403994202D02846FFF7CEF90023636358
S3150800C2D00DE001232846B0470246501CC9D12B68F9
S3150800C2E0002BC6D01D2B01D0162B1ED12F60002087
S3150800C2F022E043F040031BB21BE00F69002FF6D083
S3150800C30093070E6808BF4B690F6018BF0023A6EB9A
S3150800C31007088B60B8F1000FE9DD216AA66A434673
S3150800C3203A462846B047002808DCB4F90C3043F0F2
S3150800C3304003A3814FF0FF30BDE8F0810744A8EB26
S30D0800C3400008E7E701004020B0
S3150800C34838B50B6905460C4613B90025284638BD85
S3150800C35818B1036A0BB9FEF7ADF9B4F90C30002B1E
S3150800C368F3D0626ED00704D4990502D4A06DFFF7FE
S3150800C37837F928462146FFF75FFF636EDA07054651
S3150800C388E4D4A3899B05E1D4A06DFFF72BF9DDE773
S3150800C3980EB403B5014603AB054853F8042B0068E9
S3150800C3A80193FFF7A5FC02B05DF804EB03B07047EC
S3090800C3B80C0D002436
S3150800C3BC0EB470B59DB021AC00254FF4017254F83B
S3150800C3CC046BADF814201B9502900690F3F794FFB6
S3150800C3DC0B4B039007900B480B934FF6FF73ADF876
S3150800C3EC16303246234602A900680F951495019417
S3150800C3FC00F04EF91DB0BDE8704003B0704700BFA1
S30D0800C40CB3A700080C0D00247B
S3150800C414F8B50E461446054618B1036A0BB9FEF775
S3150800C4244BF9A369A360A3891A0701D5236943B9FC
S3150800C4342146284600F02AF818B14FF0FF37384647
S3150800C444F8BD23682269981A6369F6B283423746A7
S3150800C45405DC21462846FFF775FF0028EDD1A368B9
S3150800C464013BA36023685A1C22601E706269431C40
S3150800C4749A4204D0A389DB07E1D50A2EDFD12146E7
S3110800C4842846FFF75FFF0028D9D0D6E74E
S3150800C49038B5294B054618680C4618B1036A0BB916
S3150800C4A0FEF70CF9B4F90C30190722D4DA0607D4CA
S3150800C4B009222A6043F04003A3814FF0FF3033E09E
S3150800C4C0580712D5616B41B104F14403994202D071
S3150800C4D02846FFF7C9F800236363A38923F02403DA
S3150800C4E0A3810023636023692360A38943F00803BB
S3150800C4F0A38123694BB9A38903F42073B3F5007F9D
S3150800C50003D02146284600F0B3FBB4F90C3013F0EB
S3150800C51001020AD00022A26062695242A26122691F
S3150800C52042B913F08000C5D138BD990758BF626972
S3110800C530A260F4E70020F7E70C0D0024D9
S30D0800C53C00487047600D002459
S3150800C54438B5064D0023044608462B60FCF762FC02
S3150800C554431C02D12B6803B1236038BDF47E012441
S3130800C56408B5062000F05AFC0120FCF725FC5D
S3110800C5740148FFF737B800BFF97E012424
S3110800C5800148FFF733B800BFF97E01241C
S3150800C58C2DE9F041074614460D4621B9BDE8F041A0
S3150800C59C1146FFF723B92AB9FFF760F8254628464E
S3150800C5ACBDE8F08100F074FC8442064602D8B4EB70
S3150800C5BC500FF4D821463846FFF710F9804608B9CB
S3150800C5CC4546ECE7B4422246294628BF3246FFF7D1
S3110800C5DC10F829463846FFF741F8F1E749
S3150800C5E838B54B1C144603D14FF0FF35284638BDDD
S3150800C5F8938923F020039381636B5268CDB28BB17C
S3150800C608A36B934208DD23685A1E226003F8015C6F
S3150800C618636801336360E9E7214600F09AFB00285E
S3150800C628F1D0E1E72169236851B1994208D213F894
S3150800C638011CA94204D1013B013223606260D5E797
S3150800C648C4E90F3204F1440363630323A36323464F
S30F0800C65803F8465F23600123DCE7C0
S3150800C66210B50C46496B69B104F14403994201D0ED
S3150800C672FEF7F9FF236C63600020606313B1E36B76
S3150800C682236010BD2369236000236360A38943F0F6
S30F0800C6922003A3814FF0FF30F3E701
S3150800C69C2DE9F04F0C46ADF5237D0021CDE944116B
S3150800C6ACA649A0910DF10408A549A64FCDF8188105
S3150800C6BC0646A191009392F80090B9F1000F00F08C
S3150800C6CC588117F8093013F0080302F1010519D03F
S3150800C6DC6368002B0FDD23681A78BA5C120701D43D
S3150800C6EC2A46E8E7459A0132459262680133013ACF
S3150800C6FC62602360ECE7A19B2146304698470028E8
S3150800C70CE9D0EDE7B9F1250F40F0858041934393C5
S3150800C71C53782A2B02BF1023951C41930A22AA464A
S3150800C72C1AF8011BA1F13003092B1ED9DFF818B230
S3150800C73C03225846F3F7EEFD38B1419AA0EB0B00ED
S3150800C74C0123834013434193554615F8013B782B37
S3150800C75C06D8572B10D8252B5DD057D8002B75D05B
S3150800C76C032347930A23429388E0439B02FB031156
S3150800C77C303943915546D2E7A3F15802202AEFD80F
S3150800C78C01A151F822F000BF67C800086DC7000860
S3150800C79C6DC70008C1C800086DC700086DC700083A
S3150800C7AC6DC700086DC700086DC700086DC700087F
S3150800C7BC6DC70008D7C80008BDC800081FC8000800
S3150800C7CC1FC800081FC800086DC7000879C80008EC
S3150800C7DC6DC700086DC700086DC700086DC700084F
S3150800C7ECE7C8000881C800085FC800086DC70008BC
S3150800C7FC6DC70008E3C800086DC70008BDC8000867
S3150800C80C6DC700086DC7000867C80008453B022BB2
S3150800C81CA6D8052331E06368002B0DDD23681A784A
S3150800C82C4A4540F0A680013362682360459B013A6D
S3150800C83C01336260459353E7A19B214630469847DE
S3150800C84C0028EBD04498002840F08B804FF0FF303E
S3150800C85C8BE0419A42F020024192419A42F40072CE
S3150800C86C419210226E2B429202D905E00023429384
S3150800C87C032302E008234293042347936368002B9F
S3150800C88C39DD419B590604D423681A78BA5C120719
S3150800C89C38D4479B022B47DC6B46224641A93046C7
S3150800C8AC00F06CF8012864D002287FF419AFC9E7A8
S3150800C8BC0A22D7E72946404600F010FA419B43F076
S3150800C8CC4003419305460123D7E7419B43F04003B8
S3150800C8DC41930023D1E70223CFE74198C3063FF5DE
S3150800C8ECFFAE009B459A191D00911B68C0074CBFEB
S3150800C8FC1A801A60F4E6A19B214630469847002810
S3150800C90CBFD09FE7459A013245926268013A002AE0
S3150800C91C626002DD01332360B6E7A19B21463046EF
S3150800C92C98470028B0D08DE7042B0FDC6B462246BF
S3150800C93C41A9304600F07CF8B4E700BFE9C5000809
S3150800C94C63C60008656C0490EC4803900A4B002BF0
S3150800C95C3FF4C6AE6B46224641A93046AFF300807B
S3150800C96CA0E7A3895B063FF571AF0DF5237DBDE8FE
S3110800C97CF08F4498F9E700BF00000000A7
S3150800C9882DE9F84315468A6880460C4632B98A69FD
S3150800C998002A14BF4FF0FF3201228A602268DFF8A6
S3150800C9A89090D1065FBF1A68111D1960166800278E
S3150800C9B8A06988B1012807D12B681A7863699B5C36
S3150800C9C853B9002F31D022E0022820D12B681B78D2
S3150800C9D819F803301B071AD42368DA065EBF2B68D2
S3150800C9E81B7806F8013B2A686B6801322A60A26838
S3150800C9F8013B013A6B600137A26042B1002BD7DCD4
S3150800CA08D4F880312946404698470028D0D023686C
S3150800CA1813F0100305D1E2680132E260A26902B197
S3150800CA28337023693B4423610020BDE8F88300BFBF
S3090800CA38656C049087
S3150800CA3C2DE9F04F9846744B0C468246164693E8F9
S3150800CA4C070087B003AB83E80700704BA169704AEF
S3150800CA5C032908BF1A46A36801925A1EB2F5AE7F7F
S3150800CA6C88BF6FF4AE75274682BF03EB050940F203
S3150800CA7C5D13A36057F81C3B43F4506398BF4FF003
S3150800CA8C000923603D464FF0000B316803AB09786B
S3150800CA9C53F82B000222F3F73DFC28B3BBF1010F28
S3150800CAAC59D162682AB92268082142F40072616079
S3150800CABC2260226822F4A0622260A268511EA1603C
S3150800CACC92B13268511C3160127805F8012B7268E4
S3150800CADC013A002A726007DCD4F8802131465046A8
S3150800CAEC9047002840F085800BF1010BBBF1030F32
S3150800CAFCCBD163680BB90A236360636845496069DF
S3150800CB0CC91A00F0EBF84FF0000BA3682268002B4B
S3150800CB1C3DD03168606991F800C010F80C00002807
S3150800CB2C35D0BCF1300F24D1100522D50BF1010BF1
S3150800CB3CB9F1000F03D0013309F1FF39A36073680B
S3150800CB4C013B002B73601BDD336801333360A3682C
S3150800CB5C013BA360D9E7BBF1020FAED1226802F400
S3150800CB6CC061B1F5007FC4D11021616042F48072B6
S3150800CB7CA2E722F4106222600B7805F8013BDEE787
S3150800CB8CD4F880313146504698470028DFD02368C0
S3150800CB9CD9050DD5BD4209D915F8011CD4F87C3137
S3150800CBAC32465046984705F1FF394D46BD4228D0C6
S3150800CBBC226812F0100213D12A706368019E394656
S3150800CBCC5046B047D8F8003021681A1DC8F800201E
S3150800CBDC11F0200F1B680FD01860E3680133E3606F
S3150800CBEC2369ED1B5D442B442361002007B0BDE887
S3150800CBFCF08F4FF0000BCAE7CA074CBF18801860B5
S3150800CC0CEBE70120F2E700BF286E0490A1A5000807
S30D0800CC1CDDB90008294903905F
S3150800CC2470B50C46B1F90E10002996B015461E4685
S3150800CC340DDAA38913F0800F4FF0000114BF4023C7
S3150800CC444FF48063002031602B6016B070BD6A46CD
S3150800CC5400F0ECF80028ECDB019901F47041A1F529
S3110800CC640053594259414FF48063EBE736
S3150800CC708B89F7B59D0706460C4607D504F1470389
S3150800CC80236023610123636103B0F0BD01AB6A46EB
S3150800CC90FFF7C8FF009F054639463046FEF7A4FD54
S3150800CCA048B9B4F90C309A05EED423F0030343F0DF
S3150800CCB00203A381E2E7A389206043F08003A381EE
S3150800CCC0019BC4E904075BB1B4F90E10304600F0C5
S3150800CCD0C1F828B1A38923F0030343F00103A38114
S30D0800CCE0A3891D43A581CFE7D6
S3150800CCE870B50B7804465E2B0BBF4B784A1C8A1C1A
S3150800CCF8002108BF0121013804F1FF0500F8011FCA
S3150800CD08A842FBD10BB9501E70BD81F00101E15450
S3150800CD181046024612F8015B2D2D05D05D2D16D05A
S3150800CD28002DF1D02B46F2E746785D2EFAD0B342AD
S3150800CD38F8DC02301A4601329642A154FBDCF21A94
S3150800CD48013A5D1CB342A8BF0022AB18E1E71046BA
S3070800CD58DAE70A
S3150800CD5A2DE9F0410C46496B04F1440399421DD169
S3150800CD6A4FF48061FEF73BFD18B94FF0FF30BDE876
S3150800CD7AF0814FF48063A36394F84630606380F8C1
S3150800CD8AFF3394F8453080F8FE3394F8443080F837
S3150800CD9AFD3300F2FD3020600020E8E7A66B770035
S3150800CDAA3A46FFF7EEFB05460028DED000EB0608F2
S3150800CDBA014632464046FEF71DFCC4E90D57C4F83B
S3090800CDCA0080E9E707
S3150800CDCE1F2938B505460C4604D9162303604FF0BD
S3150800CDDEFF3038BDC26B12B152F821304BB9284616
S3150800CDEE00F053F8224601462846BDE8384000F0C2
S3150800CDFE3AB8012B0AD0591C03D116230360012019
S3150800CE0EE7E7002142F82410204698470020E0E77D
S3150800CE20024B01461868FFF7D2BF00BF0C0D00245D
S3150800CE3038B5074D00230446084611462B60FBF714
S3150800CE40E2FF431C02D12B6803B1236038BD00BF43
S3090800CE50F47E012439
S3150800CE5438B5064D0023044608462B60FBF7D6FF73
S3150800CE64431C02D12B6803B1236038BDF47E012428
S3150800CE7438B5074D00230446084611462B60FBF7D0
S3150800CE8493FF431C02D12B6803B1236038BD00BF4E
S3090800CE94F47E0124F5
S3090800CE98FBF786BF51
S3150800CE9C51F8043C181F002BBCBF0B58C018704720
S3150800CEB008B52DED048BB0EE408B00F019F8B4EEF2
S3150800CEC0488BF1EE10FA0CD69FED079BB4EEC98B92
S3150800CED0F1EE10FA05D5FEF75BFB89EE090B212367
S3150800CEE00360BDEC048B08BD0000000000000000D4
S30B0800CEF0B1EEC00B70470D
S3150800CEF8205350494E4F523A204368697020494496
S3150800CF08200000003A204D5832354C333233330D61
S3150800CF180A0000003A204D5832354C323536343539
S3150800CF280D0A00003A20556E6B6E6F776E0D0A0073
S3150800CF38515350494E4F523A204368697020494424
S3150800CF4820000000426F6F746C6F61646572202858
S3150800CF58537465702031292E2E2E0D0A0000000004
S3150800CF68466C617368204944206572726F72732C27
S3150800CF782061626F7274696E6720626F6F746C6F76
S3110800CF886164696E672E0D0A0000000047
S30D0800CF945C33FF7F0100000079
S3090800CF9CD5020008A4
S3090800CFA0B1020008C4
S3150800CFA4670100000000000080030000FF00000085
S3150800CFB401000000010000000200000053AA0290CC
S3150800CFC46FAA02906FAA029076AA0290D1A802903C
S3150800CFD4CAA80290A0AA0290FCAA029000AB0290EA
S3150800CFE405AB029051AB029051AB0290A2B60290E7
S3150800CFF4A9B602900000000079A40290000000007F
S3150800D004010000000000000000000000000000000D
S3150800D014ADB60290B5B6029000000000BDB6029007
S3150800D024BDB6029001000000B9B60290C1B60290DE
S3150800D03402000000000000000000000000000000DC
S3150800D044C6B602900000000000000000CCB60290AC
S3150800D05400000000010000000000000000000000BD
S3150800D064000000001BB10290D2B602900000000036
S3150800D074D6B60290DFB6029001000000F6B0029020
S3150800D084E3B602900300000068130390E7B6029023
S3150800D09404000000D3B00290EBB60290050000002D
S3150800D0A4E4B00290EFB6029006000000C7B0029002
S3150800D0B4F3B602900700000029B10290F7B6029071
S3150800D0C40900000038B10290FBB602900A0000007D
S3150800D0D446B10290FFB602900800000053B10290D0
S3150800D0E454B102900B00000006B1029003B70290F7
S3150800D0F40200000007B702900FB702900C00000068
S3150800D10400000000000000000000000098BA029029
S3150800D11400000000010000009FBA02900000000011
S3150800D12402000000A6BA02900000000003000000F6
S3150800D13400000000000000000000000009B702908B
S3150800D1440000000001000000B8BB029000000000C7
S3150800D154020000006DA80290000000000300000011
S3150800D164D8A9029000000000040000000000000096
S3150800D1740000000000000000BDBB02909EBC0290A7
S3150800D184A2BC0290ABBC029079BD02907DBD029010
S3150800D194E7B602900000000001000000CFBF02902D
S3150800D1A40000000002000000D3BF02900000000047
S3150800D1B4030000000000000000000000000000005A
S3150800D1C4D7BF029086C002908AC00290800092015E
S3150800D1D437FB870776F9A400C10637F736006D11C1
S3150800D1E4B4DCD22AB4DC6D11360037F7C106A400C4
S3150800D1F476F9870737FB920180000000984203906E
S3150800D2040000000001000000B9C1029000000000FF
S3150800D21402000000D8A902900000000003000000E4
S3150800D224000000000000000000000000BEC10290DB
S3150800D23474C2029074C20290000800000000000044
S3150800D244FF00000094000000FD000000F600000046
S3150800D254F2000000B0010000D00000002203000024
S3150800D264A7000000D5040000280000005A050000A5
S3150800D2740D0000005B05000000000000000000002F
S3150800D284A08601003201000094E802900000000024
S3150800D294000000009AE80290000000000100000067
S3150800D2A40000000000000000000000009EE8029054
S3150800D2B40000000000000000A3E80290000000003F
S3150800D2C401000000A8E80290000000000200000027
S3150800D2D4AEE802900000000003000000B6E80290E1
S3150800D2E40000000004000000BCE8029000000000F2
S3150800D2F405000000C1E802900000000006000000D6
S3150800D304C8E802900000000007000000CEE802907A
S3150800D3140000000008000000D5E8029000000000A4
S3150800D32409000000000000000000000000000000E2
S3150800D3349EE80290DCE8029000000000E0E8029013
S3150800D344E6E8029001000000EAE80290F2E802909A
S3150800D35402000000F6E80290000000000300000046
S3150800D36400000000000000000000000071AA0290FE
S3150800D3740000000001000000F9E802900000000027
S3150800D3840200000001E9029000000000030000000A
S3150800D39408E90290000000000400000010E9029069
S3150800D3A4000000000500000018E9029000000000D3
S3150800D3B40600000020E902900000000007000000B3
S3150800D3C424E902900000000008000000BDB602909F
S3150800D3D4000000000900000029E90290000000008E
S3150800D3E40A00000030E90290000000000B0000006B
S3150800D3F436E90290000000000C0000003EE90290A5
S3150800D404000000000D00000045E90290000000003D
S3150800D4140E0000004CE90290000000000F00000016
S3150800D42451E902900000000010000000000000000E
S3150800D434000000000000000050A4029056E9029083
S3150800D444010000005BA40290643903900200000006
S3150800D45466A40290514103900300000071A402904F
S3150800D4645AE902900400000030E902905EE902904D
S3150800D4741C00000024E9029062E902901B000000E7
S3150800D4847DA4029066E902901A0000006AE90290F7
S3150800D49471E902900D00000086A4029075E90290D5
S3150800D4A40E0000008EA4029079E902900F00000095
S3150800D4B4AEA402907DE902900600000081E902907C
S3150800D4C48AE90290070000008EE902909AE9029020
S3150800D4D4050000009EE90290A6E9029008000000F3
S3150800D4E496A40290AAE90290090000009FA402905B
S3150800D4F4AEE902900A000000B2E902905BF00290DD
S3150800D5040B000000BAE90290C0E90290100000007E
S3150800D514B7A40290C4E9029011000000BFA40290C7
S3150800D524C8E9029012000000CCE90290D4E90290FE
S3150800D5340C000000C8A40290D8E902901300000069
S3150800D544CFA40290DCE9029014000000E0E90290FE
S3150800D554E6E9029015000000EAE90290F2E9029071
S3150800D56416000000A7A40290F6E90290170000002E
S3150800D574FAE9029000EA02901800000004EA029010
S3150800D5840CEA02901900000010EA029018EA0290C8
S3150800D5941D00000095370390000000001E000000DF
S3150800D5A40000000000000000000000001CEA0290D1
S3150800D5B4D8A90290D8A90290984203909842039059
S3150800D5C458F002905FF002900000000063F00290A9
S3150800D5D4000000000100000067F00290000000004F
S3150800D5E4020000006CF00290000000000300000036
S3150800D5F400000000000000000000000083470390BC
S3150800D604000000000000000071F002900000000015
S3150800D614010000007CF0029075F002900200000000
S3150800D62479F0029082F0029003000000DCB00290C8
S3150800D63400000000040000000000000000000000D4
S3150800D64400000000A2B602900000000000000000DE
S3150800D65486F00290000000000100000000000000AF
S3150800D66400000000000000008BF0029093F0029086
S3150800D6740000000097F002909EF00290010000005E
S3150800D684000000000000000000000000834703902B
S3150800D6943621039000000000DCB002905B4503903D
S3150800D6A401000000A2F00290000000000000000043
S3150800D6B4A8F002900000000001000000000000002D
S3150800D6C40000000000000000F4F1029000000000D1
S3150800D6D401000000F9F102900000000002000000B9
S3150800D6E400F20290000000000300000007F2029016
S3150800D6F400000000040000000FF202900000000081
S3150800D7040500000000000000000000000000000002
S3150800D71414F2029072F3029076F30290DFFA029002
S3150800D724000000000100000024E902900000000047
S3150800D73402000000BDB602900000000003000000CD
S3150800D744E3FA0290E9FA029004000000EDFA029066
S3150800D754F2FA02900500000076130390D8E80290C6
S3150800D76406000000B9C10290F6FA0290070000000C
S3150800D774FAFA0290000000000B000000FFFA02907B
S3150800D78401FB02900C00000005FB02900BFB0290C3
S3150800D794080000000FFB029016FB02900900000027
S3150800D7A481E902908AE902900A0000001AFB0290B5
S3150800D7B420FB02900D00000000000000000000009D
S3150800D7C40000000024FB0290A9B60290DCFD02903A
S3150800D7D48347039000000000000000001C0003902B
S3150800D7E40000000001000000210003900000000072
S3150800D7F40200000026000390000000000300000059
S3150800D8042C00039000000000040000000000000043
S3150800D8140000000000000000834703900000000099
S3150800D82401000000761303900000000002000000C7
S3150800D8341B13039000000000030000000000000012
S3150800D8440000000000000000320003906D01039000
S3150800D8547101039078010390BEA30290C1E8029077
S3150800D864005A6202005A6202020000000000000028
S3150800D874102700000A000000010000000000000054
S3150800D884A0860100640000000087930300879303C1
S3150800D894DA46039057090390010000005B090390D8
S3150800D8A46409039002000000680903906F09039055
S3150800D8B4030000000FF202907309039004000000AD
S3150800D8C4770903907D0903900500000081090390F8
S3150800D8D489090390060000008D09039094090390B2
S3150800D8E4070000000000000000000000000000001F
S3150800D8F4980903904C0B0390500B03900080230760
S3150800D904FFFDF7FD9EFE90FE34FF2DFFD8FFD9FFDD
S3150800D91485007F001501F1005401F8001F018600F7
S3150800D9247500B4FF8EFFD5FED0FE52FE9CFE7FFE28
S3150800D9342CFF71FF6E00E600EF0149020303E202C1
S3150800D944FA021A026401BBFF4EFE14FC48FAEDF70C
S3150800D95444F650F44FF337F2387237F24FF350F473
S3150800D96444F6EDF748FA14FC4EFEBBFF64011A02AE
S3150800D974FA02E20203034902EF01E6006E0071FFB0
S3150800D9842CFF7FFE9CFE52FED0FED5FE8EFFB4FF12
S3150800D994750086001F01F8005401F10015017F0087
S3150800D9A48500D9FFD8FF2DFF34FF90FE9EFEF7FDB4
S3150800D9B4FFFD23070C7A00240090D0030090D003BF
S3150800D9C4670E0390930E0390930E039001000000D4
S3150800D9D4E001000001000000A41803900000000004
S3150800D9E400000000A91803900000000001000000D0
S3150800D9F4AE1803900000000002000000B31803905C
S3150800DA040000000003000000B8180390000000009E
S3150800DA1404000000BD180390000000000500000083
S3150800DA24C21803900000000006000000C7180390FF
S3150800DA340000000007000000CC1803900000000056
S3150800DA4408000000D1180390000000000900000037
S3150800DA54D6180390000000000A000000DB180390A3
S3150800DA64000000000B000000E1180390000000000D
S3150800DA740C000000E7180390000000000D000000E9
S3150800DA84ED180390000000000E000000F318039040
S3150800DA94000000000F000000F918039000000000C1
S3150800DAA410000000FF180390000000001100000099
S3150800DAB40519039000000000120000000B190390DA
S3150800DAC40000000013000000111903900000000074
S3150800DAD41400000017190390000000001500000048
S3150800DAE41D19039000000000160000002319039076
S3150800DAF40000000017000000291903900000000028
S3150800DB04180000002F1903900000000019000000F7
S3150800DB1435190390000000001A0000003B19039011
S3150800DB24000000001B0000004119039000000000DB
S3150800DB341C00000047190390000000001D000000A7
S3150800DB444D190390000000001E00000053190390AD
S3150800DB54000000001F00000059190390000000008F
S3150800DB64200000005F190390000000002100000057
S3150800DB746519039000000000220000006B19039049
S3150800DB840000000023000000711903900000000043
S3150800DB942400000077190390000000002500000007
S3150800DBA40000000000000000000000009EE802904B
S3150800DBB4DCE80290000000007D19039085190390A3
S3150800DBC401000000891903909119039002000000CE
S3150800DBD4951903909E1903900300000000000000A5
S3150800DBE4000000000000000002130390A21903902D
S3150800DBF4010000000D130390A6190390020000000B
S3150800DC0419130390AA19039003000000261303901E
S3150800DC14730903900400000033130390AE190390AC
S3150800DC24050000003F130390B21903900600000094
S3150800DC344C130390B6190390070000005913039078
S3150800DC44BA1903900800000068130390E7B6029017
S3150800DC540900000074130390BE1903900A0000001B
S3150800DC6482130390821303900B0000008B13039016
S3150800DC74AE1903900C00000000000000000000002C
S3150800DC84000000000100000010000000AAAAAAAAC9
S3150800DC946E19000000C000C0000000000300000068
S3150800DCA4947D01245F4803905F480390100D002477
S3150800DCB400000000947D0124FC7D0124647E012477
S3150800DCC40000000000000000000000000000000042
S3150800DCD40000000000000000000000000000000032
S3150800DCE40000000000000000000000000000000022
S3150800DCF40000000000000000000000000000000012
S3150800DD0401000000000000004A00000000000000B6
S3150800DD1400000000000000000000000000000000F1
S3150800DD2400000000000000000000000000000000E1
S3150800DD344A00000000000000000000000000000087
S3150800DD4400000000000000000000000000000000C1
S30D0800DD540000000000000000B9
S31590000000000000000000000000000000000000005A
S31590000010000000000000000000000000000000004A
S31590000020000000000000000000000000000000003A
S31590000030000000000000000000000000000000002A
S31590000040064BDA68D20704D5054A5A6002F188321F
S315900000505A60D868C04300F00100704700200052F3
S3159000006023016745094B1A695107FCD418691A6927
S3159000007020F07840D20320F480104FEA50404FEAA7
S31590000080404002D54FF480321A61704700200052EA
S315900000900138054A10F8013F03B97047D1694906FE
S315900000A0FCD59362F6E700BF001001400023B0F53F
S315900000B07A7F07B5019304DB104803B05DF804EB33
S315900000C0E6E7642290FBF2F303F1300102FB13039F
S315900000D00A228DF8041093FBF2F330338DF8053035
S315900000E090FBF2F302FB130030308DF8060001A866
S315900000F0FFF7CEFF03B05DF804FB00BF5C0600007F
S3159000010013B5046899409A400194019C24EA01042D
S31590000110019401990A430192019B036002B010BDBC
S315900001200122054808B511460023FFF7E9FF034B66
S31590000130D86800F0010008BD0C2000520020005243
S3159000014008B50023044801211A46FFF7D9FF40F667
S31590000150F873836108BD00BF003C00400D4B1B2225
S3159000016040F4807082B0DA605861BFF34F8F42F2EC
S31590000170117200209968890606D50190019001991F
S315900001800C2903DD013AF5D102B07047019901318E
S315900001900191F4E70050005210B5084B1B21002046
S315900001A0074CD96018615C61BFF34F8F9A6852070C
S315900001B0FCD593F820209207F3D110BD0050005241
S315900001C005010005030CF7B504278DF8053040BAF4
S315900001D0284B294E0D46144603214FF48032ADF834
S315900001E006008DF8041025489A6111230022776045
S315900001F0FFF786FF0122002330461146FFF780FF66
S31590000200012209231146FFF77BFF3B460DEB0702C0
S3159000021071698907FCD512F8011B013B86F82010FD
S31590000220F6D173691A07FCD5FFF78AFF11230222CC
S315900002300321124875602544FFF762FF01220023CF
S315900002400C381146FFF75CFF012209231146FFF790
S3159000025057FF4369DB07FCD590F8303004F8013B33
S31590000260A542F6D1034B01229A6103B0BDE8F04056
S3159000027066E700BF000C0258003C00400C3C004072
S315900002800B4B1B22DA60FF221A610A4A5A61986167
S31590000290BFF34F8F4FF48072074998684007FCD59B
S315900002A093F82000013A01F8010BF6D1704700BF90
S315900002B00050005203250005000E00242DE9F04F52
S315900002C0B64889B0FFF7E4FEB548FFF7E1FE002493
S315900002D00620B44FFFF742FF6020FFF73FFF254609
S315900002E0FFF75AFFB048FFF7D3FEB048FFF7D0FEAE
S315900002F02846FFF7C5FFAB4A002312F8011B0133CE
S31590000300FF2918BF0134B3F5807FF6D105F58075C6
S31590000310B5F5F01FECD1002C7AD1A548A14625461B
S31590000320DFF894B2DFF8CC82FFF7B2FEDFF8C8A20E
S31590000330A048FFF7ADFE5A464FF480712846FFF766
S3159000034041FFFFF729FF0620FFF708FF1B23C8F898
S315900003500C30FF23C8F81030C8F814A0C8F818500D
S31590000360BFF34F8F4FF48076934BD8F808205207FF
S31590000370FBD513F8012B013E88F82020F5D1FFF725
S315900003800BFF4D450CD364234FF4F01009F540391B
S315900003906B43B3FBF0F0FFF789FE8848FFF778FED2
S315900003A005F58075B5F5F01FC5D18548DFF808824B
S315900003B0FFF76EFE8348FFF76BFE4FF4807142465F
S315900003C030464FF48075FFF7FDFE3046FFF758FF35
S315900003D079493B4611F8010B13F8012B904218BF4F
S315900003E00134013DF6D106F58076B6F5F01FE4D1DD
S315900003F0ACB97548FFF74CFE20222146684603F0BB
S3159000040003FC7248FFF744FEFFF71AFE70B9FEE749
S315900004102046FFF74BFE6E48FFF73AFEFEE7204672
S31590000420FFF744FE6A48FFF733FEFEE7FFF71AFE32
S3159000043060B9684EF36843F08803F360FFF712FEE5
S31590000440F368044623F00803F36000B1FEE7FFF774
S3159000045067FE00B9FEE75448FFF71AFE5E48FFF7BD
S3159000046017FE4FF000635D4A19780133FF2918BFD4
S3159000047001349342F8D1002C7FD14D482646DFF8BF
S315900004805481FFF705FEDFF87491DFF830A15448E8
S31590000490FFF7FEFDFFF7D4FD6A46202106F5F01022
S315900004A0FFF790FEFFF7DEFD00BBD8F80C2006F1B3
S315900004B0006342F00202C8F80C20BFF36F8FBFF3BF
S315900004C04F8F6A4603F1200152F8040B43F8040B50
S315900004D08B42F9D1BFF36F8FBFF34F8FFFF7C2FDFA
S315900004E0D8F80C3023F00203C8F80C30AE420CD387
S315900004F0642005F54C35704305F23335B0FBF9F0C1
S31590000500FFF7D4FD5046FFF7C3FD2036B6F5001F22
S31590000510C2D134484FF00065224EFFF7B9FDFFF780
S31590000520FFFD3148FFF7B4FD05F178404FF4807137
S31590000530324600F5F010FFF745FE38462B4605F596
S3159000054080711D78013310F8012B954218BF013444
S315900005509942F6D1B1F1026F16D1BCB91A48FFF79C
S3159000056097FD2249224BCA6802F4E0621343BFF317
S315900005704F8FCB60BFF34F8FFEE72046FFF796FD78
S315900005801348FFF785FDFEE70D46CDE72046FFF7BA
S315900005908DFD0F48FFF77CFDFEE700BF610600006A
S315900005A07A060000000E00249C060000A4060000B7
S315900005B0BE060000C8060000000F0024F1060000E9
S315900005C0F70600001B0700003B07000047070000E6
S315900005D0E6060000002000526907000000000208AD
S315900005E083070000A1070000C607000000ED00E0A9
S315900005F00400FA050050005202250001FFFF1F007B
S31590000600064B07B50648012200930221054B007858
S3159000061003F0DEFA03B05DF804FB00BF01060000AC
S315900006207D29002484BD02900A4A13685BB90A4961
S315900006304FF4806088610133642193FBF1F001FBF4
S31590000640103313607047502BF5D103494FF08060FB
S31590000650F0E700BFFC0D0024001002583E393939EE
S3159000066000426F6F746C6F61646572202853746575
S31590000670702032292E2E2E0D0A0020515350493AC1
S315900006802045726173696E6720666C617368202875
S31590000690333073206D6178292E2E2E00446F6E654F
S315900006A02E0D0A0020515350493A205665726966BC
S315900006B079696E672045726173652E2E2E0045729C
S315900006C0617365642E0D0A0020515350493A2050AB
S315900006D0726F6772616D6D696E6720666C61736823
S315900006E02E2E2E0D0A00204572726F72732E0D0AF1
S315900006F000252E2E2E0D0020515350493A2050722F
S315900007006F6772616D6D696E6720666C6173682044
S31590000710436F6D706C6574650D0A00205153504996
S315900007203A20566572696679696E672050726F676E
S3159000073072616D6D696E672E2E2E005665726966B2
S315900007406965642E0D0A0053544D33323A20457232
S315900007506173696E6720666C6173682028313573A2
S31590000760206D6178292E2E2E0053544D33323A2027
S31590000770566572696679696E672045726173652EF2
S315900007802E2E0053544D33323A2050726F67726159
S315900007906D6D696E6720666C6173682E2E2E0D0ADC
S315900007A00053544D33323A2050726F6772616D6DBB
S315900007B0696E6720666C61736820436F6D706C65B7
S315900007C074652E0D0A0053544D33323A2056657295
S315900007D0696679696E672050726F6772616D6D692F
S315900007E06E672E2E2E005274466C6167733A2047C0
S315900007F050532074696D696E67206C6F73740D0A1F
S31590000800005274466C6167733A204750532074695E
S315900008106D696E6720726573746F7265640D0A00F8
S315900008205274466C6167733A204750532074696DD1
S31590000830696E672072657365740D0A005274466C12
S315900008406167733A2041534C2054532044656C742D
S3159000085061203D2025640D0A004C6F63616C4D6FDD
S3159000086064653A2053656E64696E67202725632711
S315900008700D0A004C6F63616C4D6F64653A20546944
S315900008806D656F7574210D0A00544F004C6F63614E
S315900008906C4D6F64653A2053656E64696E67204F40
S315900008A066666C696E65206D6573736167652E0DFE
S315900008B00A004F46464C494E45004C6F63616C4D5D
S315900008C06F64653A2053656E64696E67204F6E6CEF
S315900008D0696E65206D6573736167652E0D0A004FAD
S315900008E04E4C494E45004C6F63616C4D6F64653A52
S315900008F02053656E64696E672053746174696F6E78
S315900009002049442E0D0A004C6F63616C4D6F6465EF
S315900009103A2053656E64696E672050726F636565A1
S31590000920642049442E0D0A004C6F63616C4D6F64D0
S31590000930653A204E65772053746174653A20256434
S315900009400D0A000010B58A1E01F59F744FF40063DE
S3159000095022F8023F9442FBD1B0B940F60E744FF4A0
S31590000960A0604FF430628B800C814C818C814FF467
S3159000097000744880CA80CA810B8248828C82CC825D
S315900009800C8348838B83CA8310BD0000154A5A2373
S3159000099013B51146144C34F81300013B22F8020BA0
S315900009A0F9D200230F4A1148A1F8B630A0235C2152
S315900009B00F4C00930F4B03F01FF90F4A1623114665
S315900009C034F81300013B22F8020BF9D200230A4AAD
S315900009D00A48CB85A02318210093094B03F00CF904
S315900009E002B010BDC62500245E090024802600248E
S315900009F02C020024D023002494230024C423002412
S31590000A0024220024B44B2DE9F04F1C68B9B005465A
S31590000A100191002C00F03481013C032C00F22D81D1
S31590000A20DFE814F0040008001D0126010020AB4BFE
S31590000A3018600AE0A94A10680130434200F00300AA
S31590000A4003F0030358BF584210602946FFF77AFF18
S31590000A500124A34F4FF40063A91E05F59F753E46EA
S31590000A601846BB4631F8022FA2F50062120126F80D
S31590000A70022B0A88904228BF1046934238BF1346ED
S31590000A808D42EFD1974A1B1ADFF894A211889BB238
S31590000A90954E994292484FF00101AAF8003038BF1E
S31590000AA01380002200F0FCFB356825B98F4B93F834
S31590000AB03330002B53D0DFF83C92A02388498C48E2
S31590000AC04D468C4A03F088F800200021002301331C
S31590000AD035F9022BC2FB8201A02BF8D10023A0226C
S31590000AE003F07EF803F09CF841EC100B03F0CCF881
S31590000AF051EC100B03F07CF808227F4903F0B4F810
S31590000B000022054608217B4800F0CAFB7B4B1B78E8
S31590000B10092B0CD12A01002312B2013329F8022B9A
S31590000B20A02BFAD101220921724800F0B9FBDFF817
S31590000B30F4C10320724ADCF80030D554013395781D
S31590000B4093FBF0F101EB41015B1A5178CCF8003040
S31590000B5013780B441D446B4BB5FBF0F51D6040229A
S31590000B60002108A8DFF8849103F04EF88022002136
S31590000B7018A803F049F81822002102A803F044F8B7
S31590000B803368EDB299F833C01BB9ACF10203012B6F
S31590000B9051D808AA524800214CF20106DFF888E1A4
S31590000BA0BCF1020F30F9023B40F08A8003EBD3731D
S31590000BB05B101380013102322029F1D101230022EA
S31590000BC002A8002603F05CF802A818AA08A902F069
S31590000BD0FBFFDFF858C118AB6046B3F90210013637
S31590000BE0B3F9002004334943102E02FB02124CF84D
S31590000BF0042BF2D10023022250F8221001320F2A40
S31590000C000B44F9D1404AB3F5200F1360D4BF0022AC
S31590000C1001223E4BD8BF2E461A603D4BD5BF5A781F
S31590000C201E781A703246D8BF9A789E705A701CB940
S31590000C301C705C709C700026012003F01DF8354BEB
S31590000C4080461B68012B73D8334B1B68002B7CD1D5
S31590000C504FF4A0722249274802F0EAFFACE01F4BFE
S31590000C600B221868013090FBF2F102FB1100DFE6CF
S31590000C702A4A014600F09EFAEAE601460120E5E698
S31590000C801A4B93F83230013B032B3FF6E2AE01A2AA
S31590000C9052F823F0A50C0000AD0C0000B30C000038
S31590000CA0510A000002F0D0FF0446D2E602F0F8FFA7
S31590000CB0FAE702F0C9FF044602F0F2FF0440C8E6E4
S31590000CC0B3F5804F04DA7345BFF673AF168071E7BC
S31590000CD043F6FF736DE700BF1827002420220024F7
S31590000CE04001002014270024202700249029002466
S31590000CF0C4230024000000209C0200246C290024B8
S31590000D00172200241C2700248C26002490260024D9
S31590000D1014220024901C002424270024DC020024A2
S31590000D20162700241C22002401C0FFFF94260024CD
S31590000D30023B012B8CD85E4B1B78980603D45D4AF8
S31590000D401268002A84D0D90782D45B4A43F2500EA7
S31590000D5044F6AF7C594B1188BBF8002011FB0EF17D
S31590000D60DFF85CB112FB0C12012112141A80B3F950
S31590000D70000001313BF8022F10FB0EF0A02912FB68
S31590000D800C024FEA224223F8022F33F9022C02EB8F
S31590000D90820202EBD2724FEA620223F8022CE6D16B
S31590000DA0464A4549B2F93E310B8003EB830303EB88
S31590000DB0D3735B10A2F83E31DFF814B10022022102
S31590000DC03E4800F06DFADBF80030023B012B57D815
S31590000DD0374B1B789A0603D4364A1268002A4FD0AE
S31590000DE0DB074DD5A023364A3449364802F0F4FE47
S31590000DF000220321324800F053FA002C47D0BAF86B
S31590000E000030B3F5806F44D3B3F5706F94BF4FF055
S31590000E10020A4FF0030A2C4B1A68524504D05146E9
S31590000E20052002F01DFF284BC3F800A0002C3AD0F5
S31590000E3099F8333083BB5FFA88F600231A46194631
S31590000E4037F9020B01318242A8BF02468342B8BFEE
S31590000E500346A029F4D19B1A1C4A194811688B4263
S31590000E600199C8BF1360E2B2334602F015FF2246DD
S31590000E70DBF80010124839B0BDE8F04F00F0DABC4C
S31590000E804FF4A0720D490E4802F0D2FEB0E7A2468A
S31590000E90C1E74FF0010ABEE7012B06D0023B012BBA
S31590000EA088BF0026C9E72646C7E72E46C5E700BF96
S31590000EB08C1C0024302C0024980200240000002072
S31590000EC04001002080260024102200247420002453
S31590000ED0901C002400EB410000234FF4006220F8A0
S31590000EE023200133A02BFAD1704700002DE9F0475B
S31590000EF0DFF8D4C107461D460E4690465F4B4FF02D
S31590000F00000E5F48C3F800E0DCF8001004681A6829
S31590000F10002AF7D1A023022E03FB04F47CD1594B6F
S31590000F20594A1B685949022B04D1594B1B68023305
S31590000F30AB420DD2574B1B6857480D60B3FBF0F38D
S31590000F404FF4D2502344B3FBF0F400FB14331360F8
S31590000F500B681468A022EB1A02FB03444FF4D25399
S31590000F60DFF86891B4FBF3F203FB1244D9F8003032
S31590000F7023B1022E02D00023C9F80030DFF850A129
S31590000F80DAF80010A14203D0611A022002F040FE66
S31590000F90A023424A01212A20B4FBF3F3D1540B44F7
S31590000FA0B3FBF0FC00FB1C333D48D154BB1E4FF401
S31590000FB0D25207F59F7733F9021F20F814100134A7
S31590000FC09F4294FBF2F102FB1144F4D12D4BCAF8E7
S31590000FD000401E602E4B1D60D9F80030D3B9012E0B
S31590000FE03048314913D10368304CA8EB03020B68A3
S31590000FF0EB1A04FB02332E4C2E4AA342B3FBF2F2B9
S3159000100003D9A2F11603E92B01D82B4B5A70C0F8DD
S3159000101000800D60BDE8F0875EB91A4B1A4A1B68CE
S315900010201A4923B91A4B1B680233AB4290D2234B11
S3159000103081E71E4A08F0030302FB03531F4A126816
S31590001040A2EB01091E4A9944914534BF0021012122
S31590001050934202FB1199104934BF0020012002FBF4
S315900010601030B9FBF1FA02F003FE164B18780128FE
S3159000107002D1494602F0CCFD54446FE7D8080024CB
S31590001080A42D0024C8080024982D0024942D002413
S315900010909C2D0024E808002448E80100A82D00248F
S315900010A0D22D00248C2D0024882D002400CA9A3B32
S315900010B0BFEA210140420F006D290024EC0800246C
S315900010C000286BEE75290024A02D0024546200247C
S315900010D0902D00242DE9F74F06460846517A49B9D6
S315900010E086423DD04FF4A072314603B0BDE8F04F32
S315900010F002F09EBD2D2548F6A0484FF0640C2C4F6B
S3159000110044F24F6946F6771AD2E900436B434FF49F
S315900011107A75B3FBF5F300250193019B42F2273EC6
S315900011201C44B4FBF8F308FB13447445B4FBFCF37E
S3159000113019D837F91330022924D003292BD0012945
S3159000114034D192F808E01EFB03F393FBFCF31BB239
S3159000115020F815300135A02DDFD11460A0F83E316E
S3159000116003B0BDE8F08F4C4502D8C3F1B403E0E775
S31590001170544594BFB43BC3F5B47337F813305B4210
S315900011801BB2D8E736F815E092F808B01EFB0CFEB5
S3159000119013FB0BE3D9E792F808E01EFB03F336F94D
S315900011A015E0C3F1640B0BFB0E33CEE70023CCE7BF
S315900011B0961500002DE9F74F05460846517A49B92C
S315900011C0854243D04FF4A072294603B0BDE8F04F54
S315900011D002F02EBD2D26871E48F6A0484FF0640CCF
S315900011E044F24F6946F6771AD2E9004373434FF4B7
S315900011F07A76B3FBF6F3294E009300F59F7301932D
S31590001200009B42F2273E1C44B4FBF8F308FB1344C0
S315900012107445B4FBFCF31CD836F91330022927D059
S3159000122003292ED0012937D192F808E01EFB03F34B
S3159000123093FBFCF303F500631FFA83FE019B27F8EB
S3159000124002EFBB42DCD11460A0F83EE103B0BDE8EA
S31590001250F08F4C4502D8C3F1B403DDE7544594BFF3
S31590001260B43BC3F5B47336F813305B421BB2D5E783
S31590001270B5F802E092F808B00CFB0EFE13FB0BE3F8
S31590001280D6E792F808E01EFB03F3B5F802E0C3F147
S31590001290640B0BFB0E33CBE70023C9E7E014000089
S315900012A00C4B1B788B4214D1012A05D101464FF481
S315900012B0A072094802F0BCBC821E074900F59F70D7
S315900012C032F9023F1B11824203F5006321F8023B7B
S315900012D0F6D170476C2900245862002438B5002254
S315900012E00C4607210546FFF7DBFF002335F913204F
S315900012F01211C2F5006224F823200133A02BF5D1F8
S3159000130038BD00002DE9F7430D460023604F01AA32
S31590001310694604462846CDE9003302F0C5FC009B99
S31590001320396803F003035B4A019E691A02FB036660
S31590001330A1F54323A3F29C43C82B02D9042002F0C3
S3159000134067FC3D60544F554A3B6855491360554A72
S31590001350554D16604FF4A0760A68DFF87C8106FB3F
S315900013600356013218F803300A60504A92F80990F1
S3159000137059EA03097FD00121042002F071FC012073
S3159000138002F05AFC042100223046FFF789FF484BB1
S3159000139048491B68023B012B07D8474B1B7813F033
S315900013A020035BD1454A126822B90B78003B18BFDF
S315900013B001235B00424ADFF824915372414B18781F
S315900013C0414B33F910303046404E53600B784049CC
S315900013D01372FFF77FFE002205213D48FFF760FF5D
S315900013E03B49324A0846FFF775FE002206213848E7
S315900013F0FFF756FF21463648FFF770FF99F8002011
S315900014003378934208D0334900234FF40060013378
S3159000141021F8020BA02BFAD112BB01212046FFF72F
S3159000142059FD99F8003033704FF4A0723B684FF431
S31590001430006102FB03550022013225F8021BA02A07
S31590001440FAD1002208F803202A22013393FBF2F105
S3159000145002FB11333B6003B0BDE8F0830023A9E79C
S315900014601C4B04F5207233F8021B043424F8021C3A
S31590001470A242F8D1D5E721463046FFF72FFF4946DD
S31590001480042002F0EDFB484602F0D6FBCCE700BF05
S31590001490842D002400CA9A3B802D0024A42D00247C
S315900014A0D8080024A02D0024D22D0024DC08002486
S315900014B0901C0024996300248C1C0024302C00245A
S315900014C0CC080024986300244C1600003C2C002481
S315900014D03E2C002458620024A82D00246C29002458
S315900014E00000240047006B008F00B200D600FA007F
S315900014F01D01400164018701AA01CD01EF0112028D
S315900015003502570279029B02BC02DE02FF022003DB
S31590001510410362038203A203C103E10300041F0493
S315900015203D045B0479049704B404D104ED040905E1
S31590001530240540055A0575058F05A805C105DA05E8
S31590001540F2050A06210638064E06640679068E06C8
S31590001550A206B606C906DB06EE06FF0610072107A9
S31590001560310740074F075D076B0778078407900799
S315900015709C07A707B107BA07C307CC07D307DA07B3
S31590001580E107E707EC07F107F507F807FB07FD0703
S31590001590FF070008000800003C027804B306EE0836
S315900015A0280B610D990FD01106143A166C189D1AD6
S315900015B0CB1CF71E212148236C258E27AC29C72BDF
S315900015C0DF2DF32F0332103418361D381C3A183C91
S315900015D00E3E0040ED41D443B74594476B493D4B91
S315900015E0084DCE4E8E504752FA53A6554C57EB584F
S315900015F0825A135C9D5D1F5F9A600E627A63DE6409
S315900016003A668E67DA681E6A5A6B8D6CB86DDA6EBA
S31590001610F46F04710D720C730274EF74D375AE7619
S31590001620807748780779BC79687A0B7BA37B337C83
S31590001630B87C347DA67D0E7E6D7EC17E0C7F4C7F00
S31590001640837FB07FD37FEC7FFB7FFF7F2C1A161CA6
S31590001650101D141E221F3A205C219222BE230825BB
S315900016600C2610276E28E029522BD82C682E0C3089
S31590001670BA317C33523532371C39243B363D5C3F88
S315900016809641E4434646BC48504B7E4F4E523255A7
S315900016902A58405B745EC6612DE9F3410623A0F19A
S315900016A02107224E0D467B43F35C202B2CD0FCB2B7
S315900016B0392C94BF00240124009003211C48012258
S315900016C01C4B807A02F084FA69006CBB062301EB0E
S315900016D0050E4FEA8508184A03FB076620462346FF
S315900016E0A44616F8017B2D2F15D02E2F0ED0202F25
S315900016F017D0013008320628F3D1194420460F4BF3
S31590001700196002B0BDE8F0810124D5E7EF181360A7
S315900017100B445760EDE70EEB0307136043445760A5
S31590001720E7E7C2E900CCE4E70023E6E7481D0000BE
S315900017307D29002459080000447A0024207A002448
S315900017402DE9F8430C6807460D462B4E9CB12B4B62
S3159000175032222B49DB7A007813FB02F30122B1FB8C
S31590001760F3F1284B1960284B1A60FFF795FF002379
S31590001770044633602B604FF4A072002123483568ED
S3159000178002F042FADFF884800023DFF88C90204A3A
S315900017904FF0000E05EB030C506858B11168614587
S315900017A008D8604581BF03F00700303039F8100043
S315900017B028F813000EF1010E0832BEF1060FEBD198
S315900017C00133A02BE3D1134BA0351B6835609D42A6
S315900017D00CDD0D4A1368F85C58B101331360094B60
S315900017E01968FFF759FF0023044633602046BDE889
S315900017F0F8830124FAE700BF1C7A0024BC7B0024FE
S3159000180000530700300A0024247A0024787A0024B2
S31590001810447A0024207A0024981C0000034B1B680D
S315900018200360034B1B780B70704700BF407A00240F
S315900018303C7A00242DE9F04FA64F85B014463B68BC
S31590001840029001333B6013B9A34B01221A700239FF
S31590001850012917D8A14B1B789B0615D4A04B1E685F
S31590001860003E18BF0126DFF8C882DFF8C89298F8C4
S315900018700A30DFF8C4A24BB99A4B00221A600124B1
S31590001880002546E00026EEE70126ECE736B1D9F8CA
S3159000189000301BB1944B1B68002BEDD0DAF800504A
S315900018A0072DECD801A353F825F000BFCD18000002
S315900018B0DF1800007F18000085190000C31900008A
S315900018C0031A00003D1A00005F1B0000251E854B81
S315900018D04FF0000218BF01251A60012419E0814BD0
S315900018E01A6834B91C600122804B2C461A70052563
S315900018F00FE0013242F228318A4203DC01241A6059
S31590001900254606E000222C4603251A600122774BD5
S315900019101A70DAF80030AB4207D07548012200956C
S315900019200321744B807A02F053F9DAF80000724979
S3159000193001280A6800F02B81002A40F04F81012D82
S3159000194005D198F80A30013B012B98BF002498F8EE
S315900019500A30002B00F06681002E40F05C81D9F8A9
S315900019600020002A00F06881644B01221A70002C36
S3159000197040F040810525CAF80050C9F8006005B0CE
S31590001980BDE8F08FDFF880B1DBF8003033B158480E
S3159000199001225B4B0221807A02F01AF9594B1A68A0
S315900019A032B959495948FFF7CBFE564B186094E720
S315900019B0002C40F0EA8001234C4ACBF8003013709B
S315900019C095E7484AB8F806301168514801F1010B7D
S315900019D000210393C2F800B04FF4A07202F014F9FC
S315900019E0039B14B13F4B002288E71422B3FBF2F31A
S315900019F09B457FF772AF00233A4A13603A4A1360C9
S31590001A003DE7DFF8E0B04FF4A072B8F8003000215F
S31590001A10DBF800503E4801350393CBF8005002F0B6
S31590001A20F3F8002CDED11422039BB3FBF2F39D4214
S31590001A3022DDCBF80040062501246AE7DFF8BCB02A
S31590001A40002C9BF8003018BF0125BBB1314C2368A0
S31590001A5033B127480122304B0221807A02F0B8F840
S31590001A602C492E48FFF76CFE00283FF436AF002332
S31590001A708BF8003001232360012438E7DFF8BCB0EF
S31590001A809BF8003063B1234C236833B11848012288
S31590001A90234B0221807A02F09BF81E492148E1E708
S31590001AA0DFF89CB09BF8003063B11A4C236833B1D1
S31590001AB00F4801221C4B0221807A02F089F81549C1
S31590001AC01A48CFE7DFF824B09BF80030D3BB012447
S31590001AD007251EE7407A00243C7A00248C1C0024BB
S31590001AE0302C0024387A002454620024777A00241B
S31590001AF07D290024280900002C7A0024757A002478
S31590001B0073080000287A0024340A0024890800000B
S31590001B10787A00242C0A00248C080000B208000071
S31590001B20BA080000DF080000E6080000CB7B00241E
S31590001B30BC7B0024347A0024307A0024747A002402
S31590001B40767A00244A4C236833B14A4801224A4B9C
S31590001B500221807A02F03CF84549484882E7484B92
S31590001B604FF4A072002147481D68B8F802B00135BD
S31590001B701D6002F049F8002C7FF434AF1423BBFBB0
S31590001B80F3FB5D453FF737AFA1E70024C1E6B2FA14
S31590001B9082F35B0902F1010C4FF0320EB8F8042083
S31590001BA0C1F800C00EFB02F2944502DC002B3FF414
S31590001BB0C6AE0122DFF8DCC08CF8002098F80AC087
S31590001BC0BCF1020F04BFDFF8C0C08CF800200028DB
S31590001BD048D0002B7FF4B3AE0B60B0E60023D9E774
S31590001BE0002C3FF4C8AE3B68002202210298FFF712
S31590001BF07DF9C0E63B68002202212248FFF776F97C
S31590001C00B8E6002C3FF4B7AE3B68002202211D488F
S31590001C10EDE70025AFE6012B05D11B4B1B78002B7A
S31590001C2008BF002456B1D9F800303BB90123174AB2
S31590001C301370174A13609AE6012BEED06B1E062B93
S31590001C40E7D801A252F823F0E11B0000131C000014
S31590001C50031C0000031C00006F190000031C000009
S31590001C60031C00000BB1052571E60B60FBE700BF76
S31590001C702C0A00247D29002407090000D57B002426
S31590001C80387A0024787A0024757A0024747A0024AD
S31590001C9054620024767A00240000825A0080825A88
S31590001CA000007EA500807EA50000412D0040412DBC
S31590001CB00000BFD200C0BFD20000A1160020A1161E
S31590001CC000005FE900E05FE90000510B0010510B46
S31590001CD00000AFF400F0AFF40000A9050008A905D4
S31590001CE0000057FA00F857FA0000D5020004D50212
S31590001CF000002BFD00FC2BFD00006B0100026B0128
S31590001D00000095FE00FE95FE0000B6000001B600AC
S31590001D1000004AFF00FF4AFF00005B0080005B0066
S31590001D200000A5FF80FFA5FF00002E0040002E00BA
S31590001D300000D2FFC0FFD2FF0000000000000000AC
S31590001D4000000000000000002D2E2D2E2D2D2E2D92
S31590001D502E2E2D2E202020202020202020202020B6
S31590001D602020202020202020202020202E2D2D2DA8
S31590001D702D2E2D2E2D2D2E202D2E2D2D2E2D20201F
S31590001D80202020202E2D2E2D2E202D2D2E2E2D2D29
S31590001D902D2E2E2E2E2D2E2D2E2D2E2D2D2E2E2DD4
S31590001DA02E202D2D2D2D2D202E2D2D2D2D202E2EF0
S31590001DB02D2D2D202E2E2E2D2D202E2E2E2E2D20DD
S31590001DC02E2E2E2E2E202D2E2E2E2E202D2D2E2EBC
S31590001DD02E202D2D2D2E2E202D2D2D2D2E202D2DC0
S31590001DE02D2E2E2E2D2E2D2E2D2E202020202020D5
S31590001DF02D2E2E2E2D202020202020202E2E2D2DD3
S31590001E002E2E2E2D2D2E2D2E2E2D202020202D2E99
S31590001E102E2E20202D2E2D2E20202D2E2E2E2020A3
S31590001E202E20202020202E2E2D2E20202D2D2E20AF
S31590001E3020202E2E2E2E20202E2E202020202E2D9D
S31590001E402D2D20202D2E2D2020202E2D2E2E202083
S31590001E502D2D202020202D2E202020202D2D2D2090
S31590001E6020202E2D2D2E20202D2D2E2D20202E2D56
S31590001E702E2020202E2E2E2020202D202020202087
S31590001E802E2E2D2020202E2E2E2D20202E2D2D2034
S31590001E9020202D2E2E2D20202D2E2D2D20202D2D27
S31590001EA02E2E20201449154B30B5B1F90040450728
S31590001EB033F814204FEAD20348BF9B18850748BFD2
S31590001EC003EB5203C50748BF03EB92030C4A10F08D
S31590001ED0080F156814BFEB1A5B1903F30F03136011
S31590001EE0084A125618B2224412B2582AA8BF58224B
S31590001EF022EAE2720A8030BD08100024EC2000002D
S31590001F0004100024DC200000F0B5821E013900F593
S31590001F109F7047F67B75124C32F9023F1E1216F0EF
S31590001F2080071CBF5B421BB2AB42A8BF2B469042B8
S31590001F3003F184031EB2C3F3C71314F903C00CF163
S31590001F40030346FA03F347EA0C1603F00F0343EA3A
S31590001F5006036FEA030301F8013FDDD1F0BD00BF30
S31590001F609E230000431E02399F3010B5044C13F88F
S31590001F70012F34F81220834221F8022FF7D110BD99
S31590001F809E2100002DE9F74FDFF800913A4ADFF8DD
S31590001F9000A10190D9F80000B2F900C0DAF800303B
S31590001FA0364A38B11C12116081F8A13081F8A040F0
S31590001FB081F8A2C04FF0000816684746C646019AB7
S31590001FC03F012F4932F91E20FFB231F81C50D41A26
S31590001FD04FEA550B46BF9C1A08210021EA08A542F4
S31590001FE0DEBF641B521941F00401B4EB550FA2BF3A
S31590001FF0A4EB0B045A4441F002014FEA950BB4EB63
S31590002000950FA4BF41F001015A440C0747EA010716
S315900020104CBF9A1AD2181B4B9342B8BF134647F639
S31590002020FF729342A8BF1346174A5256624412B2A1
S31590002030582AA8BF58221EF0010F0EF1010E1CBFA0
S315900020404FF0010806F8017BBEF1A00F22EAE27C70
S31590002050B5D1CAF80030084BA3F800C0B8F1000F0C
S3159000206001D0064B1E60B0FA80F04009C9F8000016
S3159000207003B0BDE8F08F00BF1010002400100024BC
S31590002080EC2000000080FFFFDC2000001000002400
S315900020900C10002470B5B0F8A0300D1D0D4A461EE8
S315900020A0DBBA00F19F04136090F8A2200A4B1A80C5
S315900020B016F8010F04350009FFF7F4FE25F8080C11
S315900020C0307800F00F00FFF7EDFEA64225F8060CDB
S315900020D0EED170BD0410002408100024FFFFFFFF0E
S315900020E002040608FFFFFFFF020406080700080027
S315900020F009000A000B000C000D000E0010001100E4
S3159000210013001500170019001C001F00220025005F
S3159000211029002D00320037003C0042004900500053
S31590002120580061006B00760082008F009D00AD0024
S31590002130BE00D100E600FD00170133015101730185
S315900021409801C101EE01200256029202D4021C03AC
S315900021506C03C30324048E04020583051006AB06A4
S3159000216056071208E008C309BD0AD00BFF0C4C0EA7
S31590002170BA0F4C110713EE1406175419DC1BA51E43
S31590002180B6211525CA28DF2C5B314B36B93BB241B7
S3159000219044487E4F71572F60CE696274FF7F848268
S315900021A08486848A848E84928496849A849E84A2D9
S315900021B084A684AA84AE84B284B684BA84BE84C1CA
S315900021C084C384C584C784C984CB84CD84CF84D109
S315900021D084D384D584D784D984DB84DD84DF04E1F9
S315900021E004E204E304E404E504E604E704E804E90D
S315900021F004EA04EB04EC04ED04EE04EF04F0C4F0FE
S3159000220044F1C4F144F2C4F244F3C4F344F4C4F484
S3159000221044F5C4F544F6C4F644F7C4F744F8A4F874
S31590002220E4F824F964F9A4F9E4F924FA64FAA4FA2E
S31590002230E4FA24FB64FBA4FBE4FB24FC64FC94FC1E
S31590002240B4FCD4FCF4FC14FD34FD54FD74FD94FDF3
S31590002250B4FDD4FDF4FD14FE34FE54FE74FE8CFEE3
S315900022609CFEACFEBCFECCFEDCFEECFEFCFE0CFF47
S315900022701CFF2CFF3CFF4CFF5CFF6CFF7CFF88FF34
S3159000228090FF98FFA0FFA8FFB0FFB8FFC0FFC8FF60
S31590002290D0FFD8FFE0FFE8FFF0FFF8FFFFFF7C7D5F
S315900022A07C797C757C717C6D7C697C657C617C5D60
S315900022B07C597C557C517C4D7C497C457C417C3E4F
S315900022C07C3C7C3A7C387C367C347C327C307C2EF0
S315900022D07C2C7C2A7C287C267C247C227C20FC1EE0
S315900022E0FC1DFC1CFC1BFC1AFC19FC18FC17FC16AC
S315900022F0FC15FC14FC13FC12FC11FC10FC0F3C0F9B
S31590002300BC0E3C0EBC0D3C0DBC0C3C0CBC0B3C0BF3
S31590002310BC0A3C0ABC093C09BC083C08BC075C07E3
S315900023201C07DC069C065C061C06DC059C055C0509
S315900023301C05DC049C045C041C04DC039C036C03F9
S315900023404C032C030C03EC02CC02AC028C026C0204
S315900023504C022C020C02EC01CC01AC018C017401F4
S315900023606401540144013401240114010401F40070
S31590002370E400D400C400B400A40094008400780063
S315900023807000680060005800500048004000380017
S3159000239030002800200018001000080000000000FF
S315900023A0010102020202030303030303030304046D
S315900023B00404040404040404040404040404050545
S315900023C00505050505050505050505050505050527
S315900023D00505050505050505050505050505060615
S315900023E006060606060606060606060606060606F7
S315900023F006060606060606060606060606060606E7
S3159000240006060606060606060606060606060606D6
S3159000241006060606060606060606060606060707C4
S3159000242007070707070707070707070707070707A6
S315900024300707070707070707070707070707070796
S315900024400707070707070707070707070707070786
S315900024500707070707070707070707070707070776
S315900024600707070707070707070707070707070766
S315900024700707070707070707070707070707070756
S315900024800707070707070707070707070707070746
S315900024900707070707070707070707070707000044
S315900024A0F8B51223254E264FC340264D264C13F0E1
S315900024B0010F3ED04FF47A5CB2FBFCF333600CFB19
S315900024C013233B6000232B604FF4FA43B2FBF3F2E5
S315900024D01144D6F800C040F23F1621602B683F6841
S315900024E0194951F8042B3B446244B3F57A5F25BFF2
S315900024F00132A3F57A530A600A60013EF1D10128B0
S315900025002B60124D09D12A68916921F4831323F423
S31590002510805343F48043936191614FF4A0730A4AC8
S3159000252004210A4801F014F923682A68143B93633E
S31590002530F8BDD4F8FC1433681944CAE70C2C00246F
S31590002540082C0024042C002450DA00302873002430
S315900025501FB5184B00226946174893F83130013B56
S3159000256018BF01235B0000930123CDE9022201935A
S3159000257000F05AFE08B101F06FFB0F4C0021226863
S315900025802046536A03F5432303F5A063D363536A46
S3159000259003F5C32303F52073136401F0E5F90821CD
S315900025A0204601F033F80C21204601F02FF804B0B4
S315900025B010BD00BF902900242873002404210148EF
S315900025C001F022B8DC7200242DE9F0416B4D2C68A5
S315900025D02369190724D5DFF8D8C16FF00803DCF812
S315900025E0000023612F2816DC65490130654B0A6887
S315900025F01B68654E1A44654B37681B680A603B44F6
S31590002600CCF80000312B336081BF0132323B0A6037
S3159000261033600B68E363002203201146FFF740FF07
S315900026202B681A69D2062FD56FF0100258491A6195
S315900026300A681C6C62B1574A57481268A21A8242BD
S3159000264006D900220A6055490A600121544A117040
S31590002650544E554A554916604A4A494811600022D7
S315900026604A490A6004F5432101F5A061016050488A
S31590002670D9632146026034444348026032460420BE
S31590002680FFF70EFF2B681C642A6813699B072ED5EB
S315900026906FF00203474948481361484B556B1C68D5
S315900026A03B4F2C1B1D603B4B0C6001211D60016054
S315900026B03B684348434E016033B93168062901BFF0
S315900026C037490320336008703F4BDFF8D0802344AE
S315900026D0B3F5FA5F0DD90121132001F09DFA304B25
S315900026E001221A70002333603B60C8F80030BDE8C1
S315900026F0F081364B1B78412B04D00121162001F036
S315900027008BFAEFE73368052B2BD80133052B336013
S3159000271027D1012302213B60214B19702C4B5B7B07
S31590002720012B1ED1C8F800301B4B322115482B4483
S3159000273013641D4B1C60B4FBF1F3036001FB134162
S3159000274012482B4401600E4919480B600021D3634F
S31590002750224601600C48016029460120FFF7A0FE41
S3159000276003E0D8F80030002BDED13B68002BBED0BA
S3159000277021462846BDE8F04101F06ABA2873002444
S31590002780182C0024202C0024102C00241C2C00240F
S31590002790342C0024242C002400879303302C00240E
S315900027A06D290024005A6202C408002400350C00EA
S315900027B0142C0024C00800242C2C0024002C002467
S315900027C0282C0024FC2B0024A0B59DFD3621002446
S315900027D094190024274A1368013313B5136001F046
S315900027E02FFA254A13680133312B136003DD00233A
S315900027F0136002B010BD022BFBD1204C2278EAB1B7
S31590002800012A05D11E4811461E4B407801F0E0F989
S315900028102378022B06D1012219481B4B114640788A
S3159000282001F0D6F92378032B06D101221448174BD1
S315900028301146407801F0CCF90023237063784BB1B0
S3159000284001220F4800931146114B407901F0C0F9CF
S3159000285000236370A378002BCBD0012B01D101F01C
S31590002860AFF9A378022B01D101F0DEF90023A37012
S31590002870BFE700BF382C0024F82B00246D290024D4
S315900028807D290024E60700000108000020080000CA
S315900028903C08000070470000BFF34F8F0549064B78
S315900028A0CA6802F4E0621343CB60BFF34F8F00BF58
S315900028B0FDE700BF00ED00E00400FA05036A026A36
S315900028C023F0020322F0010270B502624468826925
S315900028D00D6822F4803222F073022A438D682B43CE
S315900028E0124DA8420FD005F58065A8420BD005F58C
S315900028F07055A84207D005F58065A84203D005F526
S315900029008065A8420BD1CD6823F008032B4324F4AD
S315900029104075D1E9054623F0040334432C434460C3
S3159000292082614A684263036270BD00BF0000014045
S31590002930036A026A23F4007322F4807270B502620D
S315900029404468C2690D6822F4803222F073022A43E9
S315900029508D6843EA0523144DA8420FD005F580658E
S31590002960A8420BD005F57055A8420FD124F44055D6
S31590002970D1E90546344345EA04140EE023F4006396
S31590002980CD6843EA052323F48063EFE7074DA84219
S31590002990ECD005F58065A842E8D04460C2614A68EB
S315900029A0C263036270BD00BF000001400044014055
S315900029B0036A026A23F4005322F4805230B502620D
S315900029C04468C2690D6822F0807222F4E64242EAB7
S315900029D005228D6843EA05330E4DA8420FD005F5C2
S315900029E08065A8420BD005F57055A84207D005F52D
S315900029F08065A84203D005F58065A84204D124F4E9
S31590002A0080444D6944EA85144460C2614A68026410
S31590002A10036230BD00000140036A026A23F400336A
S31590002A2022F4803230B502624468426D0D6822F419
S31590002A30803222F070022A438D6843EA05430F4D97
S31590002A40A8420FD005F58065A8420BD005F57055C4
S31590002A50A84207D005F58065A84203D005F58065A4
S31590002A60A84204D124F480344D6944EA0524446094
S31590002A7042654A688265036230BD00BF000001402E
S31590002A80036A026A23F4001322F4801230B50262BC
S31590002A904468426D0D6822F0807222F4E04242EA68
S31590002AA005228D6843EA05530E4DA8420FD005F5D1
S31590002AB08065A8420BD005F57055A84207D005F55C
S31590002AC08065A84203D005F58065A84204D124F418
S31590002AD080244D6944EA8524446042654A68C2650B
S31590002AE0036230BD0000014090F83D30012B33D198
S31590002AF0022380F83D300368DA6842F00102DA601A
S31590002B00164A93421AD0B3F1804F17D0A2F57C4261
S31590002B10934213D002F5806293420FD002F5806201
S31590002B2093420BD002F57842934207D0A2F56C42BD
S31590002B30934203D002F59432934207D19968084A9A
S31590002B400A40062A06D0B2F5803F03D01A6842F0B2
S31590002B5001021A6000207047012070470000014072
S31590002B60070001007047704770477047704770477D
S31590002B7010B5846B626A82420BD101232377D269A6
S31590002B800AB984F83E302046FFF7F1FF00232377F9
S31590002B9010BDA36A834208D102222277DB69002BFB
S31590002BA0F1D1012384F83F30EDE7E36A834208D1FF
S31590002BB004222277DB69002BE5D1012384F840308B
S31590002BC0E1E7236B8342DED108222277DB69002B73
S31590002BD0D9D1012384F84130D5E7704710B5846B7D
S31590002BE0636A834207D1012323772046FFF7F5FFD7
S31590002BF00023237710BDA36A834201D10223F3E712
S31590002C00E36A834201D10423EEE7236B8342ECD13E
S31590002C100823E9E77047036870B5DD6804461E69C6
S31590002C20B2070DD5A9070BD56FF002021A610122E2
S31590002C3002779B699A0775D0FFF798FF0023237751
S31590002C40730710D568070ED523686FF004022046E7
S31590002C501A61022222779B6913F4407F68D0FFF7AE
S31590002C6085FF0023237731070FD52A070DD52368D3
S31590002C706FF0080220461A6104222277DB699B07CF
S31590002C805CD0FFF773FF00232377F10610D5EA0691
S31590002C900ED523686FF0100220461A61082222771B
S31590002CA0DB6913F4407F4FD0FFF760FF0023237753
S31590002CB0F30708D5E80706D523686FF0010220468A
S31590002CC01A6100F091FF16F4025F08D0290606D526
S31590002CD023686FF4025220461A6100F06EFFF205E7
S31590002CE008D52B0606D523686FF4807220461A61A4
S31590002CF000F064FF700608D5690606D523686FF064
S31590002D00400220461A61FFF785FFB20622D5AB0630
S31590002D1020D523686FF0200220461A61BDE87040E6
S31590002D2000F04ABFFFF721FF2046FFF720FF85E717
S31590002D30FFF71BFF2046FFF71AFF92E7FFF715FFF5
S31590002D402046FFF714FF9EE7FFF70FFF2046FFF799
S31590002D500EFFABE770BD704710B5846B636A834214
S31590002D6009D10123237784F83E302046FFF7F3FFFD
S31590002D700023237710BDA36A834205D102232377CC
S31590002D80012384F83F30F0E7E36A83424FF0010372
S31590002D9004D1042284F840302277E6E7226B8242FF
S31590002DA004D1082284F841302277DEE784F83D305A
S31590002DB0DBE70000274A0368904212D0B0F1804FBB
S31590002DC00FD0A2F57C4290420BD002F580629042E1
S31590002DD007D002F58062904203D002F57842904285
S31590002DE008D123F070034A68134323F44073CA68EA
S31590002DF013430AE0184A9042F7D002F58062904257
S31590002E00F3D002F580629042EFD04A6923F08003B6
S31590002E1013438A68C2620A6882620E4A90420FD051
S31590002E2002F5806290420BD002F57052904207D024
S31590002E3002F58062904203D002F58062904201D101
S31590002E400A690263026842F004020260012242614A
S31590002E5003607047000001400040014010B50446F1
S31590002E6050B390F83D3003F0FF021BB980F83C2038
S31590002E7000F0C6FE02232068211D84F83D30FFF73E
S31590002E8099FF0123002084F8483084F83E3084F876
S31590002E903F3084F8403084F8413084F8423084F8EA
S31590002EA0433084F8443084F8453084F8463084F8CA
S31590002EB0473084F83D3010BD0120FCE710B504463C
S31590002EC050B390F83D3003F0FF021BB980F83C20D8
S31590002ED0FFF748FE02232068211D84F83D30FFF756
S31590002EE069FF0123002084F8483084F83E3084F846
S31590002EF03F3084F8403084F8413084F8423084F88A
S31590002F00433084F8443084F8453084F8463084F869
S31590002F10473084F83D3010BD0120FCE710B50446DB
S31590002F2050B390F83D3003F0FF021BB980F83C2077
S31590002F30FFF719FE02232068211D84F83D30FFF724
S31590002F4039FF0123002084F8483084F83E3084F815
S31590002F503F3084F8403084F8413084F8423084F829
S31590002F60433084F8443084F8453084F8463084F809
S31590002F70473084F83D3010BD0120FCE710B504467B
S31590002F8050B390F83D3003F0FF021BB980F83C2017
S31590002F90FFF7EAFD02232068211D84F83D30FFF7F4
S31590002FA009FF0123002084F8483084F83E3084F8E5
S31590002FB03F3084F8403084F8413084F8423084F8C9
S31590002FC0433084F8443084F8453084F8463084F8A9
S31590002FD0473084F83D3010BD0120FCE7036A026A51
S31590002FE023F0200322F0100270B5026244688269D1
S31590002FF00D6822F0807222F4E64242EA05228D683C
S3159000300043EA0513134DA8420FD005F58065A842F3
S315900030100BD005F57055A8420FD124F44065D1E93F
S315900030200546344345EA84040EE023F08003CD68D8
S3159000303043EA051323F04003EFE7074DA842ECD08F
S3159000304005F58065A842E8D0446082614A6882634B
S31590003050036270BD000001400044014010B590F835
S315900030603C300446012B29D00C2A1FD009D8042ABB
S3159000307014D0082A16D062B10120002384F83C307F
S3159000308010BD102A16D0142AF6D10068FFF7F8FC66
S3159000309002E00068FFF712FC0020EEE70068FFF7F9
S315900030A09DFFF9E70068FFF743FCF5E70068FFF737
S315900030B07FFCF1E70068FFF7AFFCEDE70220DFE762
S315900030C038B590F83C300446012B73D001200C2A79
S315900030D084F83C004ED008D8042A2BD0082A39D040
S315900030E0BAB1002384F83C3038BD102A52D0142A45
S315900030F0F7D12068FFF7C4FC0A69436D43F4006377
S315900031004365436D23F480634365436D43EA02232D
S315900031104EE02068FFF7D2FB0A69836943F0080303
S315900031208361836923F00403836183691343836115
S315900031300020D6E72068FFF751FF0A69836943F4B8
S3159000314000638361836923F480638361836943EABF
S315900031500223ECE72068FFF7EBFB0A69C36943F0AB
S315900031600803C361C36923F00403C361C3691343AE
S31590003170C361DDE72068FFF71BFC0A69C36943F466
S315900031800063C361C36923F48063C361C36943EA7F
S315900031900223EDE72068FFF73FFC0A69436D43F091
S315900031A008034365436D23F004034365436D13435E
S315900031B04365BDE7022097E770B5056A194E046A24
S315900031C0B04224F001040462846926D0B0F1804FA5
S315900031D023D0A6F57C46B0421FD006F58066B04255
S315900031E01BD006F58066B04217D006F57846B042F9
S315900031F013D0A6F56C46B0420FD006F59436B04281
S315900032000BD044F0010263F3071201F00A0125F096
S315900032100A0382611943016270BD24F003042243BC
S31590003220F1E700BF00000140F8B590F83C30054644
S315900032300C46012B00F082800120082A85F83C007C
S315900032405CD006D842B3042A36D0002385F83C30A9
S31590003250F8BD0C2AF9D12B68CE68186AD1E90027F7
S31590003260196A20F42040120321F4805102F420427E
S315900032701962D969024321F4407141EA072166F344
S315900032800F31D9611A62DA69A16822F44062DA6173
S31590003290DA6942EA01224FE02868CB68D1E9001248
S315900032A0FFF78AFF8369A26823F00C038361836921
S315900032B0134383610020C8E72B68CE68186AD1E96A
S315900032C00027196A20F0A000120121F0100102F0E7
S315900032D0A00219629969024321F4407141EA0721DB
S315900032E066F30F3199611A629A69A16822F4406275
S315900032F09A619A6942EA01229A61DBE72B68E7684C
S31590003300186A1E6A20F4206026F48076D1E900219E
S315900033101E62DE69120226F0030602F42062314331
S31590003320024367F30711D9611A62DA69A16822F03C
S315900033300C02DA61DA690A43DA61BBE7022087E7B1
S3159000334010B50A43846842EA032224F47F44224358
S31590003350826010BD38B590F83C300446012B4FF092
S31590003360020300F0AA80012280F83D30544B80F889
S315900033703C20006885682B4083600B68702B56D084
S315900033803CD8502B67D01DD8402B7DD006D8202B0B
S315900033900ED00BD833F010020AD00122012384F804
S315900033A03D30002384F83C30104638BD302BF4D1A4
S315900033B0826822F4401222F070021A4342F0070209
S315900033C082603DE0602BE9D1036A026A4D6823F082
S315900033D0A00322F01002C96843EA051302628269CB
S315900033E022F4704242EA013282610362836823F4D6
S315900033F0401323F0700343F0670320E0B3F5005FBA
S3159000340020D004D8B3F5805218BF0122C6E72D49C3
S315900034108B42CDD005D823F01001B1F5801FBDD1D8
S31590003420C6E729498B42C3D010318B42F7E7CB6868
S31590003430D1E90121FFF784FF836843F07703836026
S315900034400022ABE7CB68D1E90121FFF779FF8368CA
S3159000345043F48043F3E74A68CD68016A036A21F032
S315900034600A0123F001030A430362836923F0F00300
S3159000347043EA051383610262836823F4401323F0C1
S31590003480700343F05703DAE74A68CD68016A036A26
S3159000349021F00A0123F001030A430362836923F0B2
S315900034A0F00343EA051383610262836823F44013B1
S315900034B023F0700343F04703C1E71A4674E700BF51
S315900034C08800CEFF200010003000100010B501F0EB
S315900034D01F010124036A8C408A4023EA0403036295
S315900034E0036A1A43026210BD082908B518D005D898
S315900034F059B1042911D090F8433008E00C2912D024
S315900035001029F8D190F8423001E090F83E30013B16
S3159000351018BF012353B1012041E090F83F30F6E700
S3159000352090F84030F3E790F84130F0E708294FF0F3
S31590003530020338D006D861B1042931D0022380F82D
S31590003540433008E00C2931D01029F7D180F8423069
S3159000355001E080F83E3000680122FFF7B7FF244B68
S3159000356098420FD003F5806398420BD003F57053C1
S31590003570984207D003F58063984203D003F58063A1
S31590003580984216D1436C43F400434364184B9842D7
S3159000359027D18268174B1340062B1AD1002008BDFD
S315900035A080F83F30D7E780F84030D4E780F8413054
S315900035B0D1E7B0F1804FECD00F4B9842E9D003F5AC
S315900035C080639842E5D003F580639842E1D00B4B37
S315900035D00BE0B3F5803FE1D0036843F0010303604D
S315900035E0DCE7074B9842D4D0064B9842D1D0F3E70C
S315900035F00000014007000100000400400018004050
S315900036000004014000400140FFF76EBF082908B54D
S3159000361018D005D859B1042911D090F8433008E054
S315900036200C2912D01029F8D190F8423001E090F888
S315900036303E30013B18BF012353B1012046E090F87C
S315900036403F30F6E790F84030F3E790F84130F0E7F6
S3159000365008294FF0020341D006D861B1042936D02B
S31590003660022380F84330E8E70C293ED01029F7D1A1
S3159000367080F84230E1E7026880F83E30D36843F044
S315900036800203D36001220068FFF720FF2A4B98427D
S315900036900FD003F5806398420BD003F57053984290
S315900036A007D003F58063984203D003F58063984270
S315900036B022D1436C43F4004343641F4B984233D169
S315900036C082681E4B1340062B26D1002008BD026847
S315900036D080F83F30D36843F00403D2E7026880F85D
S315900036E04030D36843F00803CBE7026880F8413056
S315900036F0D36843F01003C4E7B0F1804FE0D0104B8D
S315900037009842DDD003F580639842D9D003F5806363
S315900037109842D5D00B4B0BE0B3F5803FD5D00368DC
S3159000372043F001030360D0E7074B9842C8D0074B9C
S315900037309842C5D0F3E700BF0000014007000100A2
S315900037400004004000180040000401400040014081
S3159000375038B50D4604461146082D1BD005D85DB1E7
S31590003760042D14D094F8430008E00C2D15D0102D9C
S31590003770F8D190F8420001E090F83E00A0F1020CDA
S31590003780DCF1000040EB0C0050B102201DE090F8F7
S315900037903F00F3E790F84000F0E790F84100EDE73E
S315900037A0082D2AD005D85DB1042D0FD094F843008A
S315900037B00EE00C2D24D0102DF8D194F8420007E09D
S315900037C094F83E20012A08D0012038BD94F83F0095
S315900037D0421E504250410028F6D00029F4D0002BCA
S315900037E0F2D0082D4FF0020262D00CD895B1042D7C
S315900037F04AD0022384F84330E6E794F84000E7E79E
S3159000380094F84100E4E70C2D67D0102DF1D184F89F
S315900038104220D9E784F83E20606A4A4AC2634A4AFF
S3159000382002644A4AC2642268343200F031FA0028AF
S31590003830CAD12268D36843F40073D36029462068BE
S315900038400122FFF743FE424B98420FD003F5806367
S3159000385098420BD003F57053984207D003F58063D6
S31590003860984203D003F5806398424BD1436C43F45E
S3159000387000434364364B98425CD18268354B134083
S31590003880062B4FD10020A0E784F83F20A06A2D4A4E
S31590003890C2632D4A02642D4AC2642268383200F00F
S315900038A0F7F9002890D12268D36843F48063C4E77F
S315900038B084F84020E06A234AC263234A0264234A7A
S315900038C0C26422683C3200F0E3F900287FF47CAFB2
S315900038D02268D36843F40063AFE784F84120206BF5
S315900038E0184AC263184A0264184AC264226840326F
S315900038F000F0CEF900287FF467AF2268D36843F4CE
S3159000390080539AE7B0F1804FB7D0134B9842B4D01A
S3159000391003F580639842B0D003F580639842ACD0AB
S315900039200E4B0BE0B3F5803FACD0036843F0010338
S315900039300360A7E70A4B98429FD00A4B98429CD0C7
S31590003940F3E700BF712B0000DD2B0000592D00001E
S3159000395000000140070001000004004000180040EC
S315900039600004014000400140082908B529D005D837
S3159000397059B104291FD090F843302AE00C2926D05B
S315900039801029F8D190F8423023E090F83E3090F824
S315900039904420DBB2012BD2B227D1012A25D10829A6
S315900039A04FF0020365D018D809B3042958D00223E2
S315900039B080F8433017E090F83F3090F84520DBB21E
S315900039C0E8E790F8403090F84620DBB2E2E790F8CE
S315900039D04130DBB290F84720DCE70C2952D0102911
S315900039E0E5D180F8423080F84730012037E0026810
S315900039F080F83E3080F84430D36843F00203D360B9
S31590003A0001220068FFF762FD234B98421AD0B0F16D
S31590003A10804F17D0A3F57C43984213D003F580636B
S31590003A2098420FD003F5806398420BD003F5784304
S31590003A30984207D0A3F56C43984203D003F594338C
S31590003A40984207D18268154B1340062B06D0B3F5E2
S31590003A50803F03D0036843F001030360002008BD54
S31590003A60026880F83F3080F84530D36843F004030D
S31590003A70C5E7026880F8403080F84630D36843F056
S31590003A800803BCE7026880F8413080F84730D36875
S31590003A9043F01003B3E700BF0000014007000100A8
S31590003AA070B590F83C3004460220012B3BD0236839
S31590003AB01D4D84F83D00AB425A68986802D01B4E63
S31590003AC0B34203D122F470024E6832430E6822F05C
S31590003AD07002AB4242EA06025A6019D0B3F1804FA7
S31590003AE016D0134A934213D002F5806293420FD0B8
S31590003AF002F5806293420BD002F57842934207D04A
S31590003B00A2F56C42934203D002F59432934204D1CB
S31590003B10896820F080020A439A600123002084F885
S31590003B203D3084F83C0070BD000001400004014027
S31590003B300004004010B590F83C300246012B37D077
S31590003B40CB68886823F440731A4C0343486823F47F
S31590003B5080630343086823F400630343086923F4EE
S31590003B6080530343486923F400530343886A23F43C
S31590003B7080430343886923F4702343EA0043106823
S31590003B80A04203D004F58064A0420CD14C6A23F481
S31590003B90700343EA0453CC69096A23F08073234384
S31590003BA023F000730B434364002082F83C0010BD61
S31590003BB00220FCE700000140704770477047000004
S31590003BC05FF800F0FD7602905FF800F0D996000855
S31590003BD05FF800F0996600085FF800F00999000810
S31590003BE05FF800F0D90700085FF800F0597B0008ED
S31590003BF05FF800F0090800085FF800F0799C00086B
S31590003C005FF800F0898200085FF800F0E9A80008E4
S31590003C105FF800F0795400085FF800F0415400080E
S31590003C205FF800F0CD0600085FF800F01578029076
S31590003C305FF800F0FFB500085FF800F0C9300008A3
S31590003C405FF800F0F13900085FF800F0E9300008FD
S31590003C505FF800F0717602905FF800F0797B0008CB
S31590003C605FF800F0412F00085FF800F04563000808
S31590003C705FF800F0F93300085FF800F0490D00088E
S31590003C805FF800F0199800085FF800F0B1CE0008D0
S31590003C905FF800F051F501905FF800F051280008A8
S31590003CA05FF800F0013100085FF800F0C57C0290E3
S31590010000064B07B50648012200930221054B00785D
S315900100101AF01EF903B05DF804FB00BF01000190D0
S315900100207D29002491C00290F0B58DB00C46302206
S31590010030002168461AF058F96A4623460021EBB921
S3159001004023892046194D1A4E1A4F6B60C5F808D070
S315900100506C6306F0E7FA2946304610F041FA88B10A
S31590010060304610F001FE83071BD54FF4FA613868CC
S3159001007000F041FB304610F0DAFAECE7042903D19F
S315900100806FF00B000DB0F0BD586810605889506044
S3159001009009B142F8042C1B6803B9936001310C3203
S315900100A0CDE7204606F062F9EAE700BFE47B00243B
S315900100B01C7C0024CC7C002410B504460748084BD0
S315900100C001220321C0781AF0C3F8204600211AF0C4
S315900100D0A7F8642000F03CFAF7E700BF7D290024D9
S315900100E0C21903900146084808B505F0A3FE074BCF
S315900100F01A78012A07D100221A70054B1868BDE8B3
S31590010100084000F01EBB08BD344C0390D47C0024FB
S31590010110D07C00242DE9F7430546114FDFF8448042
S31590010120DFF844904FF0FF31386800F0E4FA044666
S315900101300028F7D198F8003001941BB901A94846D7
S3159001014010F0FAF9019E002EECD02B692946304623
S3159001015098470028EED0304606F008F9EAE700BF46
S31590010160D07C0024D47C00241C7C0024014B18688C
S3159001017000F0E7BAD07C0024014B186800F0E1BA90
S31590010180CC7C002408B510F072FD030605D5034B0F
S315900101901868BDE8084000F0D4BA08BDD07C0024A8
S315900101A02DE9F041054694B030B94C4B4FF40372AA
S315900101B04B494C481AF044F847F273434A4E00248F
S315900101C068466B86494B34726B61494BADF8044076
S315900101D0AB61484BC6F804D03360474BDFF83481A6
S315900101E00093464BF360464B33614FF4C0637361A2
S315900101F01AF09AF8304610F01BFC424B21460746FE
S31590010200342218461AF070F8212240F8042C4FF443
S31590010210403202613C4805F0B9FD0623012102A84E
S3159001022085F830307368394E1A7885F82A205A78CD
S3159001023085F82B209A7885F82C20DA7885F82D2068
S315900102401A7985F82E205B7985F82F3040F2DC53A8
S315900102502B8595F8313043F00A0385F83130CDE995
S31590010260024400F025FA0121C8F8000004A8CDE95E
S31590010270044400F01DFA21463060D8F8000000F0E1
S315900102803AFA2146224C306806AE00F034FA0FCC89
S315900102900FC694E807000C3486E80700294606A89D
S315900102A000F02CF90DAE0FCC0FC694E8070086E846
S315900102B0070029460DA800F021F919F079FF3FB9F9
S315900102C00121284619F0ACFF002014B0BDE8F08159
S315900102D019F09AFF19F098FFF6E700BFE419039019
S315900102E060410390001A03901C7C002435C701904D
S315900102F029000190008002400080E10080000030DA
S3159001030000000030E87B0024344C0390CC7C002420
S31590010310404C0390D07C00240DF0BABBF0B58DB063
S3159001032004461422002107A819F0DEFF22683F4BEC
S315900103309A4278D13E4B3E2502270B26D3F8D820F8
S3159001034007A93C48002442F40042C3F8D820D3F8C8
S31590010350D82002F400420192019AD3F8D82042F4AF
S315900103608032C3F8D820D3F8D82002F48032029292
S31590010370029AD3F8D82042F40032C3F8D820D3F8A1
S31590010380D82002F400320392039AD3F8E02042F087
S315900103900402C3F8E020D3F8E02002F004020492AC
S315900103A0049AD3F8E02042F00102C3F8E020D3F892
S315900103B0E02002F001020592059AD3F8E02042F07E
S315900103C00202C3F8E020D3F8E03003F0020306936B
S315900103D0069BCDE907570B9610F04CFC8F2307A986
S315900103E015480B96CDE90737CDE9094410F042FC43
S315900103F043F6031307A911480B96CDE90737CDE9C3
S31590010400094410F037FC224605213D200EF056FA9C
S315900104103D200EF085FA2846224605210EF04EFA29
S3159001042028460EF07DFA0DB0F0BD00BF0080024067
S31590010430004402580008025800000258000402586D
S3159001044013B504460C4805F0C3FC034678B100F198
S3159001045020020A49226001614FF4C061CDE9002171
S3159001046000214122084605F031FF02B010BD044A31
S31590010470012120601170F8E7344C0390E50001905A
S31590010480D47C002430B50025A2F1200422F8163C34
S3159001049042F8205C22F8185C0568B5B904600C60D6
S315900104A00168A9B983B102F01F010B44BFF34F8FC5
S315900104B00A481344C0F85C222032991A0029F9DCC3
S315900104C0BFF34F8FBFF36F8F30BD0D682C60E6E79A
S315900104D00889184408810968E3E700BF00ED00E048
S315900104E005F044BF08B501F011F9002008BDEFF3FE
S315900104F005830BB101F036BA01F024BA70B5054601
S3159001050046690B4686B02A69B5F90840D0E90010CC
S3159001051076B1AD6965B1842C14BF03340024CDE95D
S315900105200165009400F093FE0590059806B070BDA4
S31590010530842C05AD92B214BF03340024CDE9004555
S3159001054000F0E5FE0128F0D00020EFE701F0B6BEFD
S31590010550012808B538BF012001F03AF8002008BDFE
S315900105601FB50023CDE90233EFF30583D3B102AB77
S315900105700122009303AB02F03DFA012804D04FF01B
S31590010580004005B05DF804FB029B4BB14FF0E023B0
S315900105904FF08052C3F8042DBFF34F8FBFF36F8F87
S315900105A00398EEE703AB012202F062F90128F7D036
S315900105B0E5E730B5002385B0054614460293EFF37F
S315900105C00580C0B9134602AA02F0F2F801280CD0B0
S315900105D0231E18BF01239B01019304AB13E9070066
S315900105E085E80700284605B030BD029B002BB4BFB5
S315900105F086230823F0E78223EEE74168012009B1BB
S3159001060000F050BB00F063BB002307B50193F8B12E
S31590010610EFF30582BAB101AA194600F07EFD0128D1
S3159001062003D0FF2003B05DF804FB019B4BB14FF063
S31590010630E0234FF08052C3F8042DBFF34F8FBFF3E1
S315900106406F8F0020EEE700F0ABFC0128F9D0E8E7C8
S315900106508020E7E7002307B50193EFF30583B3B154
S3159001066001A900F0AEFB012803D0FF2003B05DF88D
S3159001067004FB019B4BB14FF0E0234FF08052C3F83E
S31590010680042DBFF34F8FBFF36F8F0020EEE71A460D
S31590010690194600F055FA0128E7D1F6E710B5EFF3C0
S315900106A005841CB900F0BEFD204610BD8224FBE7EF
S315900106B0034613B55C68084664B1012919D1032331
S315900106C0002200931146234600F0C5F904462046C0
S315900106D002B010BD0129FAD12146032200F009FA90
S315900106E004460028F3D000231A46194600F028FA4A
S315900106F0EDE70024EBE7002307B50193F8B1EFF39B
S315900107000582BAB101AA194600F007FD012803D066
S31590010710FF2003B05DF804FB019B4BB14FF0E02342
S315900107204FF08052C3F8042DBFF34F8FBFF36F8FF5
S315900107300020EEE700F034FC0128F9D0E8E78020AC
S31590010740E7E7FFF787BFFFF7A9BF034613B507C8CA
S315900107500AB1DB682BB9002202B0BDE8104000F067
S31590010760C8B90024009400F076F902B010BD1FB507
S31590010770019100210391EFF30583C3B10B4603AABF
S3159001078001A900F0C1FA012803D0FF2005B05DF858
S3159001079004FB039B4BB14FF0E0234FF08052C3F81B
S315900107A0042DBFF34F8FBFF36F8F0020EEE7012A21
S315900107B001A938BF012200F0C3F90128F5D0E4E779
S315900107C030B5002385B00546144608460391029339
S315900107D011B98023019318E00093EFF30583E3B1F8
S315900107E06A4602A900F099FC431E58425841009B63
S315900107F0000101904BB14FF0E0234FF08052C3F8C6
S31590010800042DBFF34F8FBFF36F8F04AB13E907002E
S3159001081085E80700284605B030BD02A900F022FB05
S31590010820012801D11023D5E7003C18BF0124A4016A
S315900108300194EAE7EFF305830BB100F0CEBC00F02B
S31590010840B9BCFFF72BBF00F108034FF0FF324360AD
S315900108500361C0E90223002303607047002303610B
S31590010860704743689A684B608A60516099600368E3
S31590010870086101330360704730B50C68631C0AD177
S3159001088003695A684A6091608B6059600368086190
S315900108900133036030BD00F10802134652681568B2
S315900108A0A542FAD9EDE70369D0E901128A60516050
S315900108B05968814208BF5A60002202611A68013A5A
S315900108C01A601868704710B5044602F053FAA46B83
S315900108D002F070FAB4FA84F0400910BD70B516466C
S315900108E0026C0446856B42B906689EB9806801F030
S315900108F089FDA6600135A56370BD6EB9406819F092
S3159001090033FD6368226C1344A2689342636024BFEB
S31590010910236863600020EDE7C06819F025FD226C1D
S31590010920E36851429B1A22689342E3603EBFA368F3
S315900109305B18E360022EEDD10DB1013DEAE7284641
S31590010940D8E7034608461A6C10B462B1DC68996818
S3159001095014448C42DC605DF8044B24BF1968D9605D
S31590010960D96819F001BD5DF8044B704770B504461E
S3159001097002F000FA94F8455004F124066DB2002D68
S3159001098001DD636AB3B9FF2304F1100684F845309B
S3159001099002F010FA02F0EEF994F844506DB2002D7F
S315900109A001DD23697BB9FF2384F84430BDE87040AB
S315900109B002F000BA304601F0E7F908B101F0C2FA47
S315900109C0013D6DB2DBE7304601F0DEF908B101F089
S315900109D0B9FA013D6DB2E2E738B50D46044640B924
S315900109E04FF0500383F31188BFF36F8FBFF34F8F8F
S315900109F0FEE702F0BFF92268D4E90F3162604B43FA
S31590010A00D0185B1AA0601A440020FF23E260A0630D
S31590010A1084F8443084F84530A5B9236973B104F15B
S31590010A20100001F0B1F948B14FF0E0234FF0805238
S31590010A30C3F8042DBFF34F8FBFF36F8F02F0BAF94E
S31590010A40012038BD04F11000FFF7FDFE04F12400EA
S31590010A50FFF7F9FEF2E737B50D461C4640B94FF060
S31590010A60500383F31188BFF36F8FBFF34F8FFEE768
S31590010A7043B94FF0500383F31188BFF36F8FBFF3E0
S31590010A804F8FFEE74AB191B94FF0500383F3118826
S31590010A90BFF36F8FBFF34F8FFEE741B14FF0500316
S31590010AA083F31188BFF36F8FBFF34F8FFEE7502308
S31590010AB00193019B502B08D04FF0500383F311887B
S31590010AC0BFF36F8FBFF34F8FFEE70121002D08BF54
S31590010AD02246019B84F846102260C4E90F05204600
S31590010AE0FFF77AFF9DF81830204684F84C3003B012
S31590010AF030BDF8B50D461746064640B94FF050033E
S31590010B0083F31188BFF36F8FBFF34F8FFEE748438F
S31590010B10503002F095FA044670B1002380F84630C1
S31590010B2065B100F15003012120462360C4E90F65A8
S31590010B30FFF752FF84F84C702046F8BD0346F2E762
S31590010B402DE9FF410F461E460446019240B94FF0EA
S31590010B50500383F31188BFF36F8FBFF34F8FFEE777
S31590010B6051B9036C43B14FF0500383F31188BFF32E
S31590010B706F8FBFF34F8FFEE7022E0BD1E36B012BE5
S31590010B8008D04FF0500383F31188BFF36F8FBFF3F3
S31590010B904F8FFEE701F0A2FB054620B300254FF0EB
S31590010BA0000802F0E7F8A26BE36B9A4227D232462D
S31590010BB039462046FFF792FE636A1BB104F1240081
S31590010BC001F0E2F848B14FF0E0234FF08052C3F8BC
S31590010BD0042DBFF34F8FBFF36F8F02F0EBF8012017
S31590010BE004B0BDE8F081019B002BD8D04FF05003A3
S31590010BF083F31188BFF36F8FBFF34F8FFEE7022EFA
S31590010C00D5D0019B1BB902F0D5F80020E8E715B9BC
S31590010C1002A801F01DF902F0CDF800F0E7FD02F00F
S31590010C20A9F894F84430FF2B01D184F8448094F8C4
S31590010C304530FF2B01D184F8458002F0BBF801A91C
S31590010C4002A801F01BF938BB02F094F8A26BE36B92
S31590010C509A420ED102F0AEF8019904F1100001F01A
S31590010C606DF82046FFF782FE00F0CEFD48B10125D2
S31590010C7097E702F09FF82046FFF778FE00F0C4FD53
S31590010C80F5E74FF0E0234FF08052C3F8042DBFF300
S31590010C904F8FBFF36F8FEAE72046FFF767FE00F0AD
S31590010CA0B3FDB2E700220B4613B511460090012021
S31590010CB0FFF7D1FE044638B100231A4619468360E0
S31590010CC00360C360FFF73CFF204602B010BD70B5CC
S31590010CD00646502002F0B4F9044698B10025012148
S31590010CE0006080F84650C0E90F15FFF775FE2B4658
S31590010CF02A462946204684F84C60A5602560E56021
S31590010D00FFF71EFF204670BD2DE9F8438946174629
S31590010D101E46044640B94FF0500383F31188BFF342
S31590010D206F8FBFF34F8FFEE751B9036C43B14FF00D
S31590010D30500383F31188BFF36F8FBFF34F8FFEE795
S31590010D40022E0BD1E36B012B08D04FF0500383F3A6
S31590010D501188BFF36F8FBFF34F8FFEE702F01CF937
S31590010D60EFF311884FF0500383F31188BFF36F8F20
S31590010D70BFF34F8FA26BE36B9A4201D3022E1ED122
S31590010D8094F845503246494620466DB2A36BFFF71B
S31590010D90A5FD6B1C0ED1636A3BB104F1240000F0F2
S31590010DA0F3FF10B10FB101233B60012088F3118845
S31590010DB0BDE8F88301356DB284F84550F5E700201A
S31590010DC0F4E770B50D46044640B94FF0500383F3EE
S31590010DD01188BFF36F8FBFF34F8FFEE7036C43B15B
S31590010DE04FF0500383F31188BFF36F8FBFF34F8F8B
S31590010DF0FEE7036853B9836843B14FF0500383F319
S31590010E001188BFF36F8FBFF34F8FFEE702F0C4F8DF
S31590010E10EFF311864FF0500383F31188BFF36F8F71
S31590010E20BFF34F8FA26BE36B934219D994F8451098
S31590010E300132FF294BB2A2630DD1636A3BB104F132
S31590010E40240000F0A1FF10B10DB101232B60012008
S31590010E5086F3118870BD01335BB284F84530F6E7AD
S31590010E600020F5E72DE9FF410E460446019240B96F
S31590010E704FF0500383F31188BFF36F8FBFF34F8FFA
S31590010E80FEE751B9036C43B14FF0500383F31188D8
S31590010E90BFF36F8FBFF34F8FFEE701F01FFA054641
S31590010EA018B300254FF0000801F064FFA76B47B314
S31590010EB0013F31462046FFF744FDA763236973B18D
S31590010EC004F1100000F060FF48B14FF0E0234FF0BD
S31590010ED08052C3F8042DBFF34F8FBFF36F8F01F08C
S31590010EE069FF012004B0BDE8F081019B002BD9D0A8
S31590010EF04FF0500383F31188BFF36F8FBFF34F8F7A
S31590010F00FEE7019B1BB901F055FF0020EAE715B9F1
S31590010F1002A800F09DFF01F04DFF00F067FC01F083
S31590010F2029FF94F84430FF2B01D184F8448094F83A
S31590010F304530FF2B01D184F8458001F03BFF01A993
S31590010F4002A800F09BFF00BB2046FFF7BCFCB0B1A6
S31590010F50019904F1240000F0F1FE2046FFF706FD09
S31590010F6000F052FC48B94FF0E0234FF08052C3F89D
S31590010F70042DBFF34F8FBFF36F8F012594E7204662
S31590010F80FFF7F4FC00F040FCF7E72046FFF7EEFC94
S31590010F9000F03AFC2046FFF796FC0028EDD0B4E726
S31590010FA0F0B585B00446019140B94FF0500383F3F3
S31590010FB01188BFF36F8FBFF34F8FFEE7056C45B175
S31590010FC04FF0500383F31188BFF36F8FBFF34F8FA9
S31590010FD0FEE701F083F9064620B32E46002701F07D
S31590010FE0C9FEA36B53B3013BA363236813B901F005
S31590010FF0CBFBA060236973B104F1100000F0C4FE2D
S3159001100048B14FF0E0234FF08052C3F8042DBFF35F
S315900110104F8FBFF36F8F01F0CDFE012005B0F0BD6C
S315900110203546DBE7019B002BFAD04FF0500383F353
S315900110301188BFF36F8FBFF34F8FFEE7019B53B9B3
S31590011040002D66D04FF0500383F31188BFF36F8F55
S31590011050BFF34F8FFEE716B902A800F0F9FE01F033
S31590011060A9FE00F0C3FB01F085FE94F84430FF2BF6
S3159001107001D184F8447094F84530FF2B01D184F85E
S31590011080457001F097FE01A902A800F0F7FE50BB4A
S315900110902046FFF718FC00B323683BB901F06AFEBE
S315900110A0A06801F039F9054601F084FE019904F131
S315900110B0240000F043FE2046FFF758FC00F0A4FB05
S315900110C048B94FF0E0234FF08052C3F8042DBFF397
S315900110D04F8FBFF36F8F012681E72046FFF746FCBE
S315900110E000F092FBF7E72046FFF740FC00F08CFBFF
S315900110F02046FFF7E8FB0028EDD065B101F03AFEF6
S31590011100616A19B1236B1968C1F10701A06801F0F1
S3159001111001FA01F04FFE002080E72DE9F843894658
S315900111209046044640B94FF0500383F31188BFF3BC
S315900111306F8FBFF34F8FFEE751B9036C43B14FF0F9
S31590011140500383F31188BFF36F8FBFF34F8FFEE781
S3159001115001F022FFEFF311874FF0500383F31188CB
S31590011160BFF36F8FBFF34F8FA56B0DB394F84460A8
S3159001117049462046013D76B2FFF7E3FBA563731C12
S3159001118011D1236953B104F1100000F0FDFD28B18E
S31590011190B8F1000F02D00123C8F80030012087F37F
S315900111A01188BDE8F883013676B284F84460F5E794
S315900111B02846F4E710B5044640B94FF0500383F33F
S315900111C01188BFF36F8FBFF34F8FFEE701F0D2FD0A
S315900111D0A46B01F0EFFD204610BD40B94FF05003CE
S315900111E083F31188BFF36F8FBFF34F8FFEE7806B49
S315900111F0704700000023094A10B552F83310DC00FD
S31590011200814206D1064A002142F8331022445160A8
S3159001121010BD0133082BF0D1FAE700BFE07C002422
S31590011220DC7C002410B540B94FF0500383F311884C
S31590011230BFF36F8FBFF34F8FFEE7FFF7DBFF90F89A
S3159001124046301BB9BDE8104001F092BF10BD80B584
S315900112508EB004AFF860B9607A603B607B6B002B0F
S315900112600BD14FF0500383F31188BFF36F8FBFF308
S315900112704F8F3B6200BF00BFFDE7BB6B002B0BD1CD
S315900112804FF0500383F31188BFF36F8FBFF34F8FE6
S31590011290FB6100BF00BFFDE7B0233B613B69B02B0B
S315900112A00BD04FF0500383F31188BFF36F8FBFF3C9
S315900112B04F8FBB6100BF00BFFDE73B69BB6B002B46
S315900112C01ED07B6B002B1BD0BB6B7B627B6A7A6BD0
S315900112D01A637B6A022283F8AD20002303937B6A0B
S315900112E0029307F1140301933B6B00933B687A6871
S315900112F0B968F86800F050F8786A00F0FBF801E0F8
S3159001130000237B617B6918462837BD4680BD80B531
S315900113108CB004AFF860B9603B601346FB80FB88E4
S315900113209B00184601F08CFE78617B69002B0ED0EC
S31590011330B02001F085FEF861FB69002B03D0FB69B3
S315900113407A691A6305E0786901F012FF01E00023DA
S31590011350FB61FB69002B17D0FB69002283F8AD2056
S31590011360FA8800230393FB690293FB6A0193BB6A94
S3159001137000933B68B968F86800F00EF8F86900F0D8
S31590011380B9F80123BB6102E04FF0FF33BB61BB6942
S3159001139018462037BD4680BD80B588B000AFF8604D
S315900113A0B9607A603B603B6B186B7B689B001A4611
S315900113B0A52118F099FF3B6B1A6B79686FF0404342
S315900113C00B449B001344BB61BB6923F00703BB61CC
S315900113D0BB6903F00703002B0BD04FF0500383F347
S315900113E01188BFF36F8FBFF34F8F7B6100BF00BF33
S315900113F0FDE73B6BBA695A64BB68002B1FD000238B
S31590011400FB6112E0BA68FB69134419783A6BFB6980
S31590011410134434330A461A70BA68FB6913441B782D
S31590011420002B06D0FB690133FB61FB690F2BE9D9D0
S3159001143000E000BF3B6B002283F8432003E03B6B47
S31590011440002283F83420BB6A062B01D90623BB629E
S315900114503B6BBA6ADA623B6BBA6A1A653B6B0022DE
S315900114605A653B6B04331846FFF7F8F93B6B183313
S315900114701846FFF7F3F93B6B3A6B1A61BB6AC3F1F6
S3159001148007023B6B9A613B6B3A6B5A623B6B00224C
S315900114909A653B6B0022C3F8A8203B6B002283F828
S315900114A0AC203B6B5C334C220021184618F01CFF94
S315900114B03B6B0D4A1A663B6B0C4A5A663B6B0C4A60
S315900114C09A663A68F968B86901F02AFC02463B6B5C
S315900114D01A60FB6A002B02D0FB6A3A6B1A6000BF56
S315900114E02037BD4680BD00BF947D0124FC7D01243B
S315900114F0647E012480B582B000AF786001F03AFC39
S315900115002C4B1B6801332B4A13602B4B1B68002B0A
S3159001151009D1294A7B681360264B1B68012B10D190
S3159001152000F034FD0DE0254B1B68002B09D1224BB1
S315900115301B68DA6A7B68DB6A9A4202D81E4A7B6824
S3159001154013601F4B1B6801331D4A13601C4B1A68AD
S315900115507B689A647B68DB6A01229A40194B1B6807
S315900115601343184A13607B68DA6A13469B00134447
S315900115709B00154A1A447B68043319461046FFF7B7
S3159001158070F901F017FC0D4B1B68002B0ED00A4B1E
S315900115901B68DA6A7B68DB6A9A4207D20B4B4FF07B
S315900115A080521A60BFF34F8FBFF36F8F00BF08371A
S315900115B0BD4680BD1C7E00241C7D0024287E00240F
S315900115C0387E0024247E0024207D002404ED00E052
S315900115D080B584B000AF78600023FB607B68002BF8
S315900115E018D0144B1B68002B0BD04FF0500383F38C
S315900115F01188BFF36F8FBFF34F8FBB6000BF00BFE2
S31590011600FDE700F0F3F80021786801F0E5FA00F0C3
S31590011610FBF8F860FB68002B07D1074B4FF080521F
S315900116201A60BFF34F8FBFF36F8F00BF1037BD4660
S3159001163080BD00BF447E002404ED00E080B588B0F3
S3159001164000AF78607B68BB61BB69002B0BD14FF013
S31590011650500383F31188BFF36F8FBFF34F8FBB6036
S3159001166000BF00BFFDE7244B1B68BA699A4202D1BD
S315900116700023FB773AE001F07DFBBB695B697B61F7
S315900116801E4B1B683B611E4B1B68FB6001F092FB76
S315900116907A693B699A4203D07A69FB689A4202D188
S315900116A00223FB7722E07B69164A934212D1BB69EA
S315900116B09B6A002B0BD1BB6993F8AC30DBB2012B43
S315900116C002D10223FB7711E00323FB770EE002237D
S315900116D0FB770BE07B690C4A934202D07B69002B26
S315900116E002D10423FB7701E00123FB77FB7F1846A8
S315900116F02037BD4680BD00BF1C7D0024D47D0024CB
S31590011700D87D0024087E0024F07D002480B58AB01F
S3159001171004AF0023BB6000237B603A46391D07F175
S315900117200803184618F03CFE39687B68BA6802923D
S3159001173001930023009300230A4623492348FFF788
S3159001174086FD0346224A1360214B1B68002B02D06B
S3159001175001237B6101E000237B617B69012B1ED113
S315900117604FF0500383F31188BFF36F8FBFF34F8F01
S315900117703B6100BF174B1B685C33174A1360174BCD
S315900117804FF0FF321A60164B01221A60154B002258
S315900117901A60154B00221A6001F07CFB0FE07B6901
S315900117A0B3F1FF3F0BD14FF0500383F31188BFF391
S315900117B06F8FBFF34F8FFB6000BF00BFFDE700BF88
S315900117C01837BD4680BD00BF784C03905D1F0190D0
S315900117D0407E00241C7D00240C0D00243C7E0024B8
S315900117E0287E0024207E0024382C002480B400AF6B
S315900117F0044B1B680133034A136000BFBD465DF875
S31590011800047B7047447E002480B584B000AF0023EA
S31590011810FB600023BB60424B1B68002B0BD14FF042
S31590011820500383F31188BFF36F8FBFF34F8F3B60E4
S3159001183000BF00BFFDE701F09DFA394B1B68013BE4
S31590011840374A1360364B1B68002B61D1354B1B68A9
S31590011850002B5DD02EE0344BDB68DB68FB60FB68C8
S3159001186018331846FFF71FF8FB6804331846FFF73D
S315900118701AF8FB68DB6A01229A402C4B1B681343CA
S315900118802A4A1360FB68DA6A13469B0013449B004D
S31590011890274A1A44FB68043319461046FEF7E1FFBE
S315900118A0FB68DA6A234B1B68DB6A9A4202D3224BA6
S315900118B001221A601C4B1B68002BCCD1FB68002BB4
S315900118C001D000F0DBFC1D4B1B687B607B68002B15
S315900118D010D000F0E9F80346002B02D0164B0122F6
S315900118E01A607B68013B7B607B68002BF1D1134BBF
S315900118F000221A60104B1B68002B09D00123BB6094
S315900119000F4B4FF080521A60BFF34F8FBFF36F8F1B
S3159001191001F050FABB6818461037BD4680BD00BF2E
S31590011920447E00241C7E0024DC7D0024247E002439
S31590011930207D00241C7D0024307E00242C7E0024F2
S3159001194004ED00E080B483B000AF054B1B687B606B
S315900119507B6818460C37BD465DF8047B704700BF1F
S31590011960207E002480B582B000AF01F015FB0023E4
S315900119707B60044B1B683B603B6818460837BD4645
S3159001198080BD00BF207E002480B586B000AFF86090
S31590011990B9607A6000237B6107233B61FFF726FFDD
S315900119A03A4B1B68BA689A4269D33B69013B3B61E2
S315900119B07A691346DB0013449B001A46FB68981814
S315900119C03A6913469B0013449B00314A1344012202
S315900119D0194600F0AFFB02467B6913447B613B6974
S315900119E0002BE2D17A691346DB0013449B001A4619
S315900119F0FB681344274A11680222184600F09AFBA5
S31590011A0002467B6913447B617A691346DB00134472
S31590011A109B001A46FB6813441F4A11680222184616
S31590011A2000F088FB02467B6913447B617A69134611
S31590011A30DB0013449B001A46FB68134404221749A2
S31590011A40184600F077FB02467B6913447B617A69FD
S31590011A501346DB0013449B001A46FB68134403228A
S31590011A600F49184600F066FB02467B6913447B6179
S31590011A707B68002B03D00B4B1A687B681A60FFF7C3
S31590011A80C3FE7B6918461837BD4680BD1C7E00246F
S31590011A90207D0024D47D0024D87D0024F07D00246F
S31590011AA0087E0024382C002480B586B000AF002330
S31590011AB07B614F4B1B68002B40F08F804D4B1B6811
S31590011AC001333B614B4A3B6913603B69002B21D142
S31590011AD0494B1B681B68002B0BD04FF0500383F3C7
S31590011AE01188BFF36F8FBFF34F8F3B6000BF00BF6D
S31590011AF0FDE7414B1B68FB60404B1B683E4A1360F8
S31590011B003E4AFB6813603E4B1B6801333C4A1360A7
S31590011B1000F0B4FB3B4B1B683A699A4248D3364B6B
S31590011B201B681B68002B04D1364B4FF0FF321A60AD
S31590011B303EE0314B1B68DB68DB68BB60BB685B686A
S31590011B407B603A697B689A4203D22E4A7B6813601E
S31590011B502EE0BB6804331846FEF7A5FEBB689B6A68
S31590011B60002B04D0BB6818331846FEF79CFEBB6861
S31590011B70DB6A01229A40244B1B681343224A136065
S31590011B80BB68DA6A13469B0013449B001F4A1A44AA
S31590011B90BB68043319461046FEF763FEBB68DA6AE2
S31590011BA01B4B1B68DB6A9A42B9D301237B61B6E76B
S31590011BB0174B1B68DA6A154913469B0013449B0021
S31590011BC00B441B68012B01D901237B61114B1B68C7
S31590011BD0002B07D001237B6104E00F4B1B68013377
S31590011BE00D4A13607B6918461837BD4680BD00BF04
S31590011BF0447E0024207E0024D47D0024D87D0024B8
S31590011C00347E00243C7E0024247E0024207D002402
S31590011C101C7D0024307E00242C7E002480B586B065
S31590011C2000AF3D4B1B68002B03D03C4B01221A6041
S31590011C306EE03A4B00221A60394B1B68394A1360A1
S31590011C40384B1A68384B1B689A4209D9374B1B682F
S31590011C50996D344A1068344A1268821A0A449A6510
S31590011C60304B1B68304A1360304B1B681A682F4BF8
S31590011C701B681B6B9A4208D82C4B1A682B4B1B6816
S31590011C8034331946104618F023FB294B1B68FB6029
S31590011C90FB68B3FA83F3FB72FB7AC3F11F037B6193
S31590011CA024497A6913469B0013449B000B441B6895
S31590011CB0002B0BD14FF0500383F31188BFF36F8F35
S31590011CC0BFF34F8F7B6000BF00BFFDE77A69134674
S31590011CD09B0013449B00174A13443B613B695B6825
S31590011CE05A683B695A603B695A683B6908339A421C
S31590011CF004D13B695B685A683B695A603B695B688A
S31590011D00DB680A4A1360094B1B685C330A4A136005
S31590011D1000BF1837BD4680BD447E0024307E002426
S31590011D20382C00244C7E0024487E00241C7D0024FF
S31590011D30247E0024207D00240C0D002480B584B0DF
S31590011D4000AF786039607B68002B0BD14FF0500360
S31590011D5083F31188BFF36F8FBFF34F8FFB6000BF83
S31590011D6000BFFDE7074B1B68183319467868FEF7E5
S31590011D7083FD0121386800F02FFF00BF1037BD4663
S31590011D8080BD00BF1C7D002480B586B000AF786011
S31590011D907B68DB68DB683B613B69002B0BD14FF0BD
S31590011DA0500383F31188BFF36F8FBFF34F8FFB609F
S31590011DB000BF00BFFDE73B6918331846FEF773FD78
S31590011DC01D4B1B68002B1CD13B6904331846FEF74B
S31590011DD06AFD3B69DB6A01229A40184B1B681343E3
S31590011DE0164A13603B69DA6A13469B0013449B00BB
S31590011DF0134A1A443B69043319461046FEF731FDDE
S31590011E0005E03B69183319460E48FEF72AFD3B69F2
S31590011E10DA6A0D4B1B68DB6A9A4205D901237B610D
S31590011E200A4B01221A6001E000237B617B69184607
S31590011E301837BD4680BD00BF447E0024247E002411
S31590011E40207D0024DC7D00241C7D0024307E00242E
S31590011E5080B483B000AF7860064B1A687B681A60CD
S31590011E60054B1A687B685A6000BF0C37BD465DF812
S31590011E70047B7047347E0024207E002480B588B090
S31590011E8000AF786039607B68002B0BD14FF050031F
S31590011E9083F31188BFF36F8FBFF34F8F3B6100BF01
S31590011EA000BFFDE73B68002B0BD14FF0500383F346
S31590011EB01188BFF36F8FBFF34F8FFB6000BF00BFD9
S31590011EC0FDE700F057FF1D4B1B68BB617B685B68A4
S31590011ED0BA69D31A7B613B681B68B3F1FF3F02D1A4
S31590011EE00023FB6123E07B681A68154B1B689A42B5
S31590011EF007D07B685B68BA699A4202D30123FB617A
S31590011F0015E03B681B687A699A420BD23B681A685E
S31590011F107B69D21A3B681A607868FFF799FF0023AC
S31590011F20FB6104E03B6800221A600123FB6100F02B
S31590011F3041FFFB6918462037BD4680BD207E0024AF
S31590011F40347E002480B400AF034B01221A6000BF97
S31590011F50BD465DF8047B7047307E002480B582B023
S31590011F6000AF786000F052F8064B1B68012BF9D947
S31590011F70054B4FF080521A60BFF34F8FBFF36F8FAF
S31590011F80F0E700BF207D002404ED00E080B582B02B
S31590011F9000AF00237B600CE07A6813469B001344E4
S31590011FA09B00124A13441846FEF74DFC7B68013399
S31590011FB07B607B68062BEFD90D48FEF744FC0D48F4
S31590011FC0FEF741FC0C48FEF73EFC0C48FEF73BFC45
S31590011FD00B48FEF738FC0B4B054A1A600A4B054A2B
S31590011FE01A6000BF0837BD4680BD00BF207D002422
S31590011FF0AC7D0024C07D0024DC7D0024F07D00248E
S31590012000087E0024D47D0024D87D002480B582B03A
S3159001201000AF19E000F0AEFE104BDB68DB687B6029
S315900120207B6804331846FEF73EFC0D4B1B68013B5B
S315900120300B4A13600B4B1B68013B0A4A136000F075
S31590012040B9FE786800F0E4F8064B1B68002BE1D1E5
S3159001205000BF00BF0837BD4680BD00BFF07D00249C
S315900120601C7E0024047E002480B586B000AFF86003
S31590012070B9607A60FB70FB68002B02D12C4B1B6810
S3159001208000E0FB687B61BB687A691A607B6903F142
S315900120903402BB685A607B69DA6ABB681A617B69EC
S315900120A01A6BBB68DA617B699A6CBB689A607B69CB
S315900120B01A6DBB685A617B699A6DBB689A61FB78A8
S315900120C0052B1AD01A4B1B687A699A4203D1BB68C1
S315900120D000221A7318E0BB68FA781A73FB78032BFF
S315900120E012D1FFF783FB7B699B6A002B02D0BB68F9
S315900120F002221A73FFF788FB06E07869FFF79EFACA
S3159001210003461A46BB681A737B68002B09D07B6914
S315900121101B6B184600F060F803461A46BB681A8492
S3159001212002E0BB6800221A8400BF1837BD4680BD05
S315900121301C7D002480B58AB000AFF860B960134663
S31590012140FB7100237B62BB681B68002B3FD0BB6889
S315900121503B623B6A5B685A683B6A5A603B6A5A685B
S315900121603B6A08339A4204D13B6A5B685A683B6A78
S315900121705A603B6A5B68DB68FB61BB68BB61BB69A4
S315900121805B685A68BB695A60BB695A68BB69083310
S315900121909A4204D1BB695B685A68BB695A60BB694C
S315900121A05B68DB687B617A6A1346DB0013449B00AC
S315900121B01A46FB689918FB7901227869FFF754FF53
S315900121C07B6A01337B627A69FB699A42D5D17B6AD4
S315900121D018462837BD4680BD80B485B000AF78607B
S315900121E00023FB6005E07B6801337B60FB6801336C
S315900121F0FB607B681B78A52BF5D0FB689B08FB6081
S31590012200FB689BB218461437BD465DF8047B704750
S3159001221080B584B000AF78607B685C33184618F05F
S315900122206FF87B6893F8AD30002B08D17B681B6BF8
S31590012230184600F09DFF786800F09AFF19E07B68D8
S3159001224093F8AD30012B03D1786800F091FF10E03F
S315900122507B6893F8AD30022B0BD04FF0500383F38C
S315900122601188BFF36F8FBFF34F8FFB6000BF00BF25
S31590012270FDE700BF1037BD4680BD000080B483B036
S3159001228000AF0C4B1B681B68002B04D10A4B4FF017
S31590012290FF321A6008E0074B1B68DB68DB687B60DE
S315900122A07B685B68044A136000BF0C37BD465DF8D6
S315900122B0047B7047D47D00243C7E002480B483B097
S315900122C000AF054B1B687B607B6818460C37BD4693
S315900122D05DF8047B704700BF1C7D002480B483B0F9
S315900122E000AF0B4B1B68002B02D101237B6008E0EA
S315900122F0084B1B68002B02D102237B6001E000236F
S315900123007B607B6818460C37BD465DF8047B704749
S31590012310287E0024447E002480B584B000AF786086
S315900123207B68BB600023FB607B68002B5ED0BB683B
S31590012330DA6A314B1B68DB6A9A424ED2BB689B695B
S31590012340002B06DB2C4B1B68DB6AC3F10702BB68CB
S315900123509A61BB685969BB68DA6A13469B00134454
S315900123609B00264A134499422FD1BB6804331846E1
S31590012370FEF799FA0346002B0AD1BB68DB6A012264
S3159001238002FA03F3DA431E4B1B6813401C4A13608F
S31590012390194B1B68DA6ABB68DA62BB68DB6A012291
S315900123A09A40174B1B681343154A1360BB68DA6A48
S315900123B013469B0013449B00104A1A44BB6804338E
S315900123C019461046FEF74DFA04E00B4B1B68DA6A84
S315900123D0BB68DA620123FB6008E0BB681A6D064BA5
S315900123E01B68DB6A9A4201D20123FB60FB6818469F
S315900123F01037BD4680BD00BF1C7D0024207D002482
S31590012400247E002480B586B000AF78607B683B61FE
S3159001241000237B617B68002B70D03B4B1B683A692C
S315900124209A420BD04FF0500383F31188BFF36F8F0D
S31590012430BFF34F8FFB6000BF00BFFDE73B695B6D4C
S31590012440002B0BD14FF0500383F31188BFF36F8F9D
S31590012450BFF34F8FBB6000BF00BFFDE73B695B6D6C
S315900124605A1E3B695A653B69DA6A3B691B6D9A420A
S3159001247044D03B695B6D002B40D13B6904331846D0
S31590012480FEF711FA0346002B15D13B69DA6A1F490B
S3159001249013469B0013449B000B441B68002B0AD1E7
S315900124A03B69DB6A012202FA03F3DA43184B1B6894
S315900124B01340174A13603B691A6D3B69DA623B69AF
S315900124C0DB6AC3F107023B699A613B69DB6A0122C8
S315900124D09A400F4B1B6813430D4A13603B69DA6AA6
S315900124E013469B0013449B00084A1A443B690433E4
S315900124F019461046FEF7B5F901237B617B691846AB
S315900125001837BD4680BD00BF1C7D0024207D002468
S31590012510247E002480B588B000AF786039607B68EE
S31590012520BB6101237B617B68002B79D0BB695B6DB5
S31590012530002B0BD14FF0500383F31188BFF36F8FAC
S31590012540BFF34F8FFB6000BF00BFFDE7BB691B6DFB
S315900125503A689A4202D93B68FB6102E0BB691B6DFE
S31590012560FB61BB69DB6AFA699A4259D0BB695B6DBB
S315900125707A699A4254D12C4B1B68BA699A420BD10B
S315900125804FF0500383F31188BFF36F8FBFF34F8FD3
S31590012590BB6000BF00BFFDE7BB69DB6A3B61BB69FE
S315900125A0FA69DA62BB699B69002B04DBFB69C3F1AB
S315900125B00702BB699A61BB6959693A6913469B00DF
S315900125C013449B00194A1344994229D1BB69043398
S315900125D01846FEF768F90346002B0AD1BB69DB6AF8
S315900125E0012202FA03F3DA43114B1B681340104A96
S315900125F01360BB69DB6A01229A400D4B1B6813433A
S315900126000B4A1360BB69DA6A13469B0013449B001D
S31590012610064A1A44BB69043319461046FEF721F956
S3159001262000BF2037BD4680BD1C7D0024207D00243F
S31590012630247E002480B584B000AF78603960396813
S31590012640786817F041FE786817F096FEF86007E013
S315900126507A68FB68134420221A70FB680133FB6089
S31590012660FB680E2BF4D97A68FB68134400221A7022
S315900126707A68FB68134418461037BD4680BD000042
S3159001268080B588B000AF78607B6800221A703A4BAB
S315900126901B68BB61384B1A681346DB0013449B00D9
S315900126A0184600F0CDFC78617B69002B5FD007F16D
S315900126B00C031A46B9697869FFF766F9B861FB6840
S315900126C02E4AA2FB03235B09FB60FB68002B4BD0D0
S315900126D00023FB6144E0FA691346DB0013449B0037
S315900126E01A467B6913449A69FB68B2FBF3F33B6123
S315900126F0FA691346DB0013449B001A467B6913441F
S315900127005B6819467868FFF795FF78603B69002BFF
S315900127100ED0FA691346DB0013449B001A467B6977
S3159001272013449A693B691649786817F07DFD0DE067
S31590012730FA691346DB0013449B001A467B691344DE
S315900127409B691A460F49786817F06EFD786817F0FD
S3159001275013FE02467B6813447B60FB690133FB6180
S31590012760FA69BB699A42B6D3786900F001FD00BF58
S315900127702037BD4680BD00BF1C7E00241F85EB51CE
S31590012780904C03909C4C039080B400AF074B1B6810
S31590012790002B04D0054B1B685A6D01325A65034BC9
S315900127A01B681846BD465DF8047B70471C7D002466
S315900127B080B586B000AFF860B9607A603B6000F092
S315900127C0D9FA294B1B6893F8AC30DBB2022B1CD09B
S315900127D0254B1B68D3F8A810FA68D2430A40C3F870
S315900127E0A820214B1B68012283F8AC203B68002B63
S315900127F00BD00121386800F0EFF91C4B4FF0805255
S315900128001A60BFF34F8FBFF36F8F00F0D3FA00F0CA
S31590012810B1FA7B68002B05D0134B1B68D3F8A8201F
S315900128207B681A60104B1B6893F8AC30DBB2022BB5
S3159001283002D000237B610AE00B4B1B68D3F8A810EA
S31590012840BA68D2430A40C3F8A82001237B61064B9C
S315900128501B68002283F8AC2000F0ACFA7B6918461D
S315900128601837BD4680BD00BF1C7D002404ED00E0F5
S3159001287080B58AB000AFF860B9603B601346FB71D2
S3159001288001237B62FB68002B0BD14FF0500383F33E
S315900128901188BFF36F8FBFF34F8FBB6100BF00BF2E
S315900128A0FDE7FB683B6200F065FA3B68002B04D0BC
S315900128B03B6AD3F8A8203B681A603B6A93F8AC3020
S315900128C0FB773B6A022283F8AC20FB79042B2ED846
S315900128D001A252F823F000BF53290190ED280190EF
S315900128E0FF2801900F290190192901903B6AD3F88D
S315900128F0A820BB681A433B6AC3F8A8202CE03B6A20
S31590012900D3F8A8305A1C3B6AC3F8A82024E03B6A46
S31590012910BA68C3F8A8201FE0FB7F022B04D03B6A5C
S31590012920BA68C3F8A82017E000237B6214E03B6ADB
S31590012930D3F8A830B3F1FF3F0DD04FF0500383F396
S315900129401188BFF36F8FBFF34F8F7B6100BF00BFBD
S31590012950FDE700BF00E000BFFB7F012B3AD13B6A48
S3159001296004331846FDF79FFF3B6ADB6A01229A40C2
S315900129701C4B1B6813431B4A13603B6ADA6A134666
S315900129809B0013449B00184A1A443B6A0433194628
S315900129901046FDF766FF3B6A9B6A002B0BD04FF002
S315900129A0500383F31188BFF36F8FBFF34F8F3B6152
S315900129B000BF00BFFDE73B6ADA6A0C4B1B68DB6A16
S315900129C09A4207D90A4B4FF080521A60BFF34F8F44
S315900129D0BFF36F8F00F0EEF97B6A18462837BD4634
S315900129E080BD00BF247E0024207D00241C7D002410
S315900129F004ED00E080B58EB000AFF860B9603B6041
S31590012A001346FB7101237B63FB68002B0BD14FF0BF
S31590012A10500383F31188BFF36F8FBFF34F8F7B62A0
S31590012A2000BF00BFFDE700F0B7FAFB683B63EFF329
S31590012A3011824FF0500383F31188BFF36F8FBFF369
S31590012A404F8F3A62FB613B6AFB623B68002B04D075
S31590012A503B6BD3F8A8203B681A603B6B93F8AC307C
S31590012A6087F82B303B6B022283F8AC20FB79042B41
S31590012A702ED801A252F823F0F52A01908D2A0190C1
S31590012A809F2A0190AF2A0190B92A01903B6BD3F806
S31590012A90A820BB681A433B6BC3F8A8202DE03B6B7B
S31590012AA0D3F8A8305A1C3B6BC3F8A82025E03B6BA2
S31590012AB0BA68C3F8A82020E097F82B30022B04D0EF
S31590012AC03B6BBA68C3F8A82017E000237B6314E038
S31590012AD03B6BD3F8A830B3F1FF3F0DD04FF05003C5
S31590012AE083F31188BFF36F8FBFF34F8FBB6100BF25
S31590012AF000BFFDE700BF00E000BF97F82B30012B28
S31590012B0046D13B6B9B6A002B0BD04FF0500383F35E
S31590012B101188BFF36F8FBFF34F8F7B6100BF00BFEB
S31590012B20FDE7214B1B68002B1CD13B6B04331846E8
S31590012B30FDF7B9FE3B6BDB6A01229A401B4B1B6882
S31590012B4013431A4A13603B6BDA6A13469B0013448C
S31590012B509B00174A1A443B6B043319461046FDF7FE
S31590012B6080FE05E03B6B183319461248FDF779FE56
S31590012B703B6BDA6A104B1B68DB6A9A4208D93B6C4D
S31590012B80002B02D03B6C01221A600C4B01221A6079
S31590012B90FB6A3B613B6983F3118800BF7B6B1846E7
S31590012BA03837BD4680BD00BF447E0024247E002474
S31590012BB0207D0024DC7D00241C7D0024307E0024B1
S31590012BC080B400AF034B1B689B6D1846BD465DF8FC
S31590012BD0047B7047407E002480B584B000AF786056
S31590012BE03960294B1B68FB60284B1B6804331846D8
S31590012BF0FDF759FE0346002B0BD1244B1B68DB6A6C
S31590012C00012202FA03F3DA43214B1B681340204A4F
S31590012C1013607B68B3F1FF3F0AD13B68002B07D065
S31590012C201A4B1B68043319461A48FDF71AFE26E01B
S31590012C30FA687B681344BB60144B1B68BA685A6088
S31590012C40BA68FB689A4209D2134B1A680F4B1B68F4
S31590012C50043319461046FDF70FFE10E00F4B1A6824
S31590012C600A4B1B68043319461046FDF705FE0C4BBB
S31590012C701B68BA689A4202D2094ABB68136000BFC0
S31590012C801037BD4680BD00BF207E00241C7D0024E8
S31590012C90247E0024087E0024D87D0024D47D00243F
S31590012CA03C7E002408480068006880F308884FF04D
S31590012CB0000080F3148862B661B6BFF34F8FBFF3FD
S31590012CC06F8F00DF00BF000008ED00E0DFF80C0019
S31590012CD0016841F4700101607047000088ED00E0E1
S31590012CE0002382B001930D4B1B68013308D04FF03E
S31590012CF0500383F31188BFF36F8FBFF34F8FFEE7B6
S31590012D004FF0500383F31188BFF36F8FBFF34F8F4B
S31590012D10019B002BFCD002B0704700BFEC0C002445
S31590012D204FF0807321F0010140F8202C4438036460
S31590012D30034BC16383636FF002030362704700BF65
S31590012D40E12C01900000000000000000000000004E
S31590012D50074B19680868B0E8F04F80F30988BFF30C
S31590012D606F8F4FF0000080F311887047AFF30080AA
S31590012D701C7D00244FF0500383F31188BFF36F8FAE
S31590012D80BFF34F8F0A4A13680133012B13600ED19B
S31590012D904FF0E023D3F8043DDBB243B14FF050033B
S31590012DA083F31188BFF36F8FBFF34F8FFEE77047A1
S31590012DB0EC0C0024084A136843B94FF0500383F38F
S31590012DC01188BFF36F8FBFF34F8FFEE7013B1360FF
S31590012DD00BB983F311887047EC0C002400000000B6
S31590012DE0EFF30980BFF36F8F154B1A681EF0100F22
S31590012DF008BF20ED108A20E9F04F10602DE90900F7
S31590012E004FF0500080F31188BFF34F8FBFF36F8F50
S31590012E10FEF704FF4FF0000080F3118809BC196892
S31590012E200868B0E8F04F1EF0100F08BFB0EC108A9A
S31590012E3080F30988BFF36F8F704700BFAFF30080AF
S31590012E401C7D002408B54FF0500383F31188BFF31E
S31590012E506F8FBFF34F8FFEF727FE28B14FF0E02318
S31590012E604FF08052C3F8042D002383F3118808BDD7
S31590012E704FF0E02200234FF47A7113619361044B72
S31590012E801B68B3FBF1F3013B536107231361704751
S31590012E901C0A00244FF0E02337B5D3F8001D384AB9
S31590012EA0914208D14FF0500383F31188BFF36F8F8E
S31590012EB0BFF34F8FFEE7D3F8002D324B9A4208D1DC
S31590012EC04FF0500383F31188BFF36F8FBFF34F8F8A
S31590012ED0FEE72D4B1A78D2B20192FF221A701B7817
S31590012EE02A4ADBB28DF803309DF8033003F0500384
S31590012EF013700723264A13609DF803101368090679
S31590012F000AD4032B11D04FF0500383F31188BFF3EA
S31590012F106F8FBFF34F8FFEE7013B13609DF8033030
S31590012F205B00DBB28DF80330E6E74FF440734FF068
S31590012F30E02400251360019B134ADBB21370D4F889
S31590012F40203D43F47003C4F8203DD4F8203D43F06E
S31590012F507043C4F8203DFFF78BFF0E4B1D60FFF7C2
S31590012F60B5FED4F8343F43F04043C4F8343FFFF7FD
S31590012F7099FEFEF753FE2846FFF7B2FE03B030BD29
S31590012F8071C20F4170C20F4100E400E0547E0024EB
S31590012F90507E0024EC0C0024EFF305830F2B0ED901
S31590012FA0114A9B5C114A12789A4208D94FF0500304
S31590012FB083F31188BFF36F8FBFF34F8FFEE74FF007
S31590012FC0E0230B4AD3F80C3D126803F4E063934275
S31590012FD008D94FF0500383F31188BFF36F8FBFF376
S31590012FE04F8FFEE7704700BFF0E300E0547E002468
S31590012FF0507E0024104B10B51A461B688342FBD3B2
S3159001300054681119884201BF4168104609195160E7
S31590013010446801198B420CD1084909688B4203D047
S3159001302059682144416019689042016018BF106047
S3159001303010BD1946F8E700BF707E00246C7E00240F
S315900130402DE9F0410446FEF7D1FB4249424D0B680A
S315900130500BBB424A5607424E1BBFD01D02F520427A
S315900130604FF4204320F007001CBF131A024600209C
S31590013070134432607060083B23F00703C3E90000F4
S31590013080981A0B60C2E90030364B1860364B1860BF
S315900130904FF000432B602E68264255D1002C46D026
S315900130A004F1080360071CBF23F007030833002BC4
S315900130B04AD02D4F3C689C4246D3294A1568686888
S315900130C0984204D2D5F800C0BCF1000F15D1096819
S315900130D0A94239D02968D2F800801160C21A102A03
S315900130E012D9E81841070BD04FF0500383F311889A
S315900130F0BFF36F8FBFF34F8FFEE72A466546DEE734
S3159001310042606B60FFF776FF6A6800231549A41A3F
S3159001311016430868154A84422B6013683C6003F194
S31590013120010338BF0C6008F108046E601360FEF766
S315900131306BFB63070AD04FF0500383F31188BFF3FB
S315900131406F8FBFF34F8FFEE70024F0E72046BDE86F
S31590013150F08100BF6C7E0024587E0024787E002486
S31590013160707E0024647E0024687E0024607E0024A4
S3159001317010B5044690B31A4A50F8043C12681342AB
S3159001318008D14FF0500383F31188BFF36F8FBFF3CC
S315900131904F8FFEE750F8081C41B14FF0500383F36F
S315900131A01188BFF36F8FBFF34F8FFEE723EA0203B8
S315900131B040F8043CFEF71AFB0A4A54F8043CA4F181
S315900131C0080011680B441360FFF714FF064A136851
S315900131D00133BDE810401360FEF716BB10BD00BF6A
S315900131E0587E0024687E00245C7E00240A6810B50F
S315900131F00C320C4601F000FE08B994F9040010BD9A
S3159001320008B50B46114658B1027802F0F002102A21
S3159001321006D108608B600748BDE80840FFF7E6BF16
S31590013220054B40F2A7220549054817F009F86FF0BA
S315900132300F0008BD0B490190361A0390681A039046
S31590013240001A039000B589B058B90B4B40F247422A
S315900132500A490B4816F0F4FF6FF00F0009B05DF8BC
S3159001326004FB292300908DF80810694605488DF8CE
S315900132700930FFF7BBFFF1E7361A03908C1A0390DA
S31590013280001A03900D4A019070B50D4688B011460B
S3159001329001F050F8044600283DD000906946204838
S315900132A08DF80850FFF7A2FF002835D063682BB13F
S315900132B01C4BA3221C491D4816F0C2FF04F11005B0
S315900132C028460AF014FB28B9164BA4221849174828
S315900132D016F0B6FF04F114000AF009FB28B1114B60
S315900132E0A6221449114816F0ABFF04F10C0630469C
S315900132F00AF03DFB28B90B4BA9220F490B4816F052
S315900133009FFF30460AF030FB28460AF0A9FA21467B
S31590013310082002F0A1FD0024204608B070BD00BF30
S31590013320B1420190361A0390A81A0390001A03909D
S31590013330C91A0390DE1A0390FF1A039000B589B05B
S3159001334038B129230090694603488DF80930FFF773
S315900133504DFF09B05DF804FBC145019038B50546AE
S3159001336040B1FFF7EBFF044610B9284601F028F863
S31590013370204638BD0446FBE700B589B058B90C4BD9
S315900133804FF49C720B490C4816F05AFF6FF00F00E0
S3159001339009B05DF804FB094B0090002908BF194656
S315900133A00748ADF80C2002916946FFF71FFFEFE73A
S315900133B0361A0390181B0390001A0390F44D03904C
S315900133C0D946019000B589B058B90C4B4FF4BF72EC
S315900133D00B490C4816F034FF6FF00F0009B05DF8F9
S315900133E004FB094B0090002908BF19460748ADF820
S315900133F00C2002916946FFF7F9FEEFE7361A039022
S31590013400331B0390001A0390F44D039019470190D2
S3159001341000B589B058B9094B40F2BB120849094821
S3159001342016F00EFF6FF00F0009B05DF804FB0090E7
S3159001343069460548FFF7DAFEF6E700BF361A0390AC
S31590013440511B0390001A0390FD47019000B589B076
S3159001345058B9094B40F2B2320849094816F0F0FEC4
S315900134606FF00F0009B05DF804FB00900291694678
S315900134700448FFF7BBFEF5E7361A03906E1B0390DF
S31590013480001A0390B548019029B102B112688A6079
S315900134908B81FFF7DBBF6FF0050070472DE9F04197
S315900134A088B0DDF8388058B92F4B40F2EE322F496B
S315900134B02F4816F0C5FE6FF00F0008B0BDE8F081F9
S315900134C0047804F0F004102C09D0274B40F2EF3227
S315900134D02849274816F0B4FE6FF00500EDE7057F01
S315900134E003F0040405F00205254303D0B8F1000F5B
S315900134F0F2D00125002601F1040C374604E05CF870
S315900135003640E719E8D20136B242F8DC002F01D1F4
S315900135100020D2E704DAB8F1000FDDD06FF0004752
S31590013520ADF80C200022009002916946124804924F
S315900135308DF81C30CDE90572FFF758FE0028BCD1F5
S31590013540B8F1000F02D0069BC8F80030002DDFD1EC
S31590013550069BBB42DCD0044B4FF486620749044874
S3159001356016F06EFED4E700BF361A0390891B0390BE
S31590013570001A0390A51B039041490190C71B039024
S315900135801FB5CDE90212069A02A900920122FFF710
S3159001359085FF05B05DF804FB0321FFF753BE38B5EF
S315900135A0044648B10AF028FA002394F90850237288
S315900135B00AF02EFA284638BD0546FBE7F7B50546CB
S315900135C00E4659B9284B40F2E11228496FF00F0483
S315900135D0274816F035FE204603B0F0BD00230B6058
S315900135E020B9214B40F2E3122249EFE7FFF7D7FFCB
S315900135F004468DF803000028EDD105F114073846ED
S315900136000AF075F910B96FF00E04E4E72B7FDA072B
S31590013610F9D49B0710D501A938460AF057F901301C
S315900136201ED06B6A93B90DF10301019800F016FE55
S3159001363088B19DF90340CEE7AA6901A938460AF0F7
S3159001364023F90130EDD16FF00204C4E70022012184
S3159001365028469847E7E7019B002BD4D03360BAE719
S315900136606FF00604B7E700BF361A0390EA1B039082
S31590013670001A03900A1C03900023F7B504461646D8
S315900136800D46019351B9364B4FF41272354936486E
S3159001369016F0D6FD6FF00F0003B0F0BD0B6020B9A8
S315900136A02F4B40F24A223149F1E700F11007384693
S315900136B00AF01DF938B92046FFF771FF0028EBD1C2
S315900136C06FF00A00E8E7237F06F0040603F0030390
S315900136D0334302D194F9083013B301A938460AF05D
S315900136E0F5F8013011D02378019803F0F003102BEF
S315900136F02BD10DF1030100F0B1FDD8B19DF9030075
S3159001370010F10F0F08BF0020C6E72046FFF747FFCD
S315900137100028C1D1237FDB07D2D46FF00600BBE727
S31590013720A26901A938460AF0AFF80130DBD16FF0F2
S315900137300200B1E7019B1A89636A13B10121204600
S315900137409847019B00202B60A6E730B9044B40F2C5
S3159001375091220749044816F073FD019B1B68EAE71D
S31590013760361A0390271C0390001A0390451C039068
S31590013770601C0390F0B5044689B010300F4616468A
S315900137800AF0B5F800283CD094F91C20237F002A32
S3159001379012DA03F07F032377636A1BB100220121BA
S315900137A02046984763682BBB2046FFF7F8FE051E17
S315900137B008BF6FF00D0518E0324639462046FFF7EF
S315900137C05BFF054688B932073F6805D487B13989C9
S315900137D06A462046FFF714FD3FB9F306DCD5237FF1
S315900137E06FF0060563F07F032377284609B0F0BD95
S315900137F00121EDE7012120466FF00E05FFF722FD2D
S31590013800F3E76FF00A05F0E7F7B505460E4659B9A5
S31590013810214B40F2633221496FF00F05204816F093
S315900138200FFD284603B0F0BD00270F6020B91A4B53
S3159001383040F265321B49EFE7037803F0F003102B52
S3159001384024D10720019702F0D9FA0446D8B1284627
S315900138503A4601A9FFF78EFF054620B1214607207A
S3159001386002F0FAFADDE7019F37B90B4B40F2793254
S315900138700D490B4816F0E4FC0023C4E90077A381B7
S31590013880A3603460CDE74FF0FF35CAE73A4603B0FF
S31590013890BDE8F040FFF7F0BE361A0390271C03905F
S315900138A0001A0390451C03905A28039010B50346BD
S315900138B086B058B9174B40F2045217496FF00F046E
S315900138C0164816F0BDFC204606B010BD21B9114B25
S315900138D040F205521249F1E701A80DF10302029354
S315900138E00592CDE9031000210AF009F804468DF8F6
S315900138F003000028E7D1049A02A90A4801F07CFA4C
S31590013900044604980AF030F8002CDCD19DF9034066
S31590013910D9E700BF361A03906C1C0390001A0390E6
S31590013920901C0390C94A01902DE9F0470646174627
S315900139301D46BDF820800C4629B9214BE522214927
S31590013940214816F07DFC06B37368A34228D106F18F
S315900139501009484609F0CBFFE8B1072002F04EFA6C
S315900139600446C0B1C0E9007705B12D682146A5602E
S315900139704846A4F80C803D8909F07CFF0146B0B118
S315900139802046BDE8F04701F0E1B80D4BE6220F491C
S315900139900D4816F055FC3846BDE8F04702F0E6BCF6
S315900139A0074BEE220A49084816F04AFCCFE7736A9C
S315900139B023B12A463046BDE8F0471847BDE8F0875F
S315900139C0B41C0390E61C0390001A0390081D039003
S315900139D0271D039010B544680146204603F066FB07
S315900139E02046094903F066FB2046084903F07AFB15
S315900139F020460749022203F0ABFB20460549BDE864
S31590013A00104003F087BB00BFF53F01908D3F0190B9
S31590013A10153F0190B540019070B5164604460028B1
S31590013A2044D04378032B06D0224B40F223522249AD
S31590013A30224816F005FC236A4BB9237F5B0706D40F
S31590013A401C4B40F224521E491C4816F0F9FB256A7C
S31590013A5015B12E712D680C35237803F0F003102BD8
S31590013A6003D116B92046FFF7B5FF237F23F0040251
S31590013A7013F00406227708D14DB90E4B4FF4A66286
S31590013A8010490E4816F0DCFB01E0002DF5D100221D
S31590013A90636A2262627013B10221204698470EB181
S31590013AA0002070BD284609F05CFFF9E76FF005002C
S31590013AB0F7E700BFB41C0390451D0390001A0390CD
S31590013AC0641D0390A11D0390D36821B9FA21197041
S31590013AD0906809F046BF002018705368096819600C
S31590013AE0F6E700002DE9F84F8946044630B9874B31
S31590013AF040F273628649874816F0A2FB6378012BE0
S31590013B0006D0824B40F274628349824816F098FB44
S31590013B10236A33B97D4B40F2756280497D4816F030
S31590013B208FFB636833B9794B40F276627C49794869
S31590013B3016F086FB236AD3E905329A4206D3734B74
S31590013B4040F277627749734816F07AFB236A9B892C
S31590013B5033B96E4B40F2796273496E4816F070FB39
S31590013B60236A267F1F7F06F00206DFF8A8B107F0C9
S31590013B7004031E43216A65688A680B691068B5F863
S31590013B80645000EB030A5068A0EB0308B8F5803F38
S31590013B902ABF4FF6FF721FFA88F247F00207AA4230
S31590013BA069D9002E39D0002D39D18B69002B14BFDC
S31590013BB04FF0000A6FF0060A236AD3E905329A425A
S31590013BC077D2636A1BB10022032120469847237F4F
S31590013BD043F010032377BAF1000F7ED1236AD3E91C
S31590013BE005329A4277D0003E18BF0126606806F0EA
S31590013BF069FB043040F087806FF0030A236A1868E6
S31590013C0083F804A0002323626370B9F1000F02D0F8
S31590013C100C3009F0A6FE00206AE047F002072B441B
S31590013C20984206D2394B40F2A3624049584616F063
S31590013C3007FB4FF6FF739D4202D1B8F5803F07D23D
S31590013C401FFA88F8A84518D1236A9B89012B14D9A4
S31590013C5047F002074FF0010851463B462A466068F5
S31590013C6005F0E0FD824658B1431CDBB2012BC5D865
S31590013C704FF0FF3A1BE01546D1E74FF00008EBE70E
S31590013C80236A9A6999682A449A611A6915444A6815
S31590013C9095421D6107D19A89013A92B29A8112B1E0
S31590013CA0083118619960B8F1000F7FF463AF002E67
S31590013CB082D16368B3F86420B2F5866F03D3B3F803
S31590013CC06630042B87D9636A002B84D000220321A6
S31590013CD0204698477FE7012688E7BAF1FF3F0FD143
S31590013CE0606806F0EFFA043086D01EB94FF0FF30C7
S31590013CF0BDE8F88F236A9B6913B14FF0000A7DE7FF
S31590013D006FF0060A7AE7002EF7D1EFE7B41C03901D
S31590013D10BE1D0390001A0390CB1D0390E81D0390DE
S31590013D20021E0390181E0390571E03907F1E039048
S31590013D302DE9F0478A46044630B96B4B40F2A232E0
S31590013D406A496B4816F07CFA237803F0F003102B3E
S31590013D5006D0654B40F2A3326649654816F070FA73
S31590013D606378042B06D0604B4FF4697262496048C0
S31590013D7016F066FA636833B95B4B40F2A5325F4938
S31590013D805B4816F05DFA236A33B9574B40F2A63277
S31590013D905B49574816F054FA236A65681B7A032BD8
S31590013DA003F0010903F002080FD0B9F1000F05D015
S31590013DB02B7D5A1F012A08D9082B06D0B8F1000F7E
S31590013DC04DD06F8B17F0100704D00127002128469C
S31590013DD003F06CF92B7D012B43D10021284603F08A
S31590013DE0B1F9002F5AD0284603F098FD0646236A6A
S31590013DF040B1421C07D15B7A002B55D11FB12846A1
S31590013E0003F0C2FB0026236A1D681E7100232362FC
S31590013E106370CEB937B1636A66601BB132460421CD
S31590013E2020469847B9F1000F05D0636A1BB100226D
S31590013E30204611469847B8F1000F05D0636A1BB129
S31590013E400022022120469847BAF1000F03D005F1CE
S31590013E500C0009F086FD00263046BDE8F0874746FE
S31590013E60B8E7B9F1000F07D00021284603F022F9EF
S31590013E700021284603F066F9B8F1000F03D000211E
S31590013E80284603F02FF94FB100222846114603F038
S31590013E905FF90021284603F03DF9A4E742464946D9
S31590013EA0284603F001FEA1E72B7D012B06D10E4B8F
S31590013EB040F2414213490E4816F0C2F9B8F1000F8B
S31590013EC003D01149284603F00DF9012228460F49DE
S31590013ED003F03EF928460E4903F01CF9214628467F
S31590013EE003F0E4F8B8E700BFB41C03907C1B039081
S31590013EF0001A0390AA1E0390C81E0390EC1E03900D
S31590013F00E81D0390FF1E03908D3F0190153F019090
S31590013F10B540019010B5044630B9194B4FF4B572BE
S31590013F201849194816F08CF9617801291BD1204658
S31590013F30FFF7D8FD237FDA0613D562688AB1B2F806
S31590013F406410B1F5866F0CD3B2F86620042A08D8AE
S31590013F5023F010032377636A1BB1002202212046C6
S31590013F609847002010BD0429E4D1226A1AB1537AE8
S31590013F700BB1013B537201212046FFF7D9FED9E7D8
S31590013F80B41C0390BE1D0390001A039038B51546D4
S31590013F900446D0B14178012920D1FFF7A3FD63688A
S31590013FA0D3B1B3F86420B2F5866F15D3B3F8663002
S31590013FB0042B11D8237F23F010032377636A5BB117
S31590013FC02A4602212046984706E0074B40F2931273
S31590013FD00649074816F034F9002038BD0429DED188
S31590013FE00121FFF7A5FEDAE7B41C0390BE1D0390ED
S31590013FF0001A0390F8B5054614461F460E4631B988
S31590014000254B4FF496722549254816F019F9F5B9BD
S31590014010214B40F22D122349214816F011F9BFB9CF
S315900140206FF00500F8BD64B126892146384609F03E
S3159001403021FC014640B96B6A63B3324628469847DC
S3159001404028E0194C0026F0E74FF0FF30EAE747B138
S31590014050114B4FF497721549114816F0F1F8002D4E
S31590014060DED06B68B34206D00B4B40F23512104945
S315900140700B4816F0E5F805F11007384609F037FCBC
S315900140800028D0D134B13046218902F097FF2046DD
S3159001409002F06CF90020C5E7B41C0390221F03902F
S315900140A0001A0390441F0390B44C0390631F03902E
S315900140B07B1F03902DE9F0410D46044630B9424BE2
S315900140C04FF4DC724149424816F0BAF809F094FC73
S315900140D0237F0027667843F0010325726760237773
S315900140E0677009F095FC636A1BB13A460421204634
S315900140F09847636A1BB10022204611469847636A26
S315900141001BB1002202212046984705F10F03DBB22D
S31590014110022B43D82F4A52F8237004F110084046D7
S3159001412009F0E5FB18B13946404609F0A3FB04F1C5
S315900141301408404609F0DBFB18B13946404609F0B0
S3159001414099FB012E02D0F31E012B30D8237F23F049
S3159001415004025B07227735D4236A33B91A4B4FF49D
S31590014160F3721D491A4816F06BF8042E236A08BF9C
S3159001417000251D711D680C35284609F0F8FB30B9EC
S31590014180114B40F2EF121549114816F059F80023D8
S3159001419028462362BDE8F04109F0E3BB2DB10A4BF5
S315900141A07D220F490A4816F04BF80027B5E7236A96
S315900141B043B1054B40F2F7120A490548BDE8F04173
S315900141C016F03EB8BDE8F081B41C0390BE1D039075
S315900141D0001A0390A84C0390E81D0390A91F039021
S315900141E0991F0390C21F03902DE9F0410F46144683
S315900141F00646A8B100F11008404609F078FB78B15F
S3159001420022464FF42071002002F0D0FB054638B1CA
S31590014210072001F0F3FD044628B9284602F0A6F8D6
S315900142200020BDE8F0810C4B01461B69C0E90055A1
S3159001423083603B7C2D898381404609F01BFB0146B7
S3159001424018B1204600F082FCEAE7736A002BE7D0AA
S315900142502A4630469847E3E71423012438B50546A4
S315900142600C4629B90C4B85220C490D4815F0E8FFEF
S315900142700C4B9D4203D1F3230120237038BD0A4B89
S315900142809D4201D1F223F7E7084B9D4201D1F123DB
S31590014290F2E70020F2E700BFB41C0390DC1F039005
S315900142A0001A0390B64C0390B54C0390B44C03900E
S315900142B038B50023056804460371686850B92B78B0
S315900142C003F0F003202B16D0402B04D0102B22D0D4
S315900142D0FA23237138BD217A02F0E8FC22686860DE
S315900142E0506830B1114902F019FC23685B68002BC4
S315900142F0F0D1FF23EDE706F039FE22686860506839
S315900143000028F6D013780A49222B04BF012303749F
S3159001431006F0E6FDE9E703F04BFA6860206843682A
S31590014320002BE6D0FFF756FBDFE700BFE94101908E
S3159001433029390190F8B5054608200E4601F05EFD33
S315900143400446B0B1002305700372436005F0F00096
S31590014350202810D040280ED010280CD0154B40F2B2
S31590014360E5221549154815F06BFF2146082001F005
S3159001437073FD00241BE004F110070621384609F06D
S315900143805DFA01460028F0D104F10C0009F0B7FA64
S31590014390054618B1384609F063FAE6E704F11400C8
S315900143A009F0AAFA6570A5612577C4E908562046F1
S315900143B0F8BD00BFB41C0390E81F0390001A039048
S315900143C038B54368044633B1164B4FF447721649D4
S315900143D0164815F035FF04F1100009F088FA30B14E
S315900143E0104B40F223321249104815F029FF04F17F
S315900143F0140009F07CFA30B10A4B40F226320D498D
S315900144000A4815F01DFF04F10C05284609F0ACFA8F
S31590014410284609F0B1FA21460820BDE8384001F056
S315900144201BBD00BFB41C03900E200390001A03908D
S315900144303C2003907620039073B500F11005044655
S31590014440284609F054FA58B101A9284609F03EFACE
S31590014450013018D1284609F003FA284609F04CFA9A
S315900144601434204609F043FA58B101A9204609F0BF
S315900144702DFA01301AD1204609F0F2F9204609F0B9
S315900144803BFA02B070BD2378019803F0F003102B2C
S3159001449009D10DF10301FFF7E1FE0028D4D101986E
S315900144A001F064FFD0E700F051FBCDE70DF1030178
S315900144B00198FFF7D3FE06460028D6D1019D2846DE
S315900144C0FFF7BAFF686810B103F05EF86E60284690
S315900144D0FFF776FFC9E70000F8B50F461546044683
S315900144E088B100F11406304609F001FA58B177B94E
S315900144F02F49304609F0BEF9024620B9636A13B1D5
S315900145000146204698476FF005063046F8BD35B10D
S31590014510284B40F22A222849284815F091FE616AD3
S315900145202078FFF707FF054668B92149304609F01B
S31590014530A1F9024620B9636A13B10146204698470C
S315900145404FF0FF36E1E74760FFF744FA30462946D8
S3159001455009F090F9064618B36C680021204602F0DE
S31590014560A5FD2046002102F0A5FD2046002102F07E
S31590014570B9FD00222046114602F0EAFD00212046AF
S3159001458005F1100402F0C6FD002320466B6009F088
S3159001459067F9204609F0B0F92846FFF711FFCFE7F2
S315900145A0636A002BB1D00246014620469847ACE794
S315900145B0B64C0390B41C0390B2200390001A03905A
S315900145C0036870B55D780446DDB11B7803F0F0039E
S315900145D0102B06D03A4B40F25E423A493A4815F0D2
S315900145E02FFE022D23680CD0032D02D11B7F5B0772
S315900145F007D4FB2323712068BDE870400C3009F085
S31590014600B6B9002520682571FFF716FF2268506814
S3159001461058B1137803F0F003202B17D0402B12D00A
S31590014620102B17D0236800225A602068436A13B171
S315900146300022114698472068436A002BDBD000225E
S3159001464002219847D7E702F003FBEBE7C56106F035
S3159001465059FCE7E7136A33B1194B40F294421B496F
S31590014660194815F0EDFD20680423002143700323BA
S3159001467023720462FFF75CFB08B323685B78042B13
S3159001468006D00F4B40F29A4211490F4815F0D8FDCA
S31590014690104809F095F9206800210C3009F046F987
S315900146A00C4809F088F923685B7843B1044B40F2D2
S315900146B09E4207490448BDE8704015F0C1BD70BDE2
S315900146C0B41C0390D9200390001A0390ED20039017
S315900146D008210390781E0124036810B50446586892
S315900146E040B11B7803F0F003202B0BD0402B04D064
S315900146F0102B0CD06FF0050002E0A16802F0F8F9DA
S31590014700207110BDA289A16806F00EFAF8E7A28978
S31590014710A16802F061FBF3E7026870B50446506840
S31590014720002856D0137803F0F003202B12D0402B9B
S315900147300BD0102B13D02B4B40F27D522A492B488C
S3159001474015F07EFD6FF0050002E0A16802F0D9F93F
S31590014750207170BDA289A16806F088FBF8E75378AD
S31590014760032B39D0002B3AD11046FFF733F9206845
S315900147701F4BA289A168406802F046FD0028E7D147
S3159001478022680321137F517013F0020505D043F07F
S3159001479004036FF004001377DAE723F0040314623D
S315900147A01448137709F00CF9206829460C3009F062
S315900147B0BDF8104809F0FFF823685B78032BC8D140
S315900147C0084B40F274520C490848BDE8704015F008
S315900147D037BD6FF00E00BBE76FF00800B8E76FF0DA
S315900147E00900B5E7B41C03900F210390001A0390BA
S315900147F0193A0190781E012408210390036837B570
S315900148000446586800284FD01A7802F0F002102A10
S315900148104CD15B78002B43D1037D1BB1FA238DF8E4
S31590014820073031E00DF10702FF2102F02BFB05461F
S3159001483050B32068103009F05AF838B1206810301A
S3159001484009F00EF82068103009F056F82068002318
S3159001485014308DF8073009F04AF830B920680621EE
S31590014860143008F0EBFF8DF807009DF9073083B9F6
S315900148702168022328464B704D6002F017FC23688D
S315900148800B49586802F05EFC9DF80730237103B01E
S3159001489030BD284603F042F8236800225A60F3E7B8
S315900148A0022B01D10023BAE7F523B8E7F023B6E747
S315900148B0D944019010B504460068FEF770FE78B9A8
S315900148C023685868F0B11B7803F0F003202B0DD0C4
S315900148D0402B17D1A268936811681BB902F0B5F9FC
S315900148E0207110BD083202F089F9F9E7A268936840
S315900148F0116813B906F098FAF2E79389083206F02F
S3159001490057FAEDE76FF00A00EAE7F8B50023044697
S31590014910037103685A6892B11B7803F0F003102B68
S315900149200DD185684FF6FF77BD422E46236828BF85
S315900149303E465868B1B202F041FBAD1BF4D1F8BDC9
S3159001494010B504460068FEF72AFE00284AD123686E
S315900149501A7802F0F002102A42D15A78002A43D1ED
S315900149605A68002A43D001225A701B6A33B1214BEF
S3159001497040F223722049214815F062FC636933B9EC
S315900149801C4B40F224721E491C4815F059FC2068B4
S3159001499000210462FFF7A6F828B323685B78012B00
S315900149A006D0144B4FF4E5621649144815F048FCAD
S315900149B0154809F005F8206800210C3008F0B6FF7B
S315900149C0114808F0F8FF23685B78012B0BD1094B4E
S315900149D040F22C720B490948BDE8104015F030BCE5
S315900149E06FF00500207110BD6FF00400FAE76FF0CB
S315900149F00A00F7E7B41C0390ED200390001A039088
S31590014A002421039008210390781E012410B50446B1
S31590014A100068426843785AB1027802F0F002102A8F
S31590014A2006D1227A032A01D0022B01D0032B02D17F
S31590014A30F523237110BD012B01D1FB23F9E7D30790
S31590014A4001D5FFF7F9FC23681B6A33B1194B40F284
S31590014A50BD721949194815F0F3FB2068042300210A
S31590014A6043700462FFF764F90028E3D023685B780A
S31590014A70042B06D00F4B40F2C27211490F4815F024
S31590014A80DFFB104808F09CFF206800210C3008F0ED
S31590014A904DFF0C4808F08FFF23685B78002BC9D037
S31590014AA0044B40F2C67206490448BDE8104015F021
S31590014AB0C7BB00BFB41C0390ED200390001A03906E
S31590014AC008210390781E012473B50025C668044613
S31590014AD003460095124AD0E9000100F01DFD3070A1
S31590014AE0E36893F90030053318D10E4808F068FF52
S31590014AF02946A06808F01AFF0A4808F05CFFE368A7
S31590014B0093F90030053309D1074B40F671020749F5
S31590014B10074802B0BDE8704015F092BB02B070BD77
S31590014B20C93A0190781E0124B41C03903821039050
S31590014B30001A039010B5072001F060F9044618B1E8
S31590014B401022002115F0D0FB204610BD10B5044669
S31590014B5060B1006820B101F009FC0023C4E900337B
S31590014B6021460720BDE8104001F076B910BD00003E
S31590014B7038B50D46044638B9104B6822104911488C
S31590014B8015F05EFB002038BD006808B101F0EEFB20
S31590014B904FF420722946362001F052FC20600028FD
S31590014BA0F0D04389AB4205D2044B7222064905489F
S31590014BB015F046FB236858686360E4E75D2103902E
S31590014BC08E210390001A0390A821039008B540B94D
S31590014BD00F4BC6220F49104815F032FB6FF00F00AC
S31590014BE008BD19B90A4BC7220C49F4E71AB9084B03
S31590014BF0C8220B49EFE7436833B15B680B604368A2
S31590014C0000205B891380EBE76FF00100E8E700BFB6
S31590014C105D210390CC210390001A0390E521039026
S31590014C200222039008B540B9094BE02209490A4886
S31590014C3015F006FB4FF0FF3008BD43681B68002B4B
S31590014C40F8D043601868B0FA80F04009F4E700BFE5
S31590014C505D2103901B220390001A039083B52C4883
S31590014C6008F0A9FE2B4B1B6813B12B4A1068984785
S31590014C70274D2A4F2A4E05F063FE431C044613D155
S31590014C80284608F09DFE002201A9384608F0FCFD51
S31590014C90284608F090FE019CCCB9334691222149D1
S31590014CA0214815F0CDFAE6E710B905F027FEE2E7BF
S31590014CB0284608F085FE224601A9384608F0E4FD0B
S31590014CC00446284608F077FE0134EED0E3E72378D0
S31590014CD0012B0FD0022B13D0B3B96068D4E902131C
S31590014CE0984710B1606801F041FB21460A2001F016
S31590014CF0B3F8C0E7D4E90130984721460920F6E791
S31590014D00D4E901309847B6E73346CF22C7E700BFCB
S31590014D10781E0124841E0124801E01247C1E0124F8
S31590014D203422039064220390001A0390F8B5074643
S31590014D3010480E46154608F0DAFD28B90E4BFC22AE
S31590014D400E490F4815F07CFA0A2001F057F80446EF
S31590014D5068B100230146C5600370C0E90176054834
S31590014D6008F088FD28B121460A2001F075F84FF028
S31590014D70FF30F8BD7C1E01243422039082220390D9
S31590014D80001A039091F8313013F0180F14BF024AAC
S31590014D90024AFFF7CBBF00BF2DD70190FDCA019004
S31590014DA070B5064610480D4608F0A1FD30B90F4B77
S31590014DB040F25D120E490F4815F042FA092001F0B2
S31590014DC01DF8044660B1012301460370C0E90165EF
S31590014DD0054808F04FFD28B12146092001F03CF81D
S31590014DE04FF0FF3070BD00BF7C1E0124342203902A
S31590014DF082220390001A039070B5064E0D46044622
S31590014E00304608F0D8FD2846A047304608F0D8FD30
S31590014E10002070BD781E012437B505460C4600F07A
S31590014E20FCFC124B062112481D60124B1C6008F0C7
S31590014E3005FD30B1104B40F261221049104815F032
S31590014E40FFF9104808F0A8FD30B10B4B40F26522EE
S31590014E500D490B4815F0F4F900224FF480630B4984
S31590014E6000920B4808F0AFFD03B030BD841E0124BB
S31590014E707C1E0124801E0124342203908F220390EC
S31590014E80001A0390781E0124B22203905D4C019082
S31590014E90D322039040BA80B2704700BA7047F0B5FA
S31590014EA00446064616F8015B11F8013B9D4209D06E
S31590014EB045F02000A0F16107192F0AD843F020038D
S31590014EC0984206D1931BE01802D0002DEAD12846CC
S31590014ED0F0BD0120FCE70000F8B504460F46204DD1
S31590014EE000262B6863B12A7AA24209D14FF4887CB5
S31590014EF01C486A6839460CFB0400984700232B60CE
S31590014F0003360C350C2EECD1174B4FF488700021DB
S31590014F101A4600FB0430CDB2AC421BD09D7A022DCD
S31590014F2018D1DE7BC57BAE4214D10423C3734FF4F3
S31590014F30887303FB0424E37B032B0AD80B4D55F8A6
S31590014F40230005F0DFFFE37B002245F823200423AD
S31590014F50E373F8BD013103F588730429DBD1E6E7E4
S31590014F60901E0124D01E0124C01E01240423012475
S31590014F702DE9F04F4FF48873494F87B0804603FB74
S31590014F800073DB7A012B06D9464B40F2FA22464949
S31590014F90464815F055F94FF48874DFF818A104FBCB
S31590014FA008F43D19EB7A5AF823603EB931464046EA
S31590014FB0FFF792FFAE7207B0BDE8F08F10343C4414
S31590014FC0204615F0D9F900F112014FF420723620DE
S31590014FD089B201F035FA06460028ECD000232889DB
S31590014FE0013C0593CDE90333FFF754FF01230C22CE
S31590014FF0ADF80C008DF80E304FF480730DEB020175
S315900150003046ADF8103001F031FC0C210134002509
S31590015010A34623782E2B0ED1EAB24FF6FE7351FAA0
S3159001502085F5A4EB0B099D421FFA89F909DD3046F6
S3159001503001F09CF9BFE76A1C002BEDD001341546AF
S31590015040E7E73046019101F0E0FC0199ADB24A469D
S315900150504B1C304659469BB201F068FC691C22787C
S3159001506089B2002AD2D13046023501F0CEFC4FF0FA
S31590015070012302A9042202933046ABB201F056FCF9
S315900150804FF488730A48314603FB08773523FA7A39
S31590015090FC7B0AEB820250F8240005F089FEC6E7F4
S315900150A0C01E0124E02203900F230390001A03905F
S315900150B004230124881E0124042870B5044606D1D0
S315900150C0324B40F21C423249324815F0B9F8324D12
S315900150D04FF4887303FB0452927A032A4DD8DFE882
S315900150E002F04002214315F073F82B4B80B2002257
S315900150F0997A022902D119898142F4D0883203F52D
S315900151008873B2F5087FF3D14FF48873022203FBBB
S3159001511004535A81012218819A812046BDE8704034
S31590015120FFF726BF03FB04531A7B013AD2B21A73D7
S31590015130BAB95A7B0132D2B2042A5A7312D1DA7AA7
S315900151402AB9164A526812B10122DA72E4E70021AD
S315900151502046FFF7C1FE4FF48873002203FB0453E8
S315900151609A7270BD1A73D8E76343EA58002AF2D04F
S31590015170013AEA50002AEED0F3E7044B40F25B4243
S3159001518007490448BDE8704015F05AB8E0220390EB
S3159001519027230390001A0390C01E0124881E012420
S315900151A0412303902DE9F04F1E4613898BB0154686
S315900151B00F2B40F25B8100230C2204A9284601F0B3
S315900151C013FB0C28044640F05181BDF810000027CE
S315900151D0FFF760FEB54B99469A7A022A40F05E81B6
S315900151E01A89824240F05A81BDF81400FFF752FEA7
S315900151F08046BDF81600FFF74DFE9DF912300090DE
S31590015200002B80F23381B8F1010F40F02F814FF4DA
S315900152108878DFF8A0A2326808FB07F809EB080343
S31590015220DB7A5AF823309A4240F0208108F1100631
S31590015230DFF884B24E442146284601F0D3FB00287C
S31590015240C0F214814FF6FF739C4200F00F8100F07B
S31590015250C0020134C02AA4B200F0088132189642E5
S3159001526040F0C0802146284601F0BCFB002806F19B
S315900152700106C0F2FB80DED14FF6FF72944200F038
S31590015280F580661CB6B2964200F0F0803346042251
S3159001529002A9284601F0A8FA042840F0E780BDF853
S315900152A00A30B3F5807F40F0E180BDF80830B3F560
S315900152B0807F40F0DB804FF6FB739E4200F2D680F2
S315900152C09DF81330FEB21B0740F0B08005344FF6BF
S315900152D0FF7AA4B2009B002B00F0AE802B89A342EB
S315900152E040F2AA802146284604F1010B01F07AFB8F
S315900152F0041E1FFA8BFBC0F2B980BBF1000F00F0C0
S31590015300B58004F0C003C02B00F0B4805C442B89B7
S315900153109C4280F2AB80A4B22846214601F062FB02
S315900153200028C0F2A380DDD1544500F09F8004F19E
S31590015330010B1FFA8BFBD34500F098805B460A223E
S3159001534007A9284601F050FA0A2840F08F804FF6B7
S31590015350F5739B4500F28A80BDF81E3004F10B0B64
S31590015360BDF82400B3F5807F1FFA8BFB40F0848053
S31590015370BDF81C30B3F5807F7ED1B0F5806F7BD1BF
S315900153805B46042203A9284601F02EFA04286DD122
S315900153904FF48879454C039B284609FB07F904EBA2
S315900153A0090ACAF8043000F0E1FF0898FFF775FD85
S315900153B0032308F104018AF80A303D4B21449842AF
S315900153C094BF44F8090044F809303046FFF784FD4C
S315900153D054F80930002B3CD19AF80A30032B38D176
S315900153E0534634E021462846019201F0FBFA002803
S315900153F03CDB16F8011BC0B2019A4FF6FF731BF8FE
S3159001540001C00CF0030CBCF1010F1BF800C00CF0AD
S31590015410030C08BF2031BCF1010F08BF2030814237
S3159001542024D19C4222D00134A4B218E74FF4887358
S3159001543003FB0793DA7A7AB1284600F097FF0021A9
S315900154403046FFF749FD4FF4887303FB079300221B
S315900154509A720BB0BDE8F08FDAF80420002AEBD0EF
S3159001546040F2013230469A81FFF726FE284600F037
S315900154707DFFEEE75C4657E7FFF70CFD5844B0F524
S31590015480803FF3DABDF82400FFF704FD009B00EBA3
S315900154900B04013BA4B29BB200931BE7013703F5C2
S315900154A08873042F7FF498AEE0E700BFC01E0124F5
S315900154B0803A0900881E0124656C049070470000AB
S315900154C0012804D8044B19B10A6843F82020704783
S315900154D0024A1268F9E700BF881E0124F44D039031
S315900154E001289ABF024B03EB80000248704700BF28
S315900154F0881E0124F44D039008B50020FFF7DCFDCA
S315900155000120FFF7D9FD0220FFF7D6FD0320BDE864
S315900155100840FFF7D1BD00002DE9F74F05469146AA
S315900155209B468A46002900F0A380002800F0A080BF
S315900155300378002B00F09C8014F01EFFFF2807468D
S3159001554000F296805146284607F050FC0646B0B9BF
S31590015550804C2346A0469A7A032A14D103F110016E
S315900155604FF4807228460193FFF799FC019B50B93D
S315900155704FF4887303FB06835B68CAF800300020FA
S3159001558003B0BDE8F08F013603F58873042EE2D19E
S31590015590714B1B68002B6ED0DFF8B8A100269AF8E4
S315900155A00A30022B28D001360AF5887A042EF6D1D4
S315900155B0DFF8BCA100239AF800109C46A27AD8B2D3
S315900155C0002A79D0032A06D1A27B8A1AD2B26245E1
S315900155D084BF06469446013304F58874042BEDD1B5
S315900155E0032E06D84FF4887404FB0684A37A032B02
S315900155F067D04FF0FF30C3E74FF480720AF1100184
S315900156002846FFF74CFC0028CDD14FF00C0E534B9A
S315900156100EFB00F15A5801EB030C42B943F8019085
S31590015620CCF804B08CF808606FF00400A8E701305C
S315900156300428EDD1B7E74BF829706FE05FFA89F549
S315900156404749384605F04CFC4BF82970454B304696
S31590015650E5731D709AF8003001338AF80030FFF730
S315900156602BFDE1E708F10108B8F1040F2ED1C0E74F
S315900156706FF00F0084E76FF0050081E72E2005F0AB
S3159001568075FC07460028D6D0374D14F0A1FD82B29D
S31590015690B2F5806FF9D32946384605F045FA10F1EF
S315900156A0080F0246F1D00028C8D0384605F02AFCEA
S315900156B000234BF8293031E04FF48872064602FBFD
S315900156C003844FF000084FF00C0E244A0EFB08F0AD
S315900156D0135800EB020C002BC4D14FF0010E42F887
S315900156E00090A1733A46294604F1100084F80AE025
S315900156F027440193CCF804B08CF8086014F034FE7A
S31590015700019B1A4A99463B74934652F8043B002BE7
S31590015710B4D009F10109B9F1040FF6D1114B1D78F5
S3159001572004230135EDB2042D28BF00255BF8252011
S31590015730002A8BD1013B013513F0FF03EDB2F2D173
S3159001574004220649A372E2730C2202FB08F28B50E3
S315900157504FE700BFC01E0124881E0124901E01241C
S31590015760A551019001230124F44D039004230124B2
S315900157700023012430B510F001044FF0000306D048
S31590015780994220DD10F8012B013962F31F23002283
S31590015790012913DC03D1017861F307039BB213440A
S315900157A09AB202EB134398B200EB134024B1030271
S315900157B0C0F307209BB2184380B230BD30F8025B2C
S315900157C002392A44E4E71A46E9E708B5FFF7D2FF1A
S315900157D0C04380B208BDF8B500260546344645B9A2
S315900157E026B12302C4F307249BB21C43E04380B243
S315900157F0F8BD6F8968683946FFF7BCFF0444A3B2C8
S3159001580003EB1444FB0706D52302C4F3072486F061
S3159001581001069BB21C432D68E1E708B508F0B0F884
S3159001582000F00EF800F0C6FA00F076FB05F09AF853
S3159001583001F0AEFAFFF742FEBDE8084005F04CB81C
S31590015840114B4FF02820114A114910B513604FF4AE
S3159001585020521A6000221A710E4A0A600E49C1F846
S31590015860000801210D4811710D4A136008F094F852
S3159001587040B10C4B40F21F220B490C48BDE8104039
S3159001588014F0DEBC10BD00BF00A000303823012407
S315900158903423012400C8003000C000303023012495
S315900158A02C230124602303908F230390001A0390E5
S315900158B02DE9F0410446002800F0B48083070CD00E
S315900158C0594B40F273225949594814F0B9FC08F0E2
S315900158D093F8BDE8F04108F09BB8DFF88081A0F11C
S315900158E00805D8F80030AB4205D8524F00F10C03A9
S315900158F03A689A4204D24C4B40F27F224E49E3E7F2
S315900159004E4808F058F814F8043C53B9464B4FF4F6
S3159001591023724B49464814F093FC484808F050F8D6
S31590015920D5E734F8082CD8F80010B2F5205F34F892
S31590015930060C10D8B0F5205F0DD86B1A9BB2834236
S3159001594002D0085A984206D10A443868824207D052
S3159001595052889A4204D0344B40F295223949D9E77C
S315900159600023394E04F8043C3368AB4288BF356056
S315900159708D4206D22C4B40F2DF1234492C4814F05A
S315900159805FFC3B689D4206D3274B4FF4F07230493A
S31590015990274814F055FC14F8043C33B1224B40F2DD
S315900159A0E1122C49224814F04BFC34F8083CB3F52B
S315900159B0205F06D91C4B4FF4F27227491C4814F00C
S315900159C03FFCD8F8003034F8081C5A18954211D08B
S315900159D0107978B9386882420CD0306882425A5A26
S315900159E008BF3560B2F5205F24F8082C1EBFE91A6E
S315900159F0D218518034F8062C99188D420DD0087919
S31590015A0058B93068854208BF316034F8081CB1F541
S31590015A10205F99521CBF5B185A800848BDE8F04137
S31590015A2007F0CEBFBDE8F08160230390AA230390CF
S31590015A30001A039034230124CB23039030230124AD
S31590015A40E42303900A2403902C2301243C240390FD
S31590015A50532403906D2403908824039038230124C2
S31590015A602DE9F84FCC1C054624F00304A4B20B2C67
S31590015A7004D9B4F5205F02D900251FE00C24A14278
S31590015A80FAD8DFF84481D8F80030AB4203D8464BB8
S31590015A901B68AB4206D8454B40F2D1224449454852
S31590015AA014F0CEFBD8F80030AB4203D83E4A1268C8
S31590015AB0AA4206D807F0A0FF07F0AAFF2846BDE83C
S31590015AC0F88FA5F1080635F8087CF61A083FB6B2A4
S31590015AD0BF1BBFB2A74235D3F0D0374807F06BFF53
S31590015AE035F8089CD8F800B00BEB090A9AF80430FF
S31590015AF083BBB9F5205F06D12C4B40F2F5222F4995
S31590015B002C4814F09DFB2E4806F10803D8F8002086
S31590015B10234404683BF8097099B2544512FA83F309
S31590015B2008BF03600020187157525E8025F8081C43
S31590015B30535AB3F5205F01D01A4451801E4807F09D
S31590015B403FFFBBE7194B4FF439721E49194814F0C0
S31590015B5077FB91E704F114039BB2BB42EED806F1B1
S31590015B600803B9F5205F1C44A4B206D10F4B40F24D
S31590015B70163212490F4814F063FBD8F800301049D9
S31590015B801A190868904288BF0A600021117135F888
S31590015B90081C1953568025F8084C1A5BB2F5205FFC
S31590015BA01CBF9B185C80C9E73423012460230390B2
S31590015BB0B2240390001A039030230124E924039020
S31590015BC02C230124C9240390382301242DE9F84379
S31590015BD040B1C41C24F00304A4B20B2C04D9B4F52F
S31590015BE0205F02D900206BE00C24A042FAD8DFF89E
S31590015BF020916FF00707DFF81C813D4807F0DBFE27
S31590015C00D9F80020D8F80060C4F52050B61AB6B27B
S31590015C10864203D3364807F0D3FEE3E79519915BA5
S31590015C202B79002B61D1BB1B0B44A3425DD304F1AD
S31590015C301402934246D304F108073744BFB2B7F52D
S31590015C40205F06D12B4B40F287322B492B4814F01B
S31590015C50F7FAD9F800300021DA1911712988D95348
S31590015C60568001222F802A71DA5BB2F5205F01D02E
S31590015C7013445F80D8F80030214EAB4225D00834CA
S31590015C801B4807F09DFE33682C44A34206D2194B5C
S31590015C9040F2B9321B49194814F0D2FAAB070DD02C
S31590015CA0144B40F2BB321849144814F0C9FA114BFF
S31590015CB040F2BD321549114814F0C2FA05F10800B7
S31590015CC0BDE8F88301232B71D4E73268D9F8001027
S31590015CD0187938B19A4202D1C8F80020CFE71B88CB
S31590015CE00B44F5E7C8F80030C9E70E4690E700BFC8
S31590015CF03023012460230390E9240390001A039032
S31590015D0034230124FA2403902A25039059250390DC
S31590015D10382301242C23012438B5044607F06CFE60
S31590015D200546A3681C685CB122681A60A30706D071
S31590015D30054B4FF48C720549054814F081FA2846B3
S31590015D4007F066FE204638BD7C250390AC2503906E
S31590015D50001A039038B58B0705460C4606D0084BBA
S31590015D604FF4B6720749084814F06AFA07F044FEF0
S31590015D70AB681A6822601C60BDE8384007F048BEDF
S31590015D807C250390CF250390001A03904368002247
S31590015D908168033330B523F0030344880A60944243
S31590015DA000DC30BD0D6801321D6005880B602B4407
S31590015DB0F5E7000038B5054D0E24013C55F8040B66
S31590015DC0FFF7E4FFA4B2002CF7D138BDB84C03908D
S31590015DD010B5044618B1BDE81040FFF79DBF044BBE
S31590015DE04FF49E720349044814F02AFA204610BDD6
S31590015DF07C250390EF250390001A03900D2808B592
S31590015E0006D8084B53F82000BDE80840FFF784BF39
S31590015E10054B40F257120549054814F011FA002036
S31590015E2008BD00BFB84C03907C25039001260390D2
S31590015E30001A039008B139B97047044B40F2951294
S31590015E400349044814F0FCB9FFF784BF7C250390FD
S31590015E50EF250390001A03900D2806D9064B4FF4AF
S31590015E60D5720649064814F0EBB921B1054B53F8A2
S31590015E702000FFF76FBF70477C2503901E26039085
S31590015E80001A0390B84C03906FF00B007047000016
S31590015E9010B5044630B90C4B40F26D320B490C48A3
S31590015EA014F0CEF994F8313003F00502052A09D1A0
S31590015EB062683AB11B0705D5211D2046BDE8104001
S31590015EC006F00ABB10BD00BF392603906A260390DF
S31590015ED0001A039073B5436815460A6804460E4640
S31590015EE09A4217D02B6001A92846019201F084FBB2
S31590015EF001A9284605F03CF801A9284600F0DAFEEA
S31590015F003368012120466360FFF7C2FFE3690BB155
S31590015F102046984702B070BD70470000F7B5144E01
S31590015F200446002914BF0D463546002A14BF17466C
S31590015F303746002B18BF1E462B68B3B901AA2946CE
S31590015F40FFF7C8FF01233A68A1688A42E16818BF42
S31590015F50A26032688A4218BFE26023B901AA294633
S31590015F602046FFF7B7FF03B0F0BD0023EBE700BF74
S31590015F70F44D03902DE9F84F0B9E044650B93A4BD8
S31590015F8040F2271239493A4814F05AF9002420462A
S31590015F90BDE8F88F26B9344B4FF494723549F2E740
S31590015FA00025DFF8E080344FC5600585002B08BFDA
S31590015FB03B4680F83150002A08BF3A46456200298F
S31590015FC008BF3946C561DFF8C0C0C0E901550A9DD1
S31590015FD0C0F814C0056298F8005080F834500C9DB2
S31590015FE00561FFF79BFF2046B0470028CED1234E8F
S31590015FF0DFF8749094F8343000273568FF2BDFF87A
S315900160008CB0DFF86CA004BF002384F834305DB9FE
S3159001601094F83430FE2B1CBF0133DDB2336888F817
S31590016020005023603460B2E7A54206D14B4640F258
S315900160308B125946504614F003F90137FF2F06DDAE
S315900160404B4640F28D120E49504614F0F9F894F8E9
S31590016050342095F83430934203D1013384F83430A7
S31590016060C8E72D68D3E700BF392603908D260390A4
S31590016070001A0390A6260390F44D0390D87B012431
S31590016080DC260390D37B0124895E0190C826039078
S31590016090014B1860704700BFD47B012410B50446AC
S315900160A040B90D4B4FF454720C490D48BDE8104060
S315900160B014F0C6B890F83130DA070CD443F00103E6
S315900160C080F83130C36903B1984720460321BDE872
S315900160D01040FFF7DDBE10BD392603900A270390C5
S315900160E0001A039010B5044640B90E4B40F29B320C
S315900160F00D490E48BDE8104014F0A2B890F8313021
S31590016100DA070DD523F001021B0780F8312001D55E
S3159001611006F01CF9E3691BB12046BDE8104018470B
S3159001612010BD00BF3926039026270390001A0390CD
S3159001613000B1C1617047000010B5044640B90D4BDE
S315900161404FF478720C490D48BDE8104014F078B8B8
S3159001615090F831305A070BD443F0040380F831306C
S3159001616005F020FD20460321BDE81040FFF790BEC3
S3159001617010BD00BF3926039044270390001A03905F
S3159001618030B9084B40F206420749084814F058B80E
S3159001619090F831305A0744BF23F0040380F8313028
S315900161A0704700BF3926039065270390001A039024
S315900161B0034658B1064A106800B9704790F83420E2
S315900161C00132D2B29A4201D00068F5E7704700BF1A
S315900161D0D87B012410B143898B4202D902B1118037
S315900161E07047C91A006889B2F4E7000038B520B142
S315900161F0B1F5803F09D3012038BD134B40F2DF1230
S315900162001249134814F01CF8F5E7A9B103898CB229
S3159001621013FA81F39BB2A342EDD390F90C50002D62
S315900162200CDA4268511A00F110029142E3D3428985
S3159001623041601444038144810020DDE7002ADAD0CD
S315900162404268511AF3E700BF882703905A280390B2
S31590016250001A039008B507F0CFFB084B00221A707D
S3159001626007F0D6FB064B186800B908BD436F1BB102
S31590016270BDE8084001F060B8C068F5E7DC7B012411
S31590016280EC7B012422F04003012B70B506460D46A6
S31590016290144606D00A4B4FF4A5720A490A4813F0E0
S315900162A0CFFF0C20FFF7AAFD40B100230581458160
S315900162B043730473C0E900360123C38170BD00BFE7
S315900162C088270390B8270390001A0390033070B57E
S315900162D020F00304BDF81400049D0E1986424FF078
S315900162E000000BD805B125441A73022219815A73FD
S315900162F001225981DA81C3E90005184670BD002251
S31590016300FFF774BF10B520B1B1F5803F09D30120D5
S3159001631010BD0E4B40F24B220D490E4813F090FFE3
S31590016320F5E781B18AB24389934204D2074B40F291
S3159001633055220949F1E79B1A446843810C44038924
S3159001634044609B1A03810020E2E700BF88270390EF
S315900163505A280390001A0390CA2703900B1E02DA5B
S315900163605942FFF7CFBF0122FFF740BF2DE9F04712
S31590016370044650B925462C4B4FF437722B492C487D
S3159001638013F05EFF2846BDE8F0870025DFF8988078
S31590016390DFF8A8A0DFF8989007F02EFBA37B0746BD
S315900163A033B9434640F2F1225146484613F048FF2D
S315900163B0A67B3846013EF6B2A67307F029FB002E5E
S315900163C0E0D1627B26689207237B11D5236933B985
S315900163D0154B40F2FF221749154813F031FF2369F7
S315900163E0204698470135EDB2002ECBD03446D3E7FF
S315900163F003F00F03022B04D121460D20FFF72CFD4C
S31590016400F0E7012B02D121460C20F7E71BB9204674
S31590016410FFF74EFAE6E7434640F20F320649484601
S3159001642013F00EFFDEE700BF882703905A280390EA
S31590016430001A0390FE2703901F280390E8270390E4
S31590016440B2F5C17F2DE9F04704460E46074614D0B2
S3159001645008D822F04003012B07D10020BDE8F04770
S31590016460FFF710BFB2F5207F4DD0374B40F2271280
S315900164703649374813F0E4FE22E00024DFF8E09035
S315900164802546A0460D20A246FFF7B8FC0446D8B98A
S31590016490304E07F0B1FA012337783370FFB207F027
S315900164A0B7FA4FB921462C48FEF77AFC20B107F08E
S315900164B0A3FA347007F0ACFA15B12846FFF756FFE8
S315900164C000252846BDE8F087FB1C0744C0F80080EC
S315900164D023F0030313370681C3F5147327F00307DB
S315900164E0C0F80C909BB24760B34228BF33464381B4
S315900164F03DB1CAF80000F31A00279EB2002EC1D111
S31590016500DFE70546F7E7C31CCA1C23F0030322F015
S31590016510030213449BB203F11000934280B2CFD38E
S315900165208242CDD8FFF752FB05460028C9D00444D4
S315900165300023068113340360084B24F0030446813B
S31590016540C3604460BDE700BF88270390312803905C
S31590016550001A0390DC7B01245562019080000100B2
S31590016560820001002DE9F0470E46044630B9244BCE
S315900165704FF4CC722349244813F062FE2789B7421F
S315900165803CD93546DFF87880DFF884A0DFF878903B
S315900165906289AA4219D3237B190727D1AA4225D00A
S315900165A0637B9B0722D461682046091B294489B2E3
S315900165B0FFF756FA0446C8B9114B40F2BD1213497A
S315900165C0114813F03DFE6481FFDEAA1AF31B95B2C2
S315900165D02289134423812468002CD9D1434640F261
S315900165E0AF125146484613F02BFED1E720686581DC
S315900165F0258108B1FFF7BAFE00232360BDE8F08735
S31590016600882703904C280390001A03907C280390C6
S315900166106428039000235A1C08B998B27047006801
S315900166201346F8E710B5044688B107F0E5F9A37B60
S315900166300133A37307F0ECF9A37B43B9044B40F202
S31590016640423204490448BDE8104013F0F9BD10BD2B
S315900166508827039098280390001A039070B50D46E9
S31590016660044600B161B9154B40F2593214491548A7
S31590016670BDE8704013F0E4BD29890B44238114468B
S3159001668022682389002AF7D162899A420FD00B4B4F
S3159001669040F262320C490B4813F0D2FD236833B1B4
S315900166A0064B40F263320949064813F0C9FD2A891F
S315900166B0238925601344238170BD00BF88270390E9
S315900166C0AA280390001A0390DF2803900C290390BF
S315900166D010B50C46FFF7C2FF2046BDE81040FFF704
S315900166E0A1BF00002DE9F84F0C46054620B119B11E
S315900166F002890B899A420AD2344B40F2C932344903
S31590016700344813F09DFD6FF00F00BDE8F88F002619
S31590016710DFF8B890DFF8CCB03746DFF8B8A0B5F817
S315900167200A806389A8EB070868689B1B61683844EF
S315900167309845314428BF98464246474413F014FE83
S315900167406B894644BB4206D24B4640F2D9325946F2
S31590016750504613F075FD6389B34206D24B4640F21B
S31590016760DA321D49504613F06BFD6389B3426B894A
S315900167709CBF24680026BB4208D12D682DB914B35D
S31590016780124B4FF479721549BAE700277CB16289A9
S3159001679023899A420BD123684BB10C4B40F2E932D3
S315900167A00F490C4813F04CFD6FF00500ADE76A896F
S315900167B02B899A4205D12B681BB1044B40F2EE32DC
S315900167C0EEE7002CABD120469FE700BF88270390C8
S315900167D01C290390001A0390632903907E29039044
S315900167E08B2903904C2903902DE9F0410F46904651
S315900167F0054650B9194B40F20A42194900261948E3
S3159001680013F01EFD3046BDE8F08129BB134B40F2D3
S315900168100B421549F2E76C893BB19C4205D81B1B8B
S315900168202D689BB2002DF6D1ECE7E41A6968B81988
S31590016830A4B21944444528BF444622462644A8EBAF
S31590016840040413F091FDB6B22D681FFA84F8002363
S31590016850B8F1000FE6D1D5E70026F9E7882703902E
S31590016860B5290390001A0390D42903902DE9F74F87
S3159001687088461546044658B9254B40F2B3422549F8
S31590016880254813F0DDFC6FF00F0003B0BDE8F08FE3
S3159001689021B91F4B40F2B4422049F1E70389934253
S315900168A025D21B4B40F2B5421D491B4813F0C8FC3B
S315900168B04FF0FF30E9E734B94B4640F2BD425146BD
S315900168C0584613F0BDFC628908EB06016068BA422E
S315900168D028BF3A46019213F047FD019A2468BF1AE0
S315900168E01644002FE7D1AE420AD10020CDE71746D4
S315900168F00026DFF81C90DFF830A0DFF81CB0F0E737
S31590016900034B4FF499620749034813F099FCECE75E
S3159001691088270390F7290390001A03900E2A039073
S31590016920292A0390612A0390492A03902DE9F3417C
S315900169300F46144619460DF10602FFF74BFC064623
S3159001694038B3BDF80680028908EB04039A4220DB2E
S315900169504389434506D8124B40F2E3421149124806
S3159001696013F06EFC758939467068A5EB08054044AD
S31590016970AC42CCBFADB225462A4613F0F5FC621B5C
S3159001698092B25AB17919306802B0BDE8F041FFF779
S315900169906DBF4FF0FF3002B0BDE8F0811046FAE7C7
S315900169A088270390772A0390001A039038B51546E5
S315900169B00A462989FFF744FD044650B12946FFF757
S315900169C091FE30B1044B40F224520449044813F02D
S315900169D037FC204638BD00BF882703908E2A039046
S315900169E0001A039007B50DF10602FFF7F3FB48B1C4
S315900169F0BDF8063042899A4204D94268D05C03B008
S31590016A005DF804FB4FF0FF30F9E713B514460DF12D
S31590016A100602FFF7DFFB30B14289BDF806309A4294
S31590016A2084BF4268D45402B010BD00002DE9F74FDF
S31590016A30294E0546DFF8B4903168706906F0BBF9C6
S31590016A406B680190002093F80980D9F800400746B9
S31590016A5064B3237C434531D1227A32B1736893F87A
S31590016A6034300133DBB29A4228D1019A236802B3BA
S31590016A7023BB637CDB0703D5626833699A421DD1D8
S31590016A80D4F814A0BAF1000F18D0144B2A46214617
S31590016A90A069D5F804B0D04798B137B1E368FB60E7
S31590016AA0D9F80030C9F80040E360012003B0BDE891
S31590016AB0F08F002BDDD072699A42DAD02746E468CE
S31590016AC0C6E76B685B4505D0054BC022054906486C
S31590016AD013F0B6FB0220F1E71423012424230124A9
S31590016AE09F2A0390CE2A0390001A0390E07B0124FB
S31590016AF020B119B10B680360002070476FF0050053
S31590016B00704740B139B10B684360437C43F0010350
S31590016B104374002070476FF005007047C0E9051275
S31590016B20704700002DE9F04385B00D4690461F460B
S31590016B30DDF830900446002857D0002A55D0002B16
S31590016B4053D0B9F1000F50D0417C11F0020610D00C
S31590016B506B89132B49D900234946284602971A4631
S31590016B60CDE9003306F016F90446204605B0BDE896
S31590016B70F0832A894FF6EB739A4202D94FF0FF348C
S31590016B80F3E714212846FFF7BAFBF8B131464FF4E3
S31590016B9020722220FFF754FC06460028EED02B895E
S31590016BA013B12946FFF794FD02974246237C494645
S31590016BB030460193A37A0093E37A06F0EBF8AE425E
S31590016BC00446D2D03046FFF7D1FBCEE714212846B2
S31590016BD0FFF798FB38B1064B4FF4F1720549064819
S31590016BE013F02EFBCAE72E46DEE76FF00504BCE7ED
S31590016BF09F2A0390172B0390001A039073B50E46A4
S31590016C0015460446D8B1D2B1007A90B1FFF7D0FAC1
S31590016C100346B8B1226882B102F0F002E02A0CD0A4
S31590016C202246009231462A462046FFF77BFF02B064
S31590016C3070BD104605F034FFEAE71A1DF1E76FF0D3
S31590016C400500F4E76FF00300F1E7021DFFF7D6BFE9
S31590016C500A4A01461368834204D1C368136000202F
S31590016C60FFF7FAB8002BFAD01A46DB68002BF6D05C
S31590016C708B42F9D1CB68D360F1E700BFE07B012469
S31590016C8038B505460020FFF7B9F8044650B11C22E5
S31590016C90002113F029FBFF232574E372024B1A6836
S31590016CA01C60E260204638BDE07B01240846FFF770
S31590016CB0E7BF000010B538B103682BB121B10B685D
S31590016CC013B1064B1B6803B910BD1C680268944248
S31590016CD004BF0A681A60DB68F5E700BFE07B012410
S31590016CE0F0B5114C4FF480404FF6FF76238801336F
S31590016CF00E4D00229BB2B34208BF4FF4404355F864
S31590016D00041B096829B90132D2B2042AF7D118466F
S31590016D1006E0CF8A9F4205D1013880B20028E6D19C
S31590016D202380F0BDC968EDE7F40C0024984D0390DB
S31590016D3010B5044630B9134B4FF4CE72124913482D
S31590016D4013F07EFA237D042B03D0072B0CD0032B53
S31590016D5008D1204603F056F960B9052320462375DC
S31590016D6003F0B0FA002010BD204603F04BF908B9A4
S31590016D700923F3E7431CF6D1638B43F0080363833E
S31590016D80F0E700BF3D2B03906C2B0390001A039004
S31590016D9008B513F01DFA6FEA8040024B6FEA9040F6
S31590016DA0188008BDF40C002410B5037D0446012B10
S31590016DB005D1064BD4220649064813F041FA2146DD
S31590016DC00220BDE81040FFF747B800BF3D2B039066
S31590016DD0782B0390001A0390F8B5234B04460029AB
S31590016DE014BF0D461D4648B9204B40F2A9222049B1
S31590016DF0204813F025FA6FF00F00F8BD037D4BB1D3
S31590016E001A4B40F2AB221C491A4813F019FA6FF04B
S31590016E100500F2E732B9FFF763FF024650B96FF00A
S31590016E200100EAE7154850F8041B096871B9013366
S31590016E30042BF8D12B6803B12360114BE2821A68B7
S31590016E401C60E26003F012FD0020D6E7CE8A9642DE
S31590016E5005D10F682FB12E681EB1B74201D0C9680E
S31590016E60E4E76FF00700C8E7F44D03903D2B0390DC
S31590016E70892B0390001A03909F2B0390984D0390B2
S31590016E80F47B0124F8B51646054668B9294B40F2BC
S31590016E90593229492C46294813F0D2F96FF00F033C
S31590016EA006B133702046F8BD077D57B1214B40F2AC
S31590016EB05A3223490024214813F0C2F96FF00E0388
S31590016EC0EEE70320FEF79AFF044600282FD02B69A0
S31590016ED001220361EB8A0275C3826A7D42756A7AE1
S31590016EE007724272EA7AC272AA7A82722A6802603A
S31590016EF03BB1144A1368AB4211D1EB68136000237E
S31590016F00EB602846FFF750FF0F4BA3610F4B1A68B2
S31590016F101C60E26003F0AAFC0023C1E71346002B34
S31590016F20EDD0DA68AA42F9D1EA68DA60E7E74FF07C
S31590016F30FF33B5E73D2B0390C72B0390001A0390BF
S31590016F40F42B0390F47B012491750190F07B01243D
S31590016F5070B5044630B9154B40F2A632144915481E
S31590016F6013F06EF9238DE16A668E626A581AB6F548
S31590016F70866F104494BF851BA0F58665002D0FDAA8
S31590016F80531A002B0EDC8D1AB5F5803F06D3074BAD
S31590016F9040F2B6320849074813F052F9ABB20020D5
S31590016FA0638570BD00231846FAE700BF3D2B039019
S31590016FB02B2C0390001A03904F2C039070B50C461E
S31590016FC0054640B9184B40F2CF3218491848BDE8EA
S31590016FD0704013F035B9037D012B06D1124B40F267
S31590016FE0D2321449124813F02BF92B8D191989B203
S31590016FF0B1F5066F13D88B4288BF4FF406612846C8
S315900170002985FFF7A5FFB0F5067F0BD36B8B284635
S3159001701043F002036B83BDE8704003F053B94FF41C
S315900170200661ECE770BD00BF3D2B0390692C039080
S31590017030001A0390812C039010B5044648B140681C
S3159001704008B1FFF793F921460420BDE81040FEF7F9
S3159001705003BF10BD10B500B910BD0468FFF7ECFF72
S315900170602046F8E738B5044630B90D4B40F28262B6
S315900170700C490D4813F0E4F80420FEF7BFFE0546CF
S3159001708060B12346024604F1100153F8040B8B427A
S3159001709042F8040BF9D16868FFF7C4FA284638BD5F
S315900170A03D2B0390A72C0390001A039000B1016128
S315900170B07047000038B50D46044658B1037D012B43
S315900170C006D1054B40F2DF720449054813F0B8F832
S315900170D0C4F8845038BD00BF3D2B0390C12C03905A
S315900170E0001A039038B50D46044658B1037D012B1D
S315900170F006D1054B40F2F3720449054813F0A0F806
S31590017100C4F8805038BD00BF3D2B0390E82C039006
S31590017110001A039038B50D46044658B1037D012BEC
S3159001712006D1054B40F60D020449054813F088F83F
S31590017130C4F8905038BD00BF3D2B03900F2D03909E
S31590017140001A039018B1037D012B08BF8161704726
S3159001715070B50E461546044640B90B4B40F63D02B6
S315900171600A490B48BDE8704013F06AB8037D012BBC
S3159001717006D1054B40F63E020649054813F060F8E4
S31590017180C4F88C60657770BD3D2B0390352D0390C7
S31590017190001A03904B2D039008B530B9064B40F673
S315900171A0AF020649064813F04BF8064B064A186893
S315900171B012681044186008BD3D2B0390692D039009
S315900171C0001A0390F00C0024F87B012438B504468C
S315900171D00D4632B9094B40F6C5020949094813F0E3
S315900171E02FF84DB12B8D3BB1282B38BF2823283B47
S315900171F09BB29C4228BF1C46204638BD3D2B03902E
S31590017200832D0390001A0390F8B51F46044650B992
S31590017210404B40F2354240496FF00F053F4813F01D
S315900172200FF82846F8BD21B93A4B40F236423C490F
S31590017230F2E7037D4BB1374B4FF4876239496FF0D3
S315900172400905364812F0FCFFEBE70B6802834360B1
S31590017250007A002846D0FEF7ABFF0546002856D0A7
S3159001726023680BB943682360E68A002E3ED02046F8
S31590017270FFF792FF00232C4A294620650138E362E5
S315900172806064C4E90932C4E916004FF406634FF409
S315900172900670221DA4F860306086FFF797FF0123E0
S315900172A0608602212046A4F84830C4F8887002F01E
S315900172B015FE05460028B4D1022323752EB11B4A2B
S315900172C01368A3421BD1E3681360194B1A681C60BB
S315900172D0E26003F0CBFA174B012220461A7002F0B6
S315900172E0F1FF9EE7201D05F0DBFBB6E7FFF7F8FC03
S315900172F0E0820028BBD16FF0010592E71346002B7F
S31590017300E3D0DA68A242F9D1E268DA60DDE76FF09C
S31590017310030586E73D2B0390AA2D0390001A03904F
S31590017320C32D0390DF2D039060086008F47B012440
S31590017330EC7B0124E67B012410B50446406F18B11D
S31590017340FFF788FE0023636710BD000010B5044661
S3159001735040B9144B40F6510213491448BDE8104008
S3159001736012F06EBF037D012B1AD90A2B18D0806FAC
S3159001737018B1FEF7FBFF0023A367636F13B1204695
S31590017380FFF7DAFF4FF6FF73E06E2386FFF762FE93
S31590017390206FFFF75FFE0023C4E91B33A4F8683022
S315900173A010BD00BF3D2B03900F2E0390001A039042
S315900173B038B505460C4631B9294B40F68302294921
S315900173C0294812F03DFF35B9254B40F684022749ED
S315900173D0254812F035FF2B68A3421FD1E3682B6035
S315900173E000232046E360FFF7B1FF237D0A2B1DD1D1
S315900173F0E36E6BBB236F33B1194B40F694021C4974
S31590017400194812F01DFF636FF3B1154B40F69602C2
S315900174101849154812F014FF16E01346002BDFD0D9
S31590017420DA68A242F9D1E268DA60D9E7012B0BD08A
S31590017430638BDA07DCD543F002032046638302F0BF
S3159001744041FF237D012BD3D100232375E38238BDE0
S31590017450034B40F693020849034812F0F1FEC9E73F
S315900174603D2B03902A2E0390001A0390462E0390EB
S315900174707E2E0390972E0390662E03902DE9FF475B
S315900174800E46044648B9384B40F23D2237493848B2
S3159001749004B0BDE8F04712F0D3BE037D012B06D1AF
S315900174A0314B4FF410723349314812F0C9FE237DA6
S315900174B00A2B09D121463048FFF77AFF204604B0BE
S315900174C0BDE8F047FFF770BCD4F85090D4F824A0EB
S315900174D0D4F89070D4F81080E58A002B38D12DBB62
S315900174E000252E46206F08B1FFF7B4FDE06E08B176
S315900174F0FFF7B0FD606F08B1FFF7ACFD56B1238B76
S31590017500524649462046CDE90153231D0093234611
S3159001751002F060FE2046FFF747FC0FB36FF00C01B7
S3159001752040463B4604B0BDE8F0471847134A1368F6
S31590017530A34205D1E36813600023E360D0E71346C5
S31590017540002BF9D0DA68A242F9D1E268DA60F3E762
S3159001755021460B48FFF72CFF0A4B01221A70C1E70F
S3159001756004B0BDE8F08700BF3D2B0390AE2E03908B
S31590017570001A0390C72E0390E87B0124F47B012423
S31590017580EC7B0124E67B01240121FFF777BF000004
S3159001759010B50C4631B9064B40F20F3205490648F3
S315900175A012F04EFE2046FFF7EFFF6FF00C0010BD74
S315900175B03D2B0390F82E0390001A039070B50C465C
S315900175C0054630B9094B4FF410620949094812F042
S315900175D037FE04B970BD22682B68E6689A4202D1DB
S315900175E02046FFF7D1FF3446F3E700BF3D2B0390CA
S315900175F0152F0390001A039038B50D46044680B1B5
S31590017600036873B10B4B1968FFF7D8FF0A4B2046F5
S315900176101968FFF7D3FF25B12B6813B1074B1B6888
S3159001762003B938BD19682268914204BF2A681A6065
S31590017630DB68F5E7EC7B0124F47B0124F07B0124E4
S315900176400C4B002219680C4B30B404461D68104649
S3159001765019B968B130BCFFF711BF0B7DA34205D1B3
S315900176600B6AEB1A934224BF1A460846C968EFE79C
S3159001767030BC7047EC7B0124F87B0124F8B50446B5
S315900176800220FEF7BBFB0346002836D13F4E3068F9
S31590017690002857D13E4B01463E4D1B682F68002B63
S315900176A05BD108B1FFF770FF0220FEF7A7FB0346F7
S315900176B018BB0920FFF7C4FF0220FEF79FFB034684
S315900176C0D8B90820FFF7BCFF0220FEF797FB0346C7
S315900176D098B922064AD45CB1214601393268002014
S315900176E02E68C9B2002A43D113B11846FFF74CFF51
S315900176F00220FEF783FB034610B39C221846002115
S3159001770012F0F2FD4FF4866203464475A0F86420A8
S31590017710214A8262FF22C2720622A0F84020C287C5
S315900177201E4A02631B4A126802621D4A12788277C8
S315900177301C4A82641C4AC0F884201C4AC0F89420D2
S315900177401846F8BD438BC568190704D523F008037D
S315900177504383FFF7EDFA28469AE71A6ABA1A8A42DC
S3159001776034BF0A461846DB68114698E77F21B4E78D
S31590017770577D8F4204D307D1156A751B854203D372
S31590017780106A39461346301AD268ABE7EC7B01246E
S31590017790E87B0124F87B012460086008FFFF18024A
S315900177A0E47B0124010030045979019000DD6D00DC
S315900177B04020FFF763BF000030B50D4685B0044603
S315900177C030B94B4B4FF4AF724A494B4812F038FDE2
S315900177D0237D002D3FD0042B01D0072B3BD1A36FE6
S315900177E01BB9238DB3F5066F7BD0638BDB0606D46D
S315900177F03F4B4FF4B27241493F4812F021FD238B22
S3159001780020460293E38A0193231D00932346626ADD
S31590017810216D02F0DFFC2046FFF798FD384A136888
S31590017820A34210D1E368136000230122E360354B34
S315900178301A70354B1B68A3421DD101F067FE0020DB
S3159001784005B030BD1346002BEED0DA68A242F9D1CD
S31590017850E268DA60E8E7012B1AD0022B39D0002BC7
S315900178603FD1E38A3BB1294A1368A34208D1E36821
S3159001787013600023E3602046FFF796FADFE713468D
S31590017880002BF6D0DA68A242F9D1E268DA60F0E725
S315900178901F49002051F8042F1268A2B90133042B15
S315900178A0F8D121461B48FFF783FD237D012B05D196
S315900178B00F4BDF221849104812F0C2FC21460320D3
S315900178C0FEF7CAFABBE7D56FAC4208BFD067D2685C
S315900178D0E3E721460A48FFF76BFD0A4B01221A702E
S315900178E0C9E7204605B0BDE83040FFF721BA00BF91
S315900178F03D2B0390492F0390001A0390692F039013
S31590017900EC7B0124E67B0124FC7B0124F47B01249E
S31590017910984D0390F07B0124822F039008B558B1BE
S31590017920037D0121012B1EBF438B43F0100343833B
S31590017930BDE80840FFF740BF044B4FF4F472044989
S31590017940044812F07DFC6FF00F0008BD3D2B0390AB
S315900179509B2F0390001A039010B50846144649B917
S315900179600C4B4FF4D3620C490C4812F069FC6FF042
S315900179700F0010BD3AB11189FFF720FB2046FEF7A3
S31590017980F5FC0020F5E7002BFBD1BDE81040FFF791
S31590017990C5BF00BF3D2B0390B22F0390001A0390F1
S315900179A0F8B5044650B96FF00F051C4B40F20962C9
S315900179B01B491C4812F044FC2846F8BD866F0023EB
S315900179C0D0F88450777B8367DDB1014632460069F2
S315900179D0A8470546E0B9BB06EED5238DD4F8846059
S315900179E0B3F5066F1CBF01332385002EE4D0002327
S315900179F0214620691A46B0470D30DDD16FF00C054E
S31590017A00DAE701462B4632462846FFF7A5FFE0E71F
S31590017A100D35F3D06FF00405A667CDE73D2B0390A6
S31590017A20CD2F0390001A03902DE9F8431B4D1C4F5F
S31590017A302B781C4E01332B703C684FF000080CB923
S31590017A40BDE8F8832B78A27F9A4224D0A377638BE3
S31590017A50D90709D543F002032046638302F032FC2D
S31590017A60638B23F003036383638B1A0705D523F096
S31590017A70080320466383FFF75BF9A36FD4F80C9054
S31590017A803BB1204686F80080FFF78AFF3378002BBA
S31590017A90D2D14C46D3E7E468D1E700BFE47B012419
S31590017AA0EC7B0124E67B012438B51546044648B99A
S31590017AB0164B40F207221649164812F0C1FB6FF099
S31590017AC00F0038BD037D012B17D081B1438B43F055
S31590017AD01003438322B10121BDE83840FFF76CBE04
S31590017AE0806F10B1FEF742FCA5670020E9E7002AF6
S31590017AF0FBD0042B04D8022B04D86FF00A00E0E7E0
S31590017B00072BFAD100212046E6E700BF3D2B0390D3
S31590017B10F32F0390001A03902DE9F04FAB4D87B0E8
S31590017B20AB4A2B68DFF8DC820133AA4E2B601378BF
S31590017B3001331370D8F800400027DFF8B0926CB982
S31590017B40A54FDFF890823E68DFF8BC92DFF89CA2E1
S31590017B50002E40F0BE8107B0BDE8F08F237D33B98A
S31590017B60334640F2BE429D49484612F069FB237D59
S31590017B70012B06D1334640F2BF429949484612F04D
S31590017B805FFB237D0A2B06D133464FF498629549C4
S31590017B90484612F055FB8E4BA27F1B789A4204D130
S31590017BA0D4F80CA027465446C9E7227DA377022A2A
S31590017BB094F8423074D1052B74D94FF0010B237D83
S31590017BC0062B0BD1628BD10608D52A68216A521AE7
S31590017BD0282A84BF0BF1010B5FFA8BFB627A12079D
S31590017BE005D5042B00F01281072B00F00F814FF081
S31590017BF0000A636F63B12B68226A9A1AB4F940300E
S31590017C0003EB4303B2EB430F02D32046FFF794FBFA
S31590017C10237D032B40F027812B68226A9B1A282B00
S31590017C2003D8BBF1000F00F033812046D4F890B011
S31590017C30FFF78CFBD8F80030002F00F01C81A3428F
S31590017C4006D1644B40F26D526749684812F0F8FAD2
S31590017C50E368FB60BAF1000F0BD0238B20460293A9
S31590017C60E38A0193231D00932346626A216D02F0F4
S31590017C70B1FA23692046D4F80CA00593FFF794F83E
S31590017C805B4C00232370BBF1000F07D06FF00C0102
S31590017C900598D8472378002B7FF44CAF3C4681E773
S31590017CA00B2B89E794F89930002B45D0236F33B18C
S31590017CB0334640F2D4424F49484612F0C1FAE36E38
S31590017CC033B9444B40F2D5424B49484812F0B8FA81
S31590017CD094F89A300B2B3FF670AF94F89920474B56
S31590017CE0134413F8012C94F8983093420BD3B4F8BB
S31590017CF0601089B1204602F025F890B9204602F02D
S31590017D00E1FA30B10DE00133DBB2934284F8983059
S31590017D10EDD24FF0000B52E7204602F0D9FC002835
S31590017D20F7D1002384F8983094F89930062BF0D83F
S31590017D30013384F89930ECE7238E47F6FE7293422D
S31590017D409CBF01332386B4F94030B4F930209A426E
S31590017D50DFDB204602F086F928B1236F002BD8D1BC
S31590017D60E36E002BD5D0237D022B14D0B4F93C20A1
S31590017D70B4F93E30224903EBE20394F842200C2AEF
S31590017D8028BF0C228A5C934047F6FF729342A8BFA4
S31590017D901346A4F84030B4F848000022B4F8603095
S31590017DA0618E83422286A4F8481028BF0346480074
S31590017DB0A4F86A205B0880B2834238BF0346204606
S31590017DC0A4F84A3002F026FCA3E700BFF87B012411
S31590017DD0E47B01243D2B0390E87B01240D30039035
S31590017DE03730039061300390F5300390001A039079
S31590017DF0E67B01248E300390C0300390A84D03900A
S31590017E00AF4D0390EC7B01244A310390236A4FF4E2
S31590017E10FA702968C91AD4F8943003F5242202F627
S31590017E20B842B2FBF0F2914206D90BF1010B4FF039
S31590017E30010A5FFA8BFBDCE694F89B20DFF818C108
S31590017E400CFB0233B3FBF0F399427FF6D0AE20469A
S31590017E5002F016FC00287FF4CAAE94F89B300133E9
S31590017E6084F89B30C3E6092B7FF4DBAE2B68226A3C
S31590017E709B1AF02BD4E6A34206D0334640F27152B8
S31590017E802F49304812F0DCF9E368C8F80030E1E692
S31590017E90237F627F0133D4F80CA0DBB29A42237719
S31590017EA03FF680AE284FD4F88C3084F81CB087F812
S31590017EB000B01BB9204602F005FA73E62146206907
S31590017EC098473B78002B7FF435AE00287FF46AAE55
S31590017ED0F0E7337D0A2B06D0434640F2A15249463C
S31590017EE0504612F0ADF92B68326A9B1AF02B10D9D5
S31590017EF03046FFF72BFA7CB93B68B34206D0134B59
S31590017F0040F2B35212490F4812F09AF9F3683B6066
S31590017F100EE03446F6681BE63B68B34206D10B4B3E
S31590017F2040F2AF520B49074812F08AF9F368E360C1
S31590017F30D6F80CB03046FEF737FF5E4608E600BF2E
S31590017F4020310390001A0390E67B01243D2B039088
S31590017F50A031039079310390F824010008B5FFF719
S31590017F6063FD064A13780133DBB21370DB0703D541
S31590017F70BDE80840FFF7D0BD08BD00BFE57B0124F1
S31590017F80094A1388591C1180084A12681AB108497E
S31590017F9009888B4204D2074A12681344187D7047A8
S31590017FA05B1ADBB2D05C7047147C0124187C0124E7
S31590017FB01C7C0124207C0124F8B50D46044630B979
S31590017FC01D4B40F21F421D491D4812F039F9E368D5
S31590017FD09889FCF75FFFC20713D41A4EEF6823897D
S31590017FE03068796803442A895B1A9A1A002A0EDA4C
S31590017FF0002B0ADD091A606889B22181FEF7B2FA6F
S3159001800003E02846FFF726F800252560F8BDB889D4
S31590018010FCF740FFC30707D5E36801209F89FCF76A
S3159001802039FFE36807439F812F682846FFF704F8D5
S31590018030002FE9D03D46D1E7C6310390F831039040
S31590018040001A0390107C0124F8B5054630B91C4BF3
S3159001805040F27D721B491C4812F0F2F81B4B1E88A8
S315900180606EB31B4C0023238026E0FFF789FF01287E
S3159001807022D0022808D010B3FFF782FF01281ED91B
S315900180802388023B0344EEE7FFF77AFF042816D1D3
S3159001809023880133B34212DAFFF772FF0702FFF723
S315900180A06FFFBFB240EA07039BB25A1EB2F5067F35
S315900180B028BF4FF406736B862388B342D5D3F8BD98
S315900180C0C63103901D320390001A03901E7C012441
S315900180D0147C01240C4B10B51B78044613F0100048
S315900180E011D0638BDB0606D4D4F890301BB16FF0B8
S315900180F00E012069984721460448FFF759F9204611
S31590018100FEF752FE012010BD047C0124EC7B012474
S315900181102DE9F84F07460C469046DFF8ACA0DFF8FC
S31590018120AC90002C44D0E36826465868FCF7B5FE1F
S31590018130E368834625899889FCF7ACFEDAF8003026
S3159001814010F00300A5EB030518BF01205D4405441B
S31590018150002D2EDC70682468FEF75CFAB7F866305D
S315900181600546834206D2144B40F2574213491448AE
S3159001817012F066F8B7F866303046B9F800205B1B06
S31590018180A7F8663033891344A9F80030FEF754FFF7
S31590018190B7F86630002BC4D0002CC4D1B8F1000FCB
S315900181A006D1054B40F261420649054812F048F85E
S315900181B000263046BDE8F88FC631039037320390DA
S315900181C0001A03905F3203900C7C0124087C0124F1
S315900181D02DE9F84F037D0446032B06D8354B40F223
S315900181E07C423549354812F02BF8354A354E12788E
S315900181F0336812F0100F344F00F09780DFF8D0906B
S31590018200B4F86010D9F80020D4E9150CA0EB030E50
S31590018210BEF1000F0CDB984203D1ACEB02000028B3
S3159001822006DB944513D129480068C08988420ED946
S315900182302648B4F862800068C0891FFA80FEA4F8C7
S315900182406000F045C4E9153238BFA4F86200606C4D
S31590018250131A002B00F375813B88002B40F06D813A
S31590018260B4F860306144A56D2B448B4240F0658132
S31590018270B4F93030002BC0F26081904240F05D81BC
S3159001828094F84330FF2B1CBF013384F8433094F8A4
S315900182904330032B1ED9B4F84820638E13449BB206
S315900182A09A4288BF4FF6FF73A4F84830204601F0F2
S315900182B05DFF10E0C63103907F320390001A039060
S315900182C0057C0124107C0124067C0124207C012458
S315900182D00C7C0124EAD0636B3BB3A26BD9F80010F6
S315900182E0521A002A21DAB64A9BB2B4F93CC01588D3
S315900182F0CCF3CF01EA1A521A10B21CFA82F2002874
S3159001830012B2B8BF5B1BA287B8BFC918B4F93E3089
S31590018310B8BF08B2A3EBA30303449BB2E38703EB75
S31590018320E203A4F840300023636338883368626AB5
S31590018330002800F05C83217D062900F25883D51A26
S31590018340012D00F1A981C3F10101091A11440029F6
S3159001835000F3A281DFF88092D9F80480B8F1000F7A
S3159001836006D1984B40F294529749984811F068FF7C
S315900183704FF6FE739D4206D9924B40F2955294491F
S31590018380924811F05DFFD9F80430ADB21B89AB422A
S3159001839006D28C4B40F297528E498C4811F050FF81
S315900183A0B9F8083000215B1BA9F80830D9F80430D8
S315900183B01B895B1B9BB2B8F80A20AA42C0F0638165
S315900183C029464046FDF79EFF636AD9F80C20336033
S315900183D053603368626A991A0029C0F23282581C36
S315900183E0258D811A491B002900F32B82934240F077
S315900183F02282794DEB68B5F808809889FCF74AFD99
S3159001840010F00300228D18BF012008EB00039BB2E8
S315900184109A423B8041D2EB689889FCF73BFDC207B3
S315900184200FD5EB68B3F80C80404628F47C58FCF7DE
S3159001843031FD00F03E00FCF72DFDEB6840EA0800A7
S315900184409881238D2B81EB689889FCF723FD83070F
S31590018450686842BF2B8903F1FF332B812989FEF787
S3159001846081F8EB68B5F808809889FCF713FD10F050
S315900184700300326818BF0120616A08EB00039BB2C2
S315900184803B801344228D0A44934206D04D4B40F2D1
S31590018490CB5252494D4811F0D3FE636F002B00F039
S315900184A00A81EB689889FCF7F5FCC00700F1008119
S315900184B0D4F8748030683B880344B8F1000F39D002
S315900184C0D8F80CC0B8F80810DCF804201144591AF1
S315900184D0002980F21D819B1A002B2BDDEB68121A65
S315900184E02A819889FCF7D6FC8307686842BF2B8955
S315900184F003F1FF332B812989FEF734F8EB68B5F840
S3159001850008909889FCF7C6FC10F00300326818BFF2
S31590018510012009EB00039BB23B801344D8F80C2051
S315900185205268934206D0274B40F2FC522C49274879
S3159001853011F086FEC4F87480BDE0002384F84330C0
S31590018540C9E6216D511A002900F39980618B48077C
S3159001855009D521F004016183B4F84A10A4F84810B2
S315900185600021A4F86A10B4F93C00E18F626401EB32
S31590018570E001227DA4F84010032A4FF00001A4F8EF
S31590018580421039D9B4F848209BB2B4F84A109142B6
S3159001859028D9618B11F4006F618E0CBF02200120E6
S315900185A011FB00F189B2994294BF5018D01883B249
S315900185B09A4201D94FF6FF73A4F848301CE000BFE8
S315900185C0F87B0124C631039098320390001A0390E8
S315900185D0A8320390B7320390247C0124C7320390CA
S315900185E0FE320390B4F86A100B449BB299422CD890
S315900185F09A422CD9A4F86A302046D4E91B21FFF778
S3159001860087FDE16E024620672046FFF781FD226FC6
S31590018610E066B2FA82F35B095B42238600232377F5
S3159001862008B9A4F86800A049B4F8643009880B44E5
S31590018630A4F86430638B19057FF54DAEDAB968B944
S31590018640638B23F40063638345E64FF6FF739B1AAE
S31590018650A4F86A30638E13449BB2A9E7D4F84C8090
S31590018660C3685868FCF719FCA8EB0008B8F1000F2D
S315900186703FF731AEE4E7D4F84C80D368F1E7204672
S3159001868001F0EEFD27E6AA1AA8F80830A8F80A1014
S3159001869095B2D8F800808EE69B1A002BBEBF638BED
S315900186A043F00203638394E603686367FEF7C4FCB1
S315900186B0606F0028F8D13A88336813446362238D3A
S315900186C0934206D2794B40F207627949794811F083
S315900186D0B7FD238D20463A889B1A2385FEF738FCF1
S315900186E06B681A891AB1744A136000236B60EB6840
S315900186F09889FCF7CFFBC50704D5704A137843F0E8
S3159001870020031370694FDFF8BC81DFF8A8917CE0F4
S31590018710BCF80C00FCF7BEFBC1071BD5EB6898892A
S31590018720FCF7B8FB820715D4EB680120B3F80C90DF
S31590018730FCF7B0FBEB6849EA0000B5F80890988120
S3159001874080B2FCF7A7FB10F0030018BF012081440B
S31590018750A7F80090D8F800904046FEF76DFCC84601
S31590018760A8E633609089B5F808A0FCF793FB636A95
S3159001877010F00300B5F808B018BF01209A44EB68D1
S315900187805044B4F828A060629889FCF783FB10F0F6
S31590018790030018BF01205844824506D23B4640F259
S315900187A02B624146484611F04BFDEB68B5F808A09F
S315900187B09889FCF76FFB10F00300238D18BF0120F9
S315900187C050441B1A20462385FEF7C2FB69680B8924
S315900187D033B1394B186838B3FDF740FF00236B600E
S315900187E0EB689889FCF756FBC00709D5334A13788D
S315900187F043F020031370237D042B04BF07232375B5
S315900188002B6828466367FEF717FC656F25B1EA6802
S31590018810616A53688B42A4D0638BD90706D523F03E
S31590018820010343F0020303E01960D7E743F0010324
S315900188306383BDE8F88F656F45B92148FEF712FC51
S3159001884060672046BDE8F84F01F00ABD4FF0000879
S3159001885003F1FF3ED5F80CC0DCF80420934215D104
S3159001886017482B8902899A42EBD9FEF7FBFB002820
S31590018870E7D0B8F1000F07D0C8F800002946FFF7F6
S315900188809BFBDEE70D46E5E76067F7E7B8F1000F7A
S315900188901AD1991A00293EDA0948FEF7E3FB002816
S315900188A0CFD06067EAE700BF087C0124C631039008
S315900188B039330390001A0390007C0124047C01242F
S315900188C0247C012458330390D8F80C104968AEEBF8
S315900188D0010100291FDB811A00291CDC4A48FEF799
S315900188E0C1FB07460028ACD0D8F80C3031685A68DD
S315900188F0B8F8083013445B1A002B07DD891AD8F8AB
S31590018900040089B2A8F80810FDF72CFE29463846CE
S31590018910C8F80070B3E72968A8460029B2D19B1A16
S31590018920002B8EDDBCF80C00FCF7B4FAC20788D494
S315900189303548FEF797FB2860002882D0EB683168AE
S315900189405A682B8913445B1A002B05DD891A6868CE
S3159001895089B22981FDF706FE32683B881344626A23
S315900189609B1A228D9B1A002B7FF76BAF2B68DB68C6
S315900189709889FCF78FFAC30711D52B68DB68B3F892
S315900189800C80404628F47C58FCF784FA00F03E00AF
S31590018990FCF780FA2B6840EA0800DB689881326818
S315900189A0218D2B68891A626A5868114489B2198196
S315900189B0FDF7D8FD2B681D89DB689889FCF76AFA63
S315900189C010F00300326818BF0120616A2B189BB220
S315900189D03B801344228D0A4493423FF432AF0B4BB2
S315900189E04FF4DF620A490B4811F02AFC29E7991ADC
S315900189F0002906DB01339B1A228D9B1A002B7FF7E8
S31590018A0018AF638B0DE700BF247C0124C631039018
S31590018A10C7320390001A03902DE9F04F054685B0B1
S31590018A2028B9724B83227249724811F009FC6B681E
S31590018A30714E33606B89132B40F2D280DFF8E4815B
S31590018A40D8F80010D8F8140004F0B5F904460028B7
S31590018A5040F0C680D8F8143003F0F003E02B00F014
S31590018A60BF8033689889FCF715FA810A01F0FC01F9
S31590018A70132940F2B5802B898B42C0F0B180A1F1C8
S31590018A8014036A895D4F9BB2DFF89CA18A42DFF895
S31590018A909C913B80CAF8004060D32846A9F80030E3
S31590018AA0FDF730FC3468DFF888B12088FCF7F2F9DD
S31590018AB020803468DFF87CA16088FCF7EBF9608050
S31590018AC034686068FCF7E9F960603468CBF80000B7
S31590018AD0A068FCF7E2F9A0603468CAF80000E08962
S31590018AE0FCF7D8F93368E0819889FCF7D3F9444AC1
S31590018AF000F03F03137083072A896BD1414B1A808B
S31590018B00414F4FF000093C68002C40F095803F4B57
S31590018B10384CD3F80090B9F1000F40F024813C4BCA
S31590018B20D8F804C01A683168D8F814E01446002CB5
S31590018B3040F07C818889FCF7ADF9430750D43368BE
S31590018B40304A18881188DBF8002002905B880A4425
S31590018B500193304B0093043300F0CBBC2B682BB9B7
S31590018B60224BC2222C49234811F06AFB1421284634
S31590018B70FDF7C8FB6C892846A9F800402146B7F84D
S31590018B800090FDF7BFFB2868A9EB04074389BFB2A4
S31590018B90BB4225D343683946CAF80030FDF7B2FB8C
S31590018BA02B891C446B89A4EB09042C812BB10F4BA7
S31590018BB0DF221A490F4811F043FB2B682A891B893A
S31590018BC09A423FF46FAF094BE0221549094811F0DB
S31590018BD037FB67E7531C0B499BB29A420B808FD99F
S31590018BE0284605B0BDE8F04FFDF7C0BBC6310390EE
S31590018BF07D330390001A0390207C01241E7C01246E
S31590018C00057C0124067C0124EC7B0124E87B01246C
S31590018C10F07B01242423012495330390A5330390FB
S31590018C20B133039014230124187C01241C7C012464
S31590018C30107C01240C7C0124237D2BB98F4BFB22C4
S31590018C408F49904811F0FCFA237D0A2B05D18B4B65
S31590018C50FC228D498B4811F0F3FA237D012B05D126
S31590018C60864BFD228949874811F0EAFA217AE26812
S31590018C7039B1D8F8043093F834300133DBB29942E4
S31590018C806ED13368208B1988884269D1E18A5B88D5
S31590018C90994265D16168D8F81030994260D12168BE
S31590018CA0D8F8143099425BD1A24240F0FF83734BBE
S31590018CB040F20D127649734811F0C2FAB9F1000FDC
S31590018CC005D0E368C9F80C303B683C60E360E36823
S31590018CD0A34206D1694B40F215126E49694811F0CB
S31590018CE0AFFA6D4900232A89DFF8CC910A8132685F
S31590018CF0DFF8C881CA60694A0B60C9F8003088F804
S31590018D0000301380664B4D601B78180742BF6B7B12
S31590018D1043F001036B73A36F624D002B00F02E811C
S31590018D202046FEF73DFE0D3008D0A36F002B00F0D4
S31590018D3025815D4B1B88002B00F02081638D13B933
S31590018D40204601F08DFA00242C60534DC9F800405D
S31590018D50686810B1FDF70AFB6C6005B0BDE8F08F4D
S31590018D60A1461446D0E699F814300A2B06D0434B07
S31590018D7040F21F124D49204611F062FA99F80820E7
S31590018D803AB1D8F8043093F834300133DBB29A42D1
S31590018D9049D13368B9F818101A88914243D15A8843
S31590018DA0B9F8163093423ED1D9F80400D8F810207C
S31590018DB0904238D1D9F80000D8F81420904232D197
S31590018DC0374A107847073FF50BAF374A860714881D
S31590018DD016D5DBF80020D9F82400101A16D4B9F864
S31590018DE02860801B002811DC22444846CDE90131D8
S31590018DF02F4B00930433DAF8001001F0EBF9EFE60C
S31590018E00C10742BF2B4B1B68C9F82030002C3FF499
S31590018E10E7AEB9F81A30484643F00203A9F81A307A
S31590018E2001F050FADCE6D9F80C9074E6207A28B174
S31590018E309CF834300133DBB298420AD1E08A4B88F0
S31590018E40984206D12368734500F03583002B00F0D4
S31590018E503283A146E4686AE69B077FF5C1AE607DE1
S31590018E60FEF70CFC824658BBA369002B3FF4B8AEC3
S31590018E7001464FF0FF3220699847B1E6C63103901B
S31590018E80D0330390001A0390F73303902134039063
S31590018E904834039073340390247C0124087C012484
S31590018EA0057C0124FC7B0124067C01249D340390DE
S31590018EB024230124F87B0124007C0124047C0124D1
S31590018EC0D8F8143032680360D8F810304360E38ADA
S31590018ED0C3821378527843EA0223038303230375EB
S31590018EE0DBF8003001334362C362FEF755F9DBF8D4
S31590018EF00030CAF85800013BCAF85000CAF844003D
S31590018F00CAF854302369CAF85C00CAF87C40CAF89A
S31590018F101030637A03F00C038AF80930237A0AF148
S31590018F2004048AF808303B68C7F800A0CAF80C30E8
S31590018F3001F09CFC0122A34B50461A70FFF784F86E
S31590018F4033682046BAF83260DB89AAF86030AAF80D
S31590018F50623003F0A5FD224601463046FEF736F90A
S31590018F601221AAF83200504600F0B8FF20B14946C6
S31590018F705046FEF783FA33E6504651E7924B2C6002
S31590018F801A7851073CD5217D022922D1226DDAF832
S31590018F9000309A4209D198F8003043F0080388F8D6
S31590018FA00030638B23F00103638398F8003019072F
S31590018FB040F10382D4F890301BB16FF00D01206916
S31590018FC0984721468148FEF7F3F92046FDF7ECFED6
S31590018FD0B9E6626ADBF800309A4207D09B1AE4D46C
S31590018FE0228D9B1A002BE0DC638B10E00029D2D1F5
S31590018FF0774B4FF44E727749774811F021F9CAE7CA
S315900190009207638B06D5227D023A012A02D943F053
S315900190100203C9E7D80620465EBF704B1B682362E0
S315900190200023A4F89A30FFF70FF8237D023B072B14
S31590019030BBD8DFE813F008009A00250129017101D8
S3159001904025018A01A901604B1B7803F01202122AAD
S315900190506BD1626CDAF8001001328A4265D1DBF885
S3159001906000306264591C3268013B678E6162E1622D
S31590019070D28963650423A4F86020E6182375A4F8C1
S315900190806220304603F00CFD324601463846FEF723
S315900190909DF841F21C134200608681009A42164661
S315900190A038BF1E46B6EB800F33D98BB2A4F8483041
S315900190B0B4F8663033B9464B4FF45B72484946482B
S315900190C011F0BEF8B4F86630266F013BA4F866300D
S315900190D01EBBE66E36B93E4B4FF45D7241493E4832
S315900190E011F0AEF83368E3663046FDF7A5FF236FBE
S315900190F0B3B94FF6FF732386D4F88830002B3FF42B
S3159001910073AF00222146206998470D307FF46CAFEA
S3159001911019E69A4288BF93B2C8E733682367E3E7B3
S315900191200023238684F84230E6E7D9067FF53DAFE2
S3159001913033682D4A18881188DBF800200290204662
S315900191405B880A440193294B00930433DAF80010A3
S3159001915001F040F894F84230052B3FF626AF0023F4
S315900191602046238601F072FA1FE7174B1B78DA0621
S3159001917078D5636CDAF80010DB43CB4261D4236D6A
S31590019180CB1A002B5DDC04232375E36F1BB92046B4
S31590019190FEF7FAF9D7E59B6933B90D4B4FF46A722D
S315900191A013490D4811F04CF8E36F9B69002BEED0F3
S315900191B00022214620699847E0B10D303FF4C3ADB6
S315900191C0E5E700BFE67B0124057C0124EC7B0124C5
S315900191D0C6310390CA340390001A0390F87B012498
S315900191E0EA34039000350390067C0124242301245C
S315900191F0133503902046FEF7EBFF9A4A13880BB17D
S31590019200013B1380618E41F21C134A0088009A42F9
S31590019210164638BF1E46B6EB810F0ED983B2A4F817
S31590019220483098F800309E067FF5BFAE638B43F0C9
S315900192300203638307232375B7E69A4288BF93B2E5
S31590019240EDE73368884A1E881088DBF8002002967D
S315900192505B88024420460193844B0093043300F0CB
S31590019260B9FFA2E69F077FF5A0AE636ADBF80020FF
S31590019270013B93427FF499AE204600F037FF94E686
S315900192802046FEF7A5FFCCE72046FEF7A1FF98F80A
S31590019290003098062FD5764A638B127843F00203F5
S315900192A0D10625D5216DDAF80020914220D1E26EC2
S315900192B0F2B963832046FEF749F83B689C4209D18F
S315900192C0E3683B6008E0DA68944202D1E268DA60CA
S315900192D002E01346002BF6D1664B01221A700A233F
S315900192E02375654B1A681C60E26001F0BFFA5CE673
S315900192F0638308239FE75E4B1B78DA067FF555AEAD
S31590019300226DDAF800309A427FF44FAEE36E002B6D
S315900193107FF44BAE06238EE72046FEF759FF98F869
S3159001932000309B067FF541AE638B204643F00203E6
S315900193306383FEF70BF83B689C42C1D0002BCBD0E0
S31590019340DA689442C2D01346F8E72046FEF740FF0A
S31590019350474B1B78DE067FF528AE226DDAF8003092
S315900193609A427FF422AEE36E002B7FF41EAE204626
S31590019370FDF7ECFF3B689C42A2D0002BACD0DA689B
S315900193809442A3D01346F8E72046FEF721FF384BC7
S315900193901B78D8067FF509AE216DDAF8002098F88A
S315900193A0003091427FF401AEE26E002A7FF4FDAD6A
S315900193B043F0100388F80030F7E52A4B1A882AB152
S315900193C0D4F88030F3B90023264A13802046FEF75D
S315900193D081FE00287FF4B7ACD9F8003033B3A36F80
S315900193E033B1264B4FF4F3722549264810F028FFE6
S315900193F0638BD9F8002013F0100309D01046FCF7BF
S31590019400B5FFC4E62146206998470D30DBD19AE431
S31590019410D4F8846006B321462069B04710F10D0F48
S315900194203FF491AC10B1D9F80030A36798F80030A9
S315900194309A0605D5A36F3BB35A7B42F020025A7325
S31590019440002320462B60FEF745FE00287FF47BAC77
S31590019450204600F037FF76E4334621463046FEF744
S315900194607BFADBE7087C0124067C01242423012472
S31590019470057C0124E67B0124E87B0124C631039017
S3159001948031350390001A0390238DD4F88460B3F597
S31590019490066F1CBF01332385002ED1D000232146B0
S315900194A020691A46B0470D30CAD14CE4B9F1000F84
S315900194B07FF407AC15E4B9F1000F05D0E368C9F85C
S315900194C00C300E4BE2601C600D4B1B785A073FF532
S315900194D087AB13F010093FF4BFAC0A4BDBF80020C1
S315900194E018880B88024402934B880193064B00938C
S315900194F00433DAF8001020467FE400BFF07B0124A4
S31590019500057C0124067C012424230124024A137834
S3159001951043F0100313707047047C012410B5044680
S3159001952030B9064B40F29A520549064810F088FE2A
S315900195306368987B013818BF012010BD4B350390A5
S315900195407E350390001A03902DE9F843DDF82080CB
S3159001955007460C4615461E469DF82890B8F1000F11
S3159001956005D11D4BE9221D491D4810F069FEAC42FB
S3159001957030D29DF824309A070CD4B8F81A305B068D
S3159001958028D4B9F1000F05D0D8F86C3013B9D8F8B2
S315900195907030FBB104F21B2121F00301A94228BFCF
S315900195A0294689B24FF420723846FCF749FF0546A1
S315900195B068B1036833B1084B40F20B120949084868
S315900195C010F03EFE6B891B1B33802C816C812846E3
S315900195D0BDE8F8832146E5E74B350390A335039023
S315900195E0001A0390C23503902DE9F0470E46904636
S315900195F099469DF820A0074628B92D4BA3222D49BF
S315900196002D4810F01DFE2EB9294BA4222B492A482C
S3159001961010F016FE4FEA8A050420FCF7EFFB04468C
S3159001962005F0040530B93046FCF7A0FE002420462B
S31590019630BDE8F087002380F80AA0C0E90036338997
S31590019640AB4205D21A4BB0221D491B4810F0F8FDCA
S315900196503389304614215B1B2381FCF750FE064665
S3159001966018B12046FDF7E8FCE0E76368AD02F88A99
S31590019670D3F804A005F5A045C4F80CA0FBF70AFCA5
S31590019680AAF80000D4F80CA0388BFBF703FCE76826
S31590019690AAF802004846FBF700FC786048EA050004
S315900196A0E768FBF7F7FBE368B8819E74DE74BEE763
S315900196B04B350390D6350390001A0390F6350390F7
S315900196C01736039014312DE9F04189B206461746B3
S315900196D022204FF420729846FCF7B2FE054648B315
S315900196E04389132B06D8154B40F22372144915481A
S315900196F010F0A6FD6C684046FBF7CCFB2080BDF8C8
S315900197001800FBF7C7FB676060803046FBF7C5FB27
S31590019710A0609DF81C0040F4A040FBF7BBFBA08124
S31590019720BDF82000FBF7B6FB0023E0812374637438
S31590019730A374E3742846BDE8F08100BF4B350390CE
S315900197402C360390001A03907FB50D4616460446B3
S3159001975030B90D4B40F242720C490D4810F070FD34
S31590019760638D32462946029310230193238B0093EE
S31590019770E38A606AFFF7A6FF18B1628D636A1344A4
S31590019780E36204B070BD00BF4B3503905A36039027
S31590019790001A039030B9044B40F2567203490448BB
S315900197A010F04EBD704700BF4B3503907F36039046
S315900197B0001A0390F0B5044685B017461E460D462D
S315900197C031B9154B40F287721449154810F038FD9E
S315900197D064B1207A50B1FCF7EBFC68B96FF00304E1
S315900197E02846FCF7C3FD204605B0F0BD304603F090
S315900197F057F90028F2D064B1E37AA47A062202904E
S3159001980039462846CDE90042324603F0C3FA04466A
S31590019810E6E7FF23F2E700BF4B350390A5360390A9
S31590019820001A03902DE9F04F91B0924604460A939F
S3159001983000230891ADF83E3058B9A94B4FF4CF7239
S31590019840A849A94810F0FCFC6FF00F0011B0BDE8D3
S31590019850F08F438E0793B0F86230079A5B08934274
S3159001986028BF1346002B18BF1A46089B079223B9A7
S315900198709B4B40F2AD129D49E3E7037D9A1E022A66
S3159001988002D9072B40F04C82BAF1000F1AD0B4F8E6
S315900198906430534506D2638B43F0800363834FF064
S315900198A0FF30D3E7B4F86620082AF4D8236F02B3C1
S315900198B043B9E36E33B98A4B40F255128C498A48C3
S315900198C010F0BEFCB4F86630E56E0693DDB9B4F8D7
S315900198D06870002F00F0B781814B40F24A2285498A
S315900198E0A8468148A94610F0ABFC2E462F46059511
S315900198F0A0E013B9E36E002BE4D0794B4FF4AC7230
S315900199007D49DCE7059D2B68A8460593002BF9D187
S31590019910AE7A2B89B600079A06F0040633449A422A
S3159001992006DA6F4B4FF4F37274496F4810F088FC66
S315900199302F89079BB4F86890DF1BADF83E90BF1B4B
S31590019940BFB2B9F1000F5AD0B94506D9644B4FF45D
S31590019950FC726B49644810F073FCD1454E4628BFA2
S315900199605646BE4228BF3E46A9EB06091FFA89F321
S31590019970ADF83E30002B37D1BF1BBFB2564580F0B4
S315900199805B81002F00F05C81B8F80890B9F1000F67
S3159001999000F05781AAEB06090A9BB945A8BFB946BB
S315900199A0D9071FFA89F52DD501233A462946002074
S315900199B002930A9BCDE900430DF13E03FFF7C4FDE7
S315900199C08346002800F0A981089B2A464068991988
S315900199D010F0CAFC5846FCF71DFE069B4FF0000995
S315900199E003449BB2069320E0B24500F031813C4B93
S315900199F04FF4007243493C4810F022FCBCE74D46B7
S31590019A004E46BBE7D8F804B05B46DBF800B0BBF135
S31590019A10000FF9D11A7B3F2A1DD85A895B681344E6
S31590019A20089A9A4217D176B9A94677194546CDF83B
S31590019A3014B0BFB20A9B4FF0000B03F00103CDF8AF
S31590019A402CB00C93C9E0264B40F231222E49264880
S31590019A5010F0F6FBE8E7012229460020FCF7F0FC1E
S31590019A608346002800F05981089B33444360B2E74E
S31590019A70AAEB0703079A9BB2934228BF13469BB260
S31590019A8009930C9B002B43D0BBFA8BF30999362093
S31590019A905B0902930A9BCDE900430DF13E03FFF763
S31590019AA053FD0546002853D04389099A934206D21D
S31590019AB00B4B40F2662215490B4810F0C1FB6868C2
S31590019AC0DDE90832D91910F04FFC2846FCF7A2FDC2
S31590019AD0069B03449BB2092B069361D9284635E030
S31590019AE04B350390CE360390001A0390E5360390DA
S31590019AF016370390003803905037039082370390BE
S31590019B0099370390B9370390D73703902F3803903D
S31590019B10BDF83E3033B1844B40F27122834984487B
S31590019B2010F08EFB012209993620FCF789FC78B159
S31590019B30089A00210D903A4442604FF420723620E3
S31590019B40FCF77EFC0D9B054630BB1846FCF70EFCD8
S31590019B50638B43F080036383059B13B11846FCF72F
S31590019B6005FCBBF1000F02D05846FDF773FAB4F825
S31590019B706630002B3FF493AE236F002B7FF48FAEAC
S31590019B80E36E002B7FF48BAE674B40F22732694927
S31590019B90674810F055FB82E61946FCF75FFD94E79E
S31590019BA0E36D0022294620463B440092FFF71CFDB7
S31590019BB005460028CCD0BBF1000F3BD00B9B33B9A7
S31590019BC0594B40F2AB225C49594810F039FB0B9B3B
S31590019BD01D60099B0B953B449FB25745FFF448AFD7
S31590019BE046B1D8F80470002F36D1B8F808301E4423
S31590019BF0A8F80860BDF83E30A4F86830059B002BA4
S31590019C003BD0B8F1000F06D1474B4FF438724B4910
S31590019C10474810F015FB0599D8F80400FCF71EFD8E
S31590019C20059AB8F8083012891344A8F80830C8F88C
S31590019C3000B04AE08346CCE737464FF00009F9E693
S31590019C40B9463746F6E6B9463E46B8460597F1E631
S31590019C504FF0000BD946C3E73B8933443B813B68C0
S31590019C604BB97B68324678890899184410F07CFB89
S31590019C707B8933447B813F68B5E7B9F1000F1FD0EB
S31590019C80B8F1000F02D0D8F8043033B9264B40F220
S31590019C90E6222B49264810F0D3FAD8F804301A89CF
S31590019CA019684A4492B21A8141B95A894A445A81E9
S31590019CB0B8F808309944A8F80890B8E70B46EEE74B
S31590019CC0B8F1000FB3D1C4F86CB0E36D5344E365BA
S31590019CD0B4F86430A3EB0A03A4F86430069BA4F8A5
S31590019CE0663053B1236F43B9E36E33B90E4B40F2ED
S31590019CF0123210490E4810F0A3FA0DB1EB680BB968
S31590019D000020A3E50A9A9207FAD49C890820FBF7CA
S31590019D10C1F8EB6804439C81F2E74FF0000B17E71B
S31590019D206FF00A0092E500BF4B3503906D380390B2
S31590019D30001A0390F93803907B3803908C3803907E
S31590019D40C43803902DE9F74F0D46064630B95D4B61
S31590019D5040F24B325C495D4810F072FAF46E002C79
S31590019D6000F0AC805DB9574B40F253325849574891
S31590019D7010F066FA6FF0050003B0BDE8F08F238905
S31590019D80AB4240F29680738EAB420FD24D4B40F26E
S31590019D905B3250494D4810F053FA238933B9494BF8
S31590019DA04FF457724C49494810F04AFA94F80AB060
S31590019DB04FF42072B4F808A036204FEA8B07AAEB2D
S31590019DC0050107F004071FFA81F817FA81F189B2A4
S31590019DD0FCF736FB8146002870D06068228903899A
S31590019DE0D9F804109B1A424639442B449BB2FCF78E
S31590019DF0FBFC40455FD1E3689889FBF74BF810F07F
S31590019E000808C7B216BF4FF0080807F03F0707F0DA
S31590019E103707FB07E36848BF48F00108586848BF11
S31590019E2007F0FE07FBF739F842462B1849463046AC
S31590019E30CDF800B0FFF7D8FB804600283BD060688C
S31590019E40A5EB0A05FCF7E6FBB6F866301FFA85F92D
S31590019E501B1A6068A6F86630038913FA85F5A9B2CC
S31590019E60FCF780FB238938469944E368A4F8089067
S31590019E709D89FBF70FF8E368054360689D81FCF7C0
S31590019E80C9FBB6F866301844A6F86600D8F80400FF
S31590019E90FCF7C0FBB6F8663018442368A6F866004E
S31590019EA0C8F80030C4F80080D8F800300BB9A6F88D
S31590019EB06830002060E74846FCF758FA4FF0FF30CB
S31590019EC05AE700BF4B35039017390390001A039058
S31590019ED0393903905B390390683903902DE9F7433B
S31590019EE011F0030804460E4606D13E4B40F211424C
S31590019EF03D493E4810F0A4F934B93A4B40F2134229
S31590019F003B493A4810F09CF9C6F340074FF420724A
S31590019F1036204FEA87094946FCF792FA054640B939
S31590019F20638B4FF0FF3043F08003638303B0BDE84A
S31590019F30F08343894B4506D22A4B40F239422D494B
S31590019F402A4810F07DF9294600973246E36D20465E
S31590019F50FFF74AFB05460028E2D0C3689A0706D068
S31590019F60204B40F242422449204810F069F92B894E
S31590019F7033B11C4B40F2434220491C4810F060F922
S31590019F80E36EDBB9E5660023A4F86830B8F1000FFB
S31590019F9008D0E36D0133E365F30742BF638B43F06A
S31590019FA0200363836868FCF735FBB4F86630184480
S31590019FB080B2A4F8660038B90020B7E71A461B6844
S31590019FC0002BFBD11560DEE7236F002BF4D1E36EF6
S31590019FD0002BF1D1034B40F265420949034810F039
S31590019FE02FF9E9E74B35039076390390001A0390E0
S31590019FF0CB390390EA390390233A03903B3A039085
S3159001A000653A0390F8B5044630B9134B40F2EB32FA
S3159001A0101249134810F014F9E56E4DB12F462D688B
S3159001A020002DFBD1FB689889FAF734FF430705D0D9
S3159001A03020460121BDE8F840FFF750BFFB6801209B
S3159001A0409E89FAF727FFFB68064328469E81638B14
S3159001A05043F020036383F8BD4B3503908D3A03900B
S3159001A060001A03902DE9F041044630B91C4B40F299
S3159001A07063621C491C4810F0E3F8256F45B96FF0EF
S3159001A0800500BDE8F081FFF749FA0028F7D12D6860
S3159001A0902B682846002BF6D1FFF740FA0646002892
S3159001A0A0EDD1E36E2B60236FC4E91B30638B43F4D0
S3159001A0B000636383EB685868FAF7EFFEEB6807462F
S3159001A0C0B5F808809889FAF7E5FE10F0030347443E
S3159001A0D0304618BF012366633B44E364D1E700BF72
S3159001A0E04B350390A73A0390001A0390F8B50446AE
S3159001A0F030B91B4B40F2C1621A491B4810F0A0F8C7
S3159001A100256F15B96FF00500F8BD2846FFF706FAD9
S3159001A1100028F7D12B6804F16C062367336883B95D
S3159001A12033682B6035602B680BB9A4F8683094F8C6
S3159001A13042300020FF2B60631CBF013384F842300C
S3159001A140E2E7DB685868FAF7A8FEEB6807465868B5
S3159001A150FAF7A3FE3F1A002FE2DA3668DEE700BF70
S3159001A1604B350390CB3A0390001A039038B50446C9
S3159001A17030B9154B40F2F9621449154810F060F860
S3159001A180236FFBB1638B5B071CD42046FFF7AEFFB1
S3159001A190C0B9B4F86010B4F848302086994228BF07
S3159001A1A01946638E5D004A10B5EB510F2B4488BF5B
S3159001A1B02A461344A4F84A20A4F84830638B43F006
S3159001A1C00403638338BD00BF4B350390E33A039094
S3159001A1D0001A03902DE9FF47DDF8308006460F46B9
S3159001A1E01446BDF834901D46BDF838A033B9184BC6
S3159001A1F040F2C4721749184810F022F8B8F1000FCE
S3159001A20006D1134B40F2C5721449134810F018F851
S3159001A2103846FAF742FE142346F208010246CDF873
S3159001A22000A02046CDE901314B460021FFF74AFABD
S3159001A230044650B1FFF7AEFA43462A4621463046C8
S3159001A24004B0BDE8F047FFF7B5BA04B0BDE8F087B2
S3159001A2504B350390003B0390001A03901A3B0390F1
S3159001A26038B5044630B9144B40F2EA721349144892
S3159001A2700FF0E6FF206DFAF710FE00210246204608
S3159001A280FFF762FA054630B9638B6FF0010043F030
S3159001A2900303638338BDFFF77DFA231D22462946C2
S3159001A2A02046FFF787FA638B18B143F003039BB2FD
S3159001A2B0EFE723F00303FAE74B350390353B039021
S3159001A2C0001A03902DE9F04F044687B030B98E4BB2
S3159001A2D040F2E1428D498E480FF0B2FF237D012B6A
S3159001A2E006D1894B40F2E3428A4989480FF0A8FF8B
S3159001A2F0894B1B68A34200F06F81E56EB4F84880E4
S3159001A300B4F860604DB9638B980740F1618120463E
S3159001A31007B0BDE8F04FFFF7A3BF207A04F1040917
S3159001A32040B3FBF745FF0746002800F06E8123688E
S3159001A3300BB943682360EB68B045586828BFB046AF
S3159001A340FAF7ABFD2B89626C9B1A0344434515D9E9
S3159001A350B4F860304345D6D1236F002BD3D194F80E
S3159001A3609930002BCFD14FF4807284F89A30A4F8AB
S3159001A3709820C8E7484602F093FBD4E70023266F5E
S3159001A38084F8993026B133463668002EFBD11E46A5
S3159001A390DFF874A1DFF878B1DCE0237D022B09D0D8
S3159001A3A0EB6810209B890493FAF774FD049BEA6885
S3159001A3B0034393812846FFF7B1F8002870D1EB68E3
S3159001A3C0606A0493FAF769FD049B9860EB68608D67
S3159001A3D00493FAF75FFD049B628DD881636A1344F7
S3159001A3E0E362AA7AEB68D2074AD403F11402B4F96C
S3159001A3F03030002BBCBF00232386636B4BB9474992
S3159001A400EB680968049261635868FAF746FD049A05
S3159001A410A0636968EB684868B1F80AC0181A4B607E
S3159001A42080B2ACEB000CA1F80AC0B1F808C0ACEB55
S3159001A43000000881002119745974A97A11F0010F4D
S3159001A4400CBF142118210B449A4206D0534640F270
S3159001A4501C62334958460FF0F3FE062302974A468B
S3159001A46021460193A37A0093E37A686802F092FCFD
S3159001A470B0B1638B43F08003638307B0BDE8F08F7F
S3159001A4804A4639464FF406700493FCF79FFE40F016
S3159001A4900170FAF702FD049B03F118025861A6E7D1
S3159001A4A02B68E366237D022B1EBF638B23F0030388
S3159001A4B06383EB685868FAF7F0FC2989EB68049195
S3159001A4C005909889FAF7E6FC10F00303DDE904128A
S3159001A4D018BF01230A441344226DD21A002AEA684E
S3159001A4E0B8BF23652B8904939089FAF7D3FC830728
S3159001A4F003D1049B002B00F0848000232B60236FF3
S3159001A50083B925672E4622E04B350390553B039040
S3159001A510001A03906D3B0390FC7B0124F87B012488
S3159001A520AA3B0390EB685868FAF7B7FCF268049077
S3159001A5305068FAF7B2FC049B1B1A002B5FDA04F100
S3159001A54070031A68002A49D11A682A601D60E56E5F
S3159001A550002D3AD0EB685868FAF79FFC636CC01AE5
S3159001A5602B89184440452ED8EB689889FAF792FCC6
S3159001A570410706D5534640F23652254958460FF0C3
S3159001A5805FFE236F002B3FF408AF628B12F0440FEE
S3159001A5907FF403AFE36E43B1196800297FF4FDAEF2
S3159001A5A01989638E9942BFF4F8AEB4F86430002BE2
S3159001A5B03FF4F3AEB4F86630082B3FF6EEAE12F0E8
S3159001A5C0A00F7FF4EAAEE36E13B90023A4F86830C6
S3159001A5D0638B23F08003638300204EE7D268059353
S3159001A5E05068FAF75AFCE96804904868FAF755FCFE
S3159001A5F0049A059B121A002AA6DA1B68A1E7356010
S3159001A60080E72846FCF718FDA1E76FF0030034E7D1
S3159001A610933B039010B5044630B9094B4FF4D3627E
S3159001A620084909480FF00CFE94F842302046FF2B5A
S3159001A6301CBF013384F84230BDE81040FFF742BE9B
S3159001A6404B350390BD3B0390001A039010B5044619
S3159001A65030B9084B40F2AD62074908480FF0F0FD5A
S3159001A6602046FFF7FFFC20B92046BDE81040FFF7D2
S3159001A670D1BF10BD4B350390E03B0390001A039078
S3159001A68070B5044630B90F4B40F624020E490F4877
S3159001A6900FF0D6FD206D0138FAF7FFFB0021024637
S3159001A6A02046FFF751F8054648B1FFF773F8231D89
S3159001A6B0224629462046BDE87040FFF77BB84FF009
S3159001A6C0FF3070BD4B350390FC3B0390001A03900D
S3159001A6D02DE9F041064630B92C4B40F64F022C49F4
S3159001A6E02C480FF0ADFDF56E002D49D096F89A30B5
S3159001A6F0FF2B1CBF013386F89A30EB689889FAF7DD
S3159001A700C9FB10F00104EB68304618BF2C895A68D2
S3159001A7101CBFB4FA84F4640984F00101FFF714F8BC
S3159001A720074680B3D0F80480FCB1B8F80C401120EC
S3159001A730FAF7B0FB24F47C54A4B22043A8F80C0099
S3159001A740EB685868FAF7A9FB336D01301B1A002B99
S3159001A750B8BF30653846FFF71DF8331D3246394686
S3159001A7603046BDE8F041FFF725B8686808F1140155
S3159001A7702A8903899B1A01229BB2FCF735F8DFE7F8
S3159001A7802846BDE8F0814FF0FF30FAE74B3503904C
S3159001A790173C0390001A039070B504460B200E46A1
S3159001A7A01546FBF72BFB38B9104BBE2210491148C1
S3159001A7B0BDE870400FF044BD00230F4A446003602A
S3159001A7C01368C0E902650BB9106070BD5968611ACA
S3159001A7D0002901DA0360F7E719461B681BB15A682D
S3159001A7E0A21A002AF8DA03600860EEE73A3C039071
S3159001A7F06E3C0390001A03903C7C012470B543682B
S3159001A80004469847F5F788FD074B0546266818686C
S3159001A810224606493044431B002BB8BF7019BDE848
S3159001A8207040FFF7B9BF00BF387C0124FDA70190A6
S3159001A830B0F1804F70B504460D46164606D3084BC7
S3159001A84040F22912074908480FF0FAFCF5F764FD22
S3159001A850324629462044BDE87040FFF79DBF00BFB0
S3159001A8603A3C0390AB3C0390001A0390084B1A684C
S3159001A87062B9084A126812B9074A126832B10122BE
S3159001A8800649FA201A600022FFF7D2BF704700BF2F
S3159001A890347C0124EC7B0124E87B0124A1A801905E
S3159001A8A008B5FDF75BFB084B1B6813B9074B1B6893
S3159001A8B033B100220649FA20BDE80840FFF7B8BF38
S3159001A8C0044A136008BD00BFEC7B0124E87B012498
S3159001A8D0A1A80190347C012470B5064D0124064E41
S3159001A8E055F8080F013431462A46FFF7A1FF062C89
S3159001A8F0F6D170BDBC4D0390FDA701902DE9F041B5
S3159001A900F5F70AFD0C4E0446DFF83080316889B1BF
S3159001A9104B68E21A002A0DDB0A680B20C8F8003052
S3159001A9203260D1E90257FBF797FA002DEED03846FF
S3159001A930A847EBE7BDE8F0813C7C0124387C0124F3
S3159001A94010B5074C23683BB1F5F7E6FC23685B68C5
S3159001A950181A48BF002010BD4FF0FF30FBE700BF2B
S3159001A9603C7C012408B50FF033FC6FEA8040024B22
S3159001A9706FEA9040188008BDF60C00242DE9F04F3F
S3159001A980884685B0054628B95E4BCF225E495F4819
S3159001A9900FF056FCB8F1000F05D15A4BD0225C4905
S3159001A9A05A480FF04DFC6B89072B05D8284605B000
S3159001A9B0BDE8F04FFBF7DABC564F00266C68396854
S3159001A9C0B246786902F0F7F9DFF858B181462088E6
S3159001A9D0FAF760FA02906088FAF75CFADBF80040C1
S3159001A9E003903CB9002E48D1D8F804207B699A424D
S3159001A9F043D0DBE7638A039A934250D1B8F1000FB3
S3159001AA0005D1404B8822444940480FF019FC227ADF
S3159001AA1032B17B6893F834300133DBB29A423ED13E
S3159001AA202368B9F1000F35D03BB17A69511C04D036
S3159001AA305A40D8F808100A4231D1227C52070FD4D5
S3159001AA40002E2FD0B9F1000F0AD07A69013207D1C1
S3159001AA50D8F804203168914202D09A4208BF26461E
S3159001AA60A38A029A93421AD1636813B13A699342BF
S3159001AA7015D1BAF1000F17D1264608212846FBF7C2
S3159001AA8041FCD0B11F4B4FF4B87224491F480FF0C7
S3159001AA90D7FB8BE7002BD0D07A699342CDD0A246D3
S3159001AAA0E4689EE72646DBE7E368CAF80C30DBF8F4
S3159001AAB00030CBF80040E360DEE76EB1B469002C5C
S3159001AAC03FF474AF029B2A4631460093144BF069CA
S3159001AAD0A04705B0BDE8F08FB9F1000F7FF466AFDE
S3159001AAE07B6903F0F003E02B3FF460AFB989284608
S3159001AAF0083109B2FBF732FC0321284601F0AEFF7B
S3159001AB0054E700BFE13C0390103D0390001A039077
S3159001AB10283D039014230124413D0390663D039003
S3159001AB2024230124407C01242F4B2DE9F041002957
S3159001AB3014BF0F461F4650B92C4B40F2B7322C49E1
S3159001AB402C480FF07DFB6FF00F00BDE8F0812A4E87
S3159001AB503468214651B97AB13D6823467BBB3B683F
S3159001AB604282036000293BD00020EEE7814201D06A
S3159001AB70C968EFE70121EEE7DFF880C04FF4804224
S3159001AB804FF6FF7EBCF800307345254616BF01335C
S3159001AB904FF440439BB20DB91A4607E0B5F81280BF
S3159001ABA098450AD1013A92B2002AEDD1ACF800301B
S3159001ABB0002AD4D16FF00700C7E7ED68EBE783422F
S3159001ABC00CD0B3F812C0944508D1D3F800C0AC4567
S3159001ABD0F0D0002DEED0BCF1000FEBD0DB68BDE7D5
S3159001ABE0C4603060C0E700BFF44D0390E13C039030
S3159001ABF0813D0390001A0390407C0124F60C0024B9
S3159001AC002DE9F04F85B00E46904699460746DDE907
S3159001AC100EBA60B93E4B40F2D1223E496FF00F0514
S3159001AC203D480FF00DFB284605B0BDE8F08F21B9E0
S3159001AC30374B40F2D2223949F0E722B9344B40F2F0
S3159001AC40D3223749EAE7BAF1000F04D1304B4FF4DA
S3159001AC5035723449E2E7BBF1000F04D12C4B40F237
S3159001AC60D5223149DAE7428A3AB132894FF6F773FA
S3159001AC709A4209D94FF0FF35D5E70146FFF754FFC0
S3159001AC8005460028F1D0CEE708213046FBF737FB81
S3159001AC9000283AD04FF4207208212220FBF7D0FBEE
S3159001ACA004460028E6D0338913B13146FBF710FDEF
S3159001ACB06389072B06D8164B40F20D321B4916486D
S3159001ACC00FF0BEFA6568788AFAF7E4F82880484664
S3159001ACD0FAF7E0F800236880AB71EB712089FAF7F7
S3159001ACE0D9F81123A8804246CDF808B05146019370
S3159001ACF02046BB7A0093FB7A01F0D0FFB442054619
S3159001AD0091D02046FBF732FB8DE73446D0E700BF62
S3159001AD10E13C0390973D0390001A0390B63D039052
S3159001AD20D63D0390F83D03901A3E03903B3E039027
S3159001AD3073B5069C50B9184B4FF4207217491848B1
S3159001AD400FF07EFA6FF00F0002B070BD21B9124B71
S3159001AD5040F281221349F2E722B90F4B40F2822247
S3159001AD601149ECE724B90C4B40F283220F49E6E7EF
S3159001AD7005681DB105F0F006E02E05D1251DCDE93A
S3159001AD800045FFF73DFFDFE76668B54201D105460D
S3159001AD90F5E76FF00300D7E7E13C0390693E039036
S3159001ADA0001A0390843E0390A03E0390BE3E03900A
S3159001ADB0F7B50E4615461F46044650B9154B4FF446
S3159001ADC00672154915480FF03BFA6FF00F0003B064
S3159001ADD0F0BD21B90F4B40F219221149F2E722B980
S3159001ADE00C4B40F21A220F49ECE7007A50B1FBF76F
S3159001ADF0DFF958B100903B462A4631462046FFF787
S3159001AE0097FFE4E7104601F04BFEF2E76FF003007F
S3159001AE10DDE700BFE13C0390DB3E0390001A03900F
S3159001AE20F33E03900C3F0390024610B548B90B4B85
S3159001AE3040F2D5120A490B480FF002FA6FF00F0053
S3159001AE4010BD21B9054B4FF4EB720749F3E7838A9D
S3159001AE500432BDE81040FFF7ABBF00BFE13C039061
S3159001AE60273F0390001A03903D3F039070B50D461E
S3159001AE701646044648B9154B40F2354214491548D1
S3159001AE800FF0DEF96FF00F0070BD21B90F4B40F254
S3159001AE9036421149F3E7428A72B12B680F4A6360D1
S3159001AEA0237C116843F00403A68223740B464BB9A5
S3159001AEB0E16014600020E7E70146FFF735FE0028C0
S3159001AEC0EBD0E1E7A342F5D0DB68F0E7E13C0390F4
S3159001AED0543F0390001A03906D3F0390407C0124E8
S3159001AEE030B9054B40F28A42044905480FF0A8B99A
S3159001AEF0C0E90612704700BFE13C0390893F039079
S3159001AF00001A0390014630B90D4B40F2A1420D490A
S3159001AF100D480FF095B90D4A1368834204D1C36861
S3159001AF2013600120FAF798BF002BFAD01A46DB6816
S3159001AF30002BF6D08B42F9D1CB68D360F1E700BFF5
S3159001AF40E13C03909F3F0390001A0390407C0124BB
S3159001AF5010B50120FAF752FF044628B120220021AC
S3159001AF600FF0C2F9FF23E372204610BDFFF7F0BF41
S3159001AF7010B538B103682BB121B10B6813B1064BEB
S3159001AF801B6803B910BD1C680268944204BF0A6825
S3159001AF901A60DB68F5E700BF407C012443798B4258
S3159001AFA01FBF00234171837103817047F8B5871CD8
S3159001AFB004460D461646442F06D9074B40F2AE522B
S3159001AFC0064907480FF03CF9330AB8B22B550134BC
S3159001AFD0A4B22E55F8BD00BFB73F0390EC3F039046
S3159001AFE0001A0390F8B51E46023304460D4650FAF0
S3159001AFF083F31746442B06D9064B40F29A520649DB
S3159001B00006480FF01DF9631CA01C2F559BB280B208
S3159001B010EE54F8BDB73F039027400390001A039072
S3159001B020432870B504460D46164606D9054B40F29F
S3159001B030A652054905480FF003F9601C2E5580B2BA
S3159001B04070BD00BFB73F039069400390001A03900B
S3159001B050F8B5071D04460D461646442F06D90B4BE7
S3159001B06040F2B7520A490B480FF0EAF8330E320C08
S3159001B0702B55631CB8B29BB2EA54A31C0334320A13
S3159001B0809BB2A4B2EA542E55F8BD00BFB73F0390C8
S3159001B0909E400390001A03902DE9F8430E46904680
S3159001B0A09946054650B93C4B40F269723B493C483A
S3159001B0B00FF0C6F800273846BDE8F88321B9364B1C
S3159001B0C040F26A723749F2E74FF420724FF49A715F
S3159001B0D03620FBF7B5F907460028EBD04389B3F53F
S3159001B0E09A7F06D22C4B40F271722F492C480FF061
S3159001B0F0A7F8B8F1030F02D17379032B07D1B3796E
S3159001B1002A4C13B90FF064F82060236833607C6889
S3159001B1104FF49A72002120460FF0E6F8012323702E
S3159001B120637095F83030A3703068F9F7B6FE4FF436
S3159001B130C873606023FA08F3DB0706D4B8F1030FEE
S3159001B14005D17379043B012B01D86B68E36005F156
S3159001B150290304F11B022F3513F8011FAB4202F8A4
S3159001B160011FF9D16FF07D026323F034002004F8BA
S3159001B170032C532204F8043C04F8022C352204F8DB
S3159001B180013C01232146FFF72DFF42462146FFF759
S3159001B19047FFA9F800008EE7B73F0390D840039088
S3159001B1A0001A0390F740039015410390447C0124C3
S3159001B1B00346104630B45C1CFF25A2B2CD5411FA59
S3159001B1C084F100251446432C0BD9442AC3F143013B
S3159001B1D003F1F10388BF0021194430BC89B2FBF712
S3159001B1E0C1B9013401F8015BA4B2ECE72DE9F04352
S3159001B1F00023446A85B0074606212046E361012271
S3159001B200FFF7CCFE0DF10E0321463846FFF744FFBA
S3159001B2100546B0B3466802233922BDF80E00F036D2
S3159001B220DFF8AC904FF004083146FFF7DBFE3A8D1C
S3159001B2303146FFF7BBFE042337223146FFF7D2FE94
S3159001B240ADF80E0008F1FF3819F8012B3146BDF81B
S3159001B2500E00FFF7E5FE18F0FF08ADF80E00F1D1EC
S3159001B2602A463146FFF7A4FF164B17482946174A37
S3159001B270CDE9007343230068FFF7C2FC2846FBF72C
S3159001B28075F8A3790020FF2B1CBF0133A371A27916
S3159001B290052A97BF01234EF660239340C3EB4312D1
S3159001B2A098BF03EB82034FF4FA729CBFDB009BB20B
S3159001B2B003F2F3139BB2B3FBF2F3238105B0BDE81E
S3159001B2C0F08300BFF44D03904C7C0124F04D039024
S3159001B2D0EC4D039038B5446A054608210022204674
S3159001B2E0FFF75CFE04F11C01284601F089F9A37968
S3159001B2F0FF2B1CBF0133A3710123238138BD0000AD
S3159001B30013B5044648B93C4B40F215423B493C487B
S3159001B31002B0BDE810400EF093BF406A20B9364B9B
S3159001B32040F217423749F2E700234382836A5A1C57
S3159001B33006D01E33B3F5701F3FD34FF6FF7383824A
S3159001B340C36A591C0BD01E33B3F5701F3CD23B2BED
S3159001B3503DD93C22B3FBF2F39BB24381C381036B8C
S3159001B3605A1C0BD01E33B3F5701F32D23B2B33D9F7
S3159001B3703C22B3FBF2F39BB2838103828389428998
S3159001B3809A4202D30BB100234381C37933B3036A43
S3159001B390426A0093019222B9C269134043F08073C5
S3159001B3A001930A216A46FFF7F9FD00F11C0101ABF1
S3159001B3B02046FAF7B3FD02B010BD3B2B8ABF3C2263
S3159001B3C00123B3FBF2F3BAE74FF6FF73C5E7012307
S3159001B3D0C3E74FF6FF73CFE70123CDE790F91C2022
S3159001B3E0037F002A06DABF2B4FF6FF7388BF6FF0F3
S3159001B3F07F43CDE7FF23CBE7B73F039055410390BA
S3159001B400001A03906E41039038B5154D2B78F3B918
S3159001B410144C23682BB1144BE522144914480EF0B1
S3159001B4200FFFFFF795FD2060B0B1427A114942F0C6
S3159001B430200242724422FFF777FB43220D4920688E
S3159001B440FFF714FD00220C492068FFF749FD2B7880
S3159001B450002001332B7038BD4FF0FF30FBE700BF62
S3159001B460487C01244C7C0124B73F0390864103908C
S3159001B470001A0390F44D039095B7019038B50A4D93
S3159001B4802B782BB9094BFF2209490A480EF0D8FEB1
S3159001B4902C78013CE4B22C7024B9074D2868FFF74B
S3159001B4A031FD2C6038BD00BF487C0124B73F039025
S3159001B4B0AB410390001A03904C7C01242DE9F04393
S3159001B4C0446A85B0032107462046FFF767FD0A4681
S3159001B4D00DF10E0321463846FFF7DEFD064600289C
S3159001B4E043D0456802233922BDF80E00F035DFF8C6
S3159001B4F0BC902946FFF776FD4FF410722946FFF767
S3159001B50055FD042332222946FFF76CFD8046E069FA
S3159001B510F9F7C3FC2946024640464FF00408FFF767
S3159001B52097FD042337222946FFF75CFDADF80E00FF
S3159001B53008F1FF3819F8012B2946BDF80E00FFF7DF
S3159001B5406FFD18F0FF08ADF80E00F1D1324629468D
S3159001B550FFF72EFE134800974323134A314600689E
S3159001B560FFF7E6FB3046FAF701FFA379FF2B1CBFE5
S3159001B5700133A371A379092B96BFC3EB431242F210
S3159001B580107303EB82034FF4FA729CBFDB009BB2FC
S3159001B59003F2F3139BB2B3FBF2F3238105B0BDE83B
S3159001B5A0F08300BF4C7C0124F04D0390EC4D039049
S3159001B5B037B50023224D0446C0E90833EB7813B121
S3159001B5C0204BDB6883622B79002B31D01D4B1B6995
S3159001B5D0E3626B79002B2ED01A4B5B6923630B695F
S3159001B5E0E361AB792BB1174B9869F9F756FC0123B7
S3159001B5F02062E371EB7923B1124BD869F9F74DFCCF
S3159001B60060622B7A93B10F4C206AF9F746FC01A937
S3159001B61001900020F9F754FF6B7A3BB1606AF9F714
S3159001B6203CFC01A901900120F9F74AFF03B030BD16
S3159001B630A36A5B08CCE7A36AC3EBC303DB08CDE738
S3159001B640507C01245C7C01242DE9F043074685B0AA
S3159001B65048B9484B40F277124749484805B0BDE88A
S3159001B660F0430EF0EDBD446A24B9424B40F2791293
S3159001B6704349F2E701212046FFF790FC03220DF1A1
S3159001B6800E0321463846FFF707FD0646002852D09D
S3159001B690456802233922BDF80E00F035DFF8F090A7
S3159001B6A02946FFF79FFC3A8D2946FFF77FFC042335
S3159001B6B032222946FFF796FC8046E069F9F7EDFBC1
S3159001B6C0294602464046FFF7C3FC04233622294603
S3159001B6D0FFF788FC8046A069F9F7DFFB2946024609
S3159001B6E040464FF00408FFF7B3FC0423372229465E
S3159001B6F0FFF778FCADF80E0008F1FF3819F8012B29
S3159001B7002946BDF80E00FFF78BFC18F0FF08ADF83F
S3159001B7100E00F1D132462946FFF74AFD194B1A48D8
S3159001B72031461A4ACDE9007343230068FFF768FA58
S3159001B7303046FAF71BFEA379FF2B1CBF0133A37189
S3159001B740A279052A97BF01234EF660239340C3EB56
S3159001B750431298BF03EB82034FF4FA729CBFDB004E
S3159001B7609BB203F2F3139BB2B3FBF2F3238105B0C1
S3159001B770BDE8F083B73F0390CF410390001A039041
S3159001B780EA410390F44D03904C7C0124F04D0390D3
S3159001B790EC4D03909A4B2DE9F04F5F688BB0934631
S3159001B7A052687B6A0193002B67D01B79002B64D07A
S3159001B7B0BBF80A302B2B60D91378022B5DD197F801
S3159001B7C0304007F1290102F11B000023DDB2AC42A2
S3159001B7D001D9062B4AD15068F9F75FFB019B1B688B
S3159001B7E098424AD1874A0023136053601381BBF86C
S3159001B7F00A202B2A41D9BBF808A04FF0F0090393F0
S3159001B800D846B8F1000F38D0B8F80A3099453AD2EF
S3159001B810D8F8043005934B46534503D2059AD25C2A
S3159001B820FF2A3BD1774A1378002B40F05B81039B2B
S3159001B830002B40F05F815378FBB17349DBF80450DC
S3159001B8400B79052B40F07381019B5B79012B40F0BD
S3159001B8506281786A2946FFF7ABFE97F83130384610
S3159001B8601B0740F16181FFF735FD06E011F8016F85
S3159001B870013310F8015FAE42A8D058460BB0BDE82F
S3159001B880F04FFAF773BDA9EB0309AAEB0303D8F8B6
S3159001B89000801FFA89F91FFA83FAB2E7991C89B2D7
S3159001B8A08B420491E9D8591CB8F80A0081420CDA06
S3159001B8B0059818444478062A17D8062A19D8DFE835
S3159001B8C002F0B71C182418182F00D8F80040002C45
S3159001B8D0F1D060680478EEE7082A0AD8DFE802F02A
S3159001B8E06268777D090909838900333AD1B20829BB
S3159001B8F0F2D94FF0FF3600251FE0042C00F0B180FD
S3159001B900424B40F22E62424906E0032C00F2AC8093
S3159001B9103E4B40F233623F493F480EF091FCACE713
S3159001B920A10704D0394B40F239623C49F4E7082C1F
S3159001B93025464FF0080628BF082523444FF6FD7289
S3159001B94093429ADC002D00F0C280002309932D4B7F
S3159001B950F3180693049B092E029306D92B4B4FF4A9
S3159001B960CF622F492C480EF06BFC069B1B78002B5F
S3159001B97040F0AD80042D2A46029B09A928BF0422D6
S3159001B98040460792FAF730FF079A82427FF475AFE5
S3159001B990042D40F29280AA0778D01C4B40F2816226
S3159001B9A02049B9E7042C62D0184B40F24162AAE7CC
S3159001B9B0012C04D0154B40F24F621B49ACE7B9F10B
S3159001B9C0F00F57D0114B40F251621849A4E7012C60
S3159001B9D056D00E4B40F25562EFE7042C4DD00B4BEF
S3159001B9E040F259628FE7042C4AD0084B40F25D62CF
S3159001B9F089E7042C47D0054B40F2616283E700BF8B
S3159001BA0014230124507C01245C7C0124B73F0390CC
S3159001BA10044203900D420390001A039057420390FB
S3159001BA203F420390504203901F4203902842039055
S3159001BA308BB2B8F80A209A423FF6EEAE9B1AAAEB61
S3159001BA4002029BB21FFA82FA5345BFF416AFD8F899
S3159001BA500080B8F1000F41D14D4B40F29D624D49A6
S3159001BA605AE72546062668E70726042565E725460B
S3159001BA70032662E7254600265FE7254602265CE710
S3159001BA802546264659E72546052656E7069B4FF055
S3159001BA9001020998043D03F8012B0693F9F7FDF984
S3159001BAA03D4BEDB2029A43F82600029B04339BB2BA
S3159001BAB09A423FF6E2AE01364DE70CD10998F9F775
S3159001BAC0ECF9364B01229A55334B43F82600049BE9
S3159001BAD01C44A3B2ADE79DF82400F2E7D8F8042000
S3159001BAE0059299E62C4B00211B681170012B0DD004
S3159001BAF0022B06D100234FF06C0A4FF02C090393C9
S3159001BB007EE6032B7FF493AE012303934FF0EC0A69
S3159001BB104FF06C0974E6033B022B3FF6AEAE786AA2
S3159001BB202946FFF745FD3846FFF7EAFBA5E6062BC2
S3159001BB3015D1019B5B79DA1E022A02D9012B7FF47A
S3159001BB409CAE786A0C21FFF729FA154B38461A46AE
S3159001BB501946FAF7E3F93846FFF748FB8DE6022BCB
S3159001BB607FF48BAE019B5B79062B7FF486AE93783F
S3159001BB707C6A002B3FF481AE039B88682381F9F799
S3159001BB808CF9A0612B693846E361FFF75DFD74E698
S3159001BB90B73F0390654203905C7C0124507C01245D
S3159001BBA0F44D039038B5456A0446FDB16B79052B82
S3159001BBB009D8022B09D8CBB100232046AB71BDE839
S3159001BBC03840FFF713BB0A2B06D100232046AB71F1
S3159001BBD0BDE83840FFF772BC0C2BEDD9044B40F20F
S3159001BBE06D32044904480EF02BFBE5E738BD00BFE2
S3159001BBF0B73F03909C420390001A03902DE9FF41B1
S3159001BC00064648B9264B40F28B322649264804B05F
S3159001BC10BDE8F0410EF014BB446A002C3DD0637927
S3159001BC20082B3AD10A68E3699A4236D10C2120460B
S3159001BC30FFF7B4F904220DF10E0321463046FFF7C2
S3159001BC402BFA054610B3476804233222BDF80E003D
S3159001BC50F0373946FFF7C6F98046E069F9F71DF9DD
S3159001BC60394602464046FFF7F3F92A463946FFF729
S3159001BC709FFA0E4B0E4829460E4ACDE9006343239F
S3159001BC800068FEF7BDFF2846FAF770FBA379FF2BF4
S3159001BC901CBF0133A3711423238104B0BDE8F08145
S3159001BCA0B73F039060410390001A0390F44D0390BF
S3159001BCB04C7C0124F04D03902DE9F043446A85B004
S3159001BCC00746052120460322FFF768F90DF10E0379
S3159001BCD021463846FFF7E0F90546002853D04668D5
S3159001BCE002233922BDF80E00F036DFF8A4904FF00A
S3159001BCF004083146FFF776F93A8D3146FFF756F942
S3159001BD00042337223146FFF76DF9ADF80E0008F19D
S3159001BD10FF3819F8012B3146BDF80E00FFF780F96F
S3159001BD2018F0FF08ADF80E00F1D131462A46FFF71B
S3159001BD303FFA16480097432304F1180229460068F2
S3159001BD40FEF7F6FF06462846FAF710FBA37930462A
S3159001BD50FF2B1CBF0133A371A379092B96BFC3EBAC
S3159001BD60431244F6206303EB82034FF4FA729CBFAD
S3159001BD701B019BB203F2F3139BB2B3FBF2F3238144
S3159001BD8005B0BDE8F0834FF0FF36DFE74C7C012428
S3159001BD90EC4D039050B1406A40B140790A2806D0E3
S3159001BDA0043801288CBF00200120C0B270470120C1
S3159001BDB0FBE700002DE9FF41446A0646002C4CD072
S3159001BDC06379002B49D0A36903930023C4E9063311
S3159001BDD0C4E90833C4E90B33A362E3812361A382E7
S3159001BDE0FFF7D8FF48B30DF10A03072221463046E3
S3159001BDF0FFF752F9054600B3476804233622BDF88A
S3159001BE000A00F0373946FFF7EDF880460398F9F7BF
S3159001BE1044F8394602464046FFF71AF92A4639460A
S3159001BE20FFF7C6F90E480096432303AA29460068F0
S3159001BE30FEF77EFF2846FAF799FA0A4B30461946DD
S3159001BE401A46FAF76BF800212046FFF7A7F82379EF
S3159001BE501BB1FFF713FB0023237104B0BDE8F081FA
S3159001BE604C7C0124F44D039070B5044650B9244B93
S3159001BE7040F2E72223496FF00F0623480EF0E0F9CE
S3159001BE80304670BD90F83130DA0704D41C4B4FF42C
S3159001BE903A721E49EFE7038D456AB3F5107F02D2D8
S3159001BEA04FF0FF36ECE7DDB93420F9F78FFE054602
S3159001BEB00028F5D060623422002128460EF014FA4B
S3159001BEC0FFF7A2FA06460028EAD101232B7194F8CE
S3159001BED031305B070AD402212846FFF75FF8CFE796
S3159001BEE02B79002BE7D0FFF7C9FAE4E72046FFF755
S3159001BEF07DF90028C4D02046FFF75CFFD0E700BF4C
S3159001BF00B73F039060410390001A0390B0420390AB
S3159001BF10584B2DE9F0431D6885B015B905B0BDE8BC
S3159001BF20F0836C6A7CB163796BB1A18A69B1628ADB
S3159001BF30013292B29142628207D12846FFF73AFFC7
S3159001BF402846FFF791FF2D68E7E7228A002A72D0EB
S3159001BF50511E012A21826ED1013BDBB2092BF2D807
S3159001BF6040F2192222FA03F3DA07ECD5042120468E
S3159001BF70FFF714F803220DF10E0321462846FFF729
S3159001BF808BF80646B0B3476802233922BDF80E00F6
S3159001BF90F037DFF8EC904FF000083946FFF722F8BA
S3159001BFA02A8D3946FFF702F8042337223946FFF7DF
S3159001BFB019F8ADF80E0008F1010819F8012B394668
S3159001BFC0BDF80E005FFA88F8FFF72AF8ADF80E0073
S3159001BFD0B8F1040FEFD132463946FFF7E9F8264812
S3159001BFE000954323254A31460068FEF7A1FE304667
S3159001BFF0FAF7BCF9A379FF2B1CBF0133A371A3797F
S3159001C000092B96BFC3EB431242F2107303EB8203E3
S3159001C0104FF4FA729CBFDB009BB203F2F3139BB20F
S3159001C020B3FBF2F3628A2381A38A9B1A012B8ADDE1
S3159001C0305B10238287E7E289002A84D0511E012A68
S3159001C040E18180D1013BDBB2092B3FF67CAF40F217
S3159001C050112222FA03F3DB077FF575AF2846FFF726
S3159001C0602BFEA389628A9B1A012BC4BF5B10E381C5
S3159001C07069E700BFD87B01244C7C0124F04D0390E5
S3159001C080EC4D0390284B10B51C6804B910BD636A3A
S3159001C09023B11A89012A03D9013A1A812468F4E74E
S3159001C0A0FCD100221A815A79013A0B2AF6D801A1BC
S3159001C0B051F822F0EDC001909DC001901BC10190F5
S3159001C0C09DC001909DC00190E5C001909DC00190D9
S3159001C0D007C101909DC001909DC001909DC00190A6
S3159001C0E0E5C001902046FFF781F8D7E79B79204676
S3159001C0F0052B02D8FFF7A8FAD0E7FFF75BFE20469B
S3159001C100FFF7B2FECAE79B792046012B02D8FFF7CB
S3159001C110E1F8C3E7FFF7F4F8C0E79B792046012BD6
S3159001C120E1D8FFF7CBF9B9E7D87B012470B518268A
S3159001C130074C05464643A05918B1FAF717F900235B
S3159001C140A351182303FB05440023237570BD00BF3B
S3159001C150887C01242DE9F74F00234FF00A0E0546FE
S3159001C16099469B469C4674467746F046CDE9002112
S3159001C1703A4A0A2C18B292F814A01AD1BAF1000FC1
S3159001C1805ED055B129685668B14206D10099002909
S3159001C19049D09168009EB14245D0BAF1010F518ABA
S3159001C1A049D11668002E41D08C4505D88C468646D5
S3159001C1B002E0BAF1000FE4D1013318320A2BD8D13B
S3159001C1C0019B012B46D1092C12DD092F3ADC18234C
S3159001C1D0224A7B43D35833B1214B40F26D12214908
S3159001C1E021480EF02DF8B84644464046FFF79EFF8B
S3159001C1F01A4F182303FB04731B7D33B1184B4FF46D
S3159001C200C2721A4918480EF01BF825B118232A68EC
S3159001C21003FB04735A601823204603FB047700231B
S3159001C2207B82009BBB6003B0BDE8F08F8B45C3D882
S3159001C2308B468046C0E78945BED889460746BBE707
S3159001C2400446B9E7B8F1090FCEDDBEF1090F01DC5D
S3159001C250F046C9E74FF0FF30E5E700BF887C01243F
S3159001C260D142039008430390001A03901F43039011
S3159001C2702DE9F347DDF82CA0884691461E460746E0
S3159001C28030B92D4B40F257422C492D480DF0D8FF2D
S3159001C2904FF420721C210E20FAF7D2F80546002899
S3159001C2A047D043891B2B06D8234B40F2624225493E
S3159001C2B023480DF0C5FF6C68BDF83400F8F7EAFD28
S3159001C2C0E08097F83030062B06D01B4B40F269423E
S3159001C2D01D491B480DF0B4FF33684246294638463E
S3159001C2E0A360B3880026A381DAF80030C4F812302F
S3159001C2F0BAF80430E3820A9B1B68C4F80E300C9B93
S3159001C3001B682670A3610123E67063700823A370EE
S3159001C310062323710423637140F6060300934B466B
S3159001C32001F054FA2846FAF721F8304602B0BDE8F2
S3159001C330F0874FF0FF30F9E7D142039060410390C7
S3159001C340001A0390484303907943039070B50646CB
S3159001C350074D00242B7D2BB1AB68B34202D1204609
S3159001C360FFF7E4FE013418350A2CF3D170BD00BFF6
S3159001C370887C01242DE9F047074686B00C4649B9D9
S3159001C380504B40F28A225049504806B0BDE8F047DA
S3159001C3900DF056BF46683388B3F5807F08D133795F
S3159001C3A0062B05D17379042B02D17388082B05D0FE
S3159001C3B0384606B0BDE8F047F9F7D8BFD6F80E3043
S3159001C3C006F108084D680593B36915B94FF0020A4D
S3159001C3D003E09D425DD10125AA4694F83030062BA3
S3159001C3E006D0384B40F2A912394938480DF028FF4A
S3159001C3F00598002840D0214600F0DDFC81460028B2
S3159001C4003AD1059B03F0F003E02B35D022465146F5
S3159001C41005A8FFF79FFE031E2EDB18202D4A4FF02D
S3159001C420020E00FB03F102EB010C8CF814E04FF0C5
S3159001C4300C0ECCF8084013FB00E3D8F8000003EB90
S3159001C440020ED050B8F80430AEF8043052F801A07C
S3159001C450ACF81290BAF1000F0ED04FF4006342F887
S3159001C4600190204604F12A0200935146434601F079
S3159001C470ADF95046F9F77AFFF388B3F5807F0AD084
S3159001C480B3F5007F18D03846F9F770FF06B0BDE8CE
S3159001C490F08700259AE7002DF5D0022204F12A03B0
S3159001C4A02046039205AA1946CDE90182221D0092E2
S3159001C4B04246FFF7DDFEE6E705A92046FFF79EFB1C
S3159001C4C0E1E700BFD142039060410390001A0390C7
S3159001C4D0D9430390887C01241FB50246012400F1BB
S3159001C4E02A030432CDE902140449009201911946B6
S3159001C4F0034AFFF7BDFE04B010BD00BFF84D03908F
S3159001C500FE4D039038B5124C0025227D6AB1638A9F
S3159001C51001339BB2B3F5967F638203D2012A09D187
S3159001C520042B0CD92846FFF701FE013518340A2D44
S3159001C530EBD138BD032A07D104232375F5E7211DD5
S3159001C540A068FFF7C9FFF0E7042AEED10223F4E7CA
S3159001C550887C01242DE9FF47244F182306468946F6
S3159001C56003FB027314461B7D012B06D8204B40F228
S3159001C570EE22204920480DF063FE182304EB440572
S3159001C58006F12A0A03FB0474ED00237D05F10C08DC
S3159001C590022BB8440BD1638AB3F58E7F13D9291D2B
S3159001C5A030463944FFF798FF08B9032323754FF4B2
S3159001C5B000635246494630460093434601F006F9D8
S3159001C5C004B0BDE8F087B3F5877FF0D30123043536
S3159001C5D04246514603932F44084B304602970193A6
S3159001C5E0331D00935346FFF743FEDDE7887C012414
S3159001C5F0D1420390FD430390001A0390F84D0390A6
S3159001C6002DE9F3478846064601461546D8F80000B7
S3159001C61000F0D1FB00286DD1D8F8003003F0F0027C
S3159001C620E02A67D0002B65D0324601214046FFF7BC
S3159001C63091FD071E03DA78B202B0BDE8F087BBB26E
S3159001C6407E2B06D9354B40F2C132354935480DF02E
S3159001C650F7FDFFB2DFF8D490182303FB07931A7DF9
S3159001C660002A4AD101229E601A7541463046FFF74B
S3159001C67033FF002DE0D0182303FB0792127D012A88
S3159001C6800ED9294A03FB07932946304617704FF472
S3159001C69000620C33009206F12A0201F097F8CBE77B
S3159001C6A0CAD12C461D4EDFF88880DFF878A06289C2
S3159001C6B023899A4208D1236833B1334640F2F13245
S3159001C6C0414650460DF0BCFD237B5B061AD4246887
S3159001C6D0002CECD12846F9F7A5FF182404FB07F3A3
S3159001C6E059F8030008B1F9F741FE7C43002049F857
S3159001C6F00450A1E76FF00F009EE7002DB5D04FF0E3
S3159001C700FF30B8E72A464FF420710E20FAF74EF91A
S3159001C71005460028E1D14FF0FF308DE7D1420390D5
S3159001C7202D440390001A0390847C0124887C012473
S3159001C7303B440390F0B50E4685B01546044630B994
S3159001C740424B40F21E32424942480DF079FD36B9CC
S3159001C7503E4B40F21F3240493E480DF071FD35B9CE
S3159001C7603A4B4FF448723D493A480DF069FD2146DE
S3159001C770286800F020FB002862D12B6803F0F002B4
S3159001C780E02A1CD10123ADF808305E238DF80A30DA
S3159001C7906B7803F07F038DF80B30AB788DF80C3006
S3159001C7A0EB788DF80D3002AB4FF40062314620469E
S3159001C7B0009204F12A0201F009F805B0F0BD626811
S3159001C7C0A1685A400A4209D09BB24FF6A962934298
S3159001C7D004D0E368002B35D004F10C0520491820CC
S3159001C7E0204B0A7800FB0233187D01280DD99868F1
S3159001C7F0A0420AD128685B68984206D13146204604
S3159001C80005B0BDE8F040FFF7A5BE164B0022187D96
S3159001C810012809D99868A04206D12F68586887429D
S3159001C82002D1D2B20A70E9E7013218330A2AEED15F
S3159001C83032462946204605B0BDE8F040FFF7E0BEF6
S3159001C840094BB1E76FF00300B7E700BFD142039000
S3159001C85060410390001A039072280390BA430390A3
S3159001C860847C0124887C0124FE4D0390F0B5044616
S3159001C87087B00F46164624214FF420722220F9F7ED
S3159001C880DFFD0546002839D04389232B06D81C4B5A
S3159001C8904FF4B4721B491C480DF0D2FC606800231A
S3159001C8A06C6800F11C01237104F108026371A37194
S3159001C8B0E37103462770667053F8046B8B4242F816
S3159001C8C0046BF9D1C36805A8059300F0E9F807460A
S3159001C8D088B1002669892046A670E670F8F775FF3B
S3159001C8E00123608005AA314628460297CDE9006367
S3159001C8F0FF2300F04FFA2846F9F738FD07B0F0BD4F
S3159001C900554403908A440390001A03902DE9F0430D
S3159001C910DFF8448185B004460F46D8F8089099F817
S3159001C920005005F00F05AD00132D18D94389032B3F
S3159001C93015D943681B78082B11D1D8F8140000F04B
S3159001C940F003E02B0BD0D8F8001000F034FA30B990
S3159001C9502389072B03D92046F8F73DFF28B12046B6
S3159001C96005B0BDE8F043F9F701BD05F10E06204685
S3159001C9703146F9F7C4FC002857D02389E91889B2C2
S3159001C9808B42ECD84FF420720E20F9F759FD0646EA
S3159001C9900028E4D0428905F108039A4203D2304631
S3159001C9A0F9F7E4FCDBE749462A4640680DF0DCFCE2
S3159001C9B029463046F9F7A6FC30B1224BB6222249D8
S3159001C9C022480DF03DFCEAE721463046F9F78AFE0A
S3159001C9D00028E4D120463446F9F7C8FC294620467A
S3159001C9E06668F9F78CFC0028B9D161684FF6F77241
S3159001C9F0D8F81430CB60D8F810300B61738830704A
S3159001CA00204693424FF000028CBF093308339BB204
S3159001CA107380FF238A720B72CA7201210297CDE944
S3159001CA2000210B4900F0B6F999E731462046F9F70E
S3159001CA3069FC0028D2D0034BC722064903480DF062
S3159001CA40FFFB8CE755440390B6440390001A03907C
S3159001CA5028230124EB440390142301240A4603213D
S3159001CA60FFF704BF0A460B21FFF700BF08B590F800
S3159001CA703130014613F001000AD04B684BB1074A99
S3159001CA805069834207D000F096F9003818BF01200B
S3159001CA9008BD1846FCE70120FAE700BF14230124DC
S3159001CAA0144B0246186830B578B9134B1B685BB1C5
S3159001CAB093F8311001F00501052905D1596819B18D
S3159001CAC012787F2A18BF184630BD90F83110CD07DD
S3159001CAD00DD54C070BD543684BB1146885686340F7
S3159001CAE02B42F1D08B0702D4C3689C42ECD00068EC
S3159001CAF0DAE700BFD87B0124D47B01242DE9F047E6
S3159001CB00D0F8048004460E4698F800904FEA19131F
S3159001CB10042B05D02046F9F729FC0020BDE8F087C3
S3159001CB20B8F8020009F00F09F8F7B4F923894FEA2A
S3159001CB3089090546834203D901462046F9F712FD34
S3159001CB4063894B45E6D32389AB42E3D3B9F1130FFE
S3159001CB50E0D9D8F810304F4D6B6103F0F003D8F857
S3159001CB600C20E02B2A610ED196F83130DB0705D4E3
S3159001CB7098F80930112B6FD0002719E07368002BB4
S3159001CB80F6D0374614E03046FFF770FF002860D1A3
S3159001CB902B7D7F2BECD0404B1F68002FE8D0B742FE
S3159001CBA001D13F68F9E73846FFF760FF0028F8D0D2
S3159001CBB0286948B1314600F0FEF80028AAD12B69C0
S3159001CBC003F0F003E02BA5D0002FA3D0B8F80630E0
S3159001CBD023F0C0033BB1204600F0F0FA044600284A
S3159001CBE09BD0D0F80480C5F8088031462046C5E927
S3159001CBF0007698F8003003F00F039B00AB81F9F7AC
S3159001CC0015FF0128824633D049462046F9F77AFB2B
S3159001CC1098F80930062B33D0112B25D0012B34D01F
S3159001CC20BAF1020F11D03946686900F0C4F860B9BB
S3159001CC306B6903F0F003E02B07D049462046F9F7DC
S3159001CC408DFB02212046FFF709FF2046F9F78EFB5F
S3159001CC500EE0002E95D18BE708EB09035B88B3F5BF
S3159001CC60884F89D13746AFE731462046FDF786FE94
S3159001CC700023C5E90033AB60AB81C5E904334CE7CA
S3159001CC8031462046FBF7C8FEF2E731462046FFF7CC
S3159001CC903DFEEDE714230124D87B01242DE9F347CA
S3159001CCA09846837B04468946012B16460C9F06D0EF
S3159001CCB0324B4FF45572324932480DF0C1FA002E7B
S3159001CCC04ED014212046F9F71AFB20B16FF00100DE
S3159001CCD002B0BDE8F08763896568132B06D8274BA8
S3159001CCE04FF46272284927480DF0AAFA9DF82C3024
S3159001CCF085F808804FF000086B723368DFF890A0D2
S3159001CD002B6145232B709DF828306B702089F8F79D
S3159001CD10C1F885F80680688085F80780BAF8000022
S3159001CD20F8F7B8F8BAF80030A8800133AAF80030BD
S3159001CD30B9F1000F11D1154B1B68EB6085F80A808C
S3159001CD4085F80B803B8D9BB122899A4210D9324648
S3159001CD503946204600F002FCBAE7D9F80030ECE7F4
S3159001CD606389132BB2D9636801AE1B690193E9E715
S3159001CD707B693246214638469847A9E71D45039077
S3159001CD8051450390001A03905D450390F44D03902D
S3159001CD90787D0124F0B4069C9DF810509DF814609E
S3159001CDA01AB109B10F6807B9211D0495CDE905643A
S3159001CDB0F0BCFFF773BF431E0246033312D891F8B6
S3159001CDC0313013F0020010D04B6893420CD0896831
S3159001CDD053400B4208D1CB4322EA0102D31A58425F
S3159001CDE0584170470120704700207047F0B585B0D3
S3159001CDF00C460246037869460420DFF814E18C4616
S3159001CE001EF8035015F0040579D0302B18D15378BC
S3159001CE1003F0DF05582D0DBF9378013208270232B2
S3159001CE2008BF1027013200251EF8036016F0040F83
S3159001CE3008D005FB0733A3F1300513780132F3E7E8
S3159001CE400A27EFE7102F0DD116F0440F0AD006F0FE
S3159001CE5003060A33022E14BF412661269B1B43EA21
S3159001CE600515EAE72E2B05D1013820D0137841F824
S3159001CE70045BC5E713B116F0080018D0A1EB0C01BD
S3159001CE808910481C042833D8DFE800F0110B0313EE
S3159001CE902100B5F1807F32D2009BFF2B2FD845EA36
S3159001CEA003651CB12846F7F7F8FF2060012005B00D
S3159001CEB0F0BDB5F5803F22D2009AFF2A1FD8019B7B
S3159001CEC0FF2B1CD81B0443EA02631D43E9E7FF2DA0
S3159001CED015D80099FF2912D8019BFF2B0FD8029ADA
S3159001CEE0FF2A0CD81B0443EA016343EA0223ECE7C9
S3159001CEF0044BF922044905480DF0A2F9D1E7002027
S3159001CF00D5E700BF8A450390711F0390001A0390DD
S3159001CF10656C04902DE9F74F036800200DF1040C20
S3159001CF200E46044680464FF00A0E01931CF8017B8B
S3159001CF300025BA46B7FBFEF30EFB1379DFB22B46FB
S3159001CF40BAF1090F05F1010509F1300903F1080B51
S3159001CF50EDB2EB440BF8089CEBD8074635460CF836
S3159001CF60018CFF2B00F101000FD197421ADA01349F
S3159001CF702E462E23E4B206F8013B042CD6D100238B
S3159001CF8008462B7003B0BDE8F08F5E1E9742F6B24D
S3159001CF9008DA083307466B4413F8083C05F8013B59
S3159001CFA03346DEE70020EDE710220149FFF7B2BFD5
S3159001CFB07A7D012438B50C4B04460D461A68824297
S3159001CFC007D102681A6021460520BDE83840F8F776
S3159001CFD043BF31B9054B40F24512054905480DF05D
S3159001CFE02FF923682B60EEE78C7D0124C3450390CE
S3159001CFF0FC450390001A039081422DE9F84F0446AF
S3159001D0000E4605D12F4BAB222F4930480DF018F91A
S3159001D01046B13368A34205D02A4BAD222C492B4801
S3159001D0200DF00EF967687B689A8892BB1A6804F1CD
S3159001D0301C01626004F1080252F8040B8A4243F81B
S3159001D040040BF9D101213846FFF70CFD3846F9F763
S3159001D050E1FA05463846F9F789F96768DFF8648099
S3159001D060DFF87890DFF864A0AFB92046194C3146C5
S3159001D070FFF7A0FF2388AB4205D2124BD222164965
S3159001D08012480DF0DDF8238828465B1B2380BDE806
S3159001D090F88F0025E1E77B683846D3F800B0F9F7B9
S3159001D0A0B9FA0544B5F5803F05DB4346CC2249469E
S3159001D0B050460DF0C5F83846ADB25F46F9F756F9C8
S3159001D0C0D2E700BFC345039015460390001A03901B
S3159001D0D0214603908A7D012450460390334603905E
S3159001D0E02DE9F04105460F460026DFF86C80D8F809
S3159001D0F0003073B300242146A4462046D5F80CE0AF
S3159001D1005A69724509D1D5F810E09A69724504D1E8
S3159001D110B3F80CE0AA88964508D00134B0B1C27F25
S3159001D12093F81FE096459CBF614618461A689C463F
S3159001D13052B910B1FFF760FF0644BE4201DA012CE5
S3159001D140D5DC3046BDE8F0811346D7E761461846EF
S3159001D150ECE71C46F1E700BF8C7D012410B504462F
S3159001D16030B9084B40F2CE22074908480DF068F8CD
S3159001D170606908B1F9F7FAF821460620BDE8104032
S3159001D180F8F76ABEC345039072460390001A03905E
S3159001D19038B5094B0024186800B938BDC37F0568B6
S3159001D1A023B1013BC37704462846F5E72146FFF7AD
S3159001D1B023FF2046F7E700BF8C7D01242DE9F74F29
S3159001D1C0456880462B7803F00F03052B40F0A68027
S3159001D1D0E888F7F75FFE07466888F7F75BFE2B78D6
S3159001D1E003F00F03B0EB830F4FEA8302C0F09680F2
S3159001D1F0831AB64C40469BB20193F9F70BFA2388F2
S3159001D200824603440A2B7FDCB14E3468002C40F0F1
S3159001D2108A800520F8F7F2FD044658B9514628460A
S3159001D220FFF75EFF824579DC0520F8F7E7FD0446B6
S3159001D230002873D01C220021201D0DF055F80F23D4
S3159001D24004F1080205F11401E37733683460236031
S3159001D2502B4653F8040B8B4242F8040BF9D1B5F8DF
S3159001D26006B0C7F30C071BF0200B4FEAC7070AD18C
S3159001D270019BFB189BB29F4200F254814FF6EB72D1
S3159001D280934200F24F81D8F804506888F7F702FE6E
S3159001D2902B7803F00F03B0EB830F4FEA8302C0F0B4
S3159001D2A04181801A1FFA80F9E888F7F7F3FDC0F3F8
S3159001D2B00C03D8F804600025DB00357009EB0300F8
S3159001D2C07570B5701FFA80FCF570B3806345F08078
S3159001D2D000F22881D4F804E04FF001097046002845
S3159001D2E04AD1002D00F0E780EA889A4206D9794B17
S3159001D2F04FF4DB72784979480CF0A2FFEA88C5F8B9
S3159001D3000080B3889A424AE001462846FFF7E8FE34
S3159001D31020B1238853440A2B7FF776AF4046F9F71D
S3159001D32025F80027B1E0EB6862699A4207D12B692B
S3159001D330A2699A4203D1A289AB889A4201D0246804
S3159001D34064E7E888F7F7A6FDC0F30C00002886D1BC
S3159001D350E089F7F79FFDC0F30C0000283FF47FAFFB
S3159001D3602B4604F1080205F1140153F8040B8B4284
S3159001D37042F8040BF9D172E7426891888B4280F0AA
S3159001D3808D803060002D00F08480EA889342C0F051
S3159001D390C9808C4500F2C6809342C5F8008001D0C1
S3159001D3A04FF00009BBF1000F04D0A37F13F00103E6
S3159001D3B000F0A680B9F1000F1ED06368002B00F033
S3159001D3C09F8059688B88002B40F09A803368002B98
S3159001D3D040F08E80B14206D13E4B4FF4F0724049F7
S3159001D3E03E480CF02DFF336833B13A4B4FF4F1724E
S3159001D3F03C493A480CF024FF344E338853443380E9
S3159001D400BBF1000F06D1019B1F44A37F43F001039B
S3159001D410A783A377B9F1010F83D1636804F11C0146
S3159001D420A08B5F6804F1080314303D683A4680B2D8
S3159001D43053F804CB8B4242F804CBF9D1F7F72AFD86
S3159001D44000237880BB71FB71BB72FB726768002DFC
S3159001D45059D11F4B1B68A34202D01D46002B5FD1A9
S3159001D46020462946FFF7A6FD3846F9F7D3F83388C3
S3159001D4700446834206D2174B40F29B221A4917481B
S3159001D4800CF0DEFE33881B1B3380384603B0BDE8B3
S3159001D490F08F8C4546D8C4F8048083E742D0D08873
S3159001D4A098423FD825B1E888884218BF4FF00009C5
S3159001D4B01068154613E7BEF1000FECD0054B4FF4FB
S3159001D4C0DF720A4905480CF0BBFEE4E78A7D012428
S3159001D4D08C7D0124C34503907E460390001A0390E8
S3159001D4E0D3460390E0460390024703909C460390EF
S3159001D4F05A68F0889388984202D11368164666E76F
S3159001D5004FF0000978E7D5F8048014212846F8F7FA
S3159001D510F9FE29463846F9F7A1F8D8F8005096E76A
S3159001D5202B6898E76368002B7FF4F8AE074B1B686E
S3159001D530A34206D0064B40F2AB22064906480CF0B0
S3159001D5407FFE00212046FFF735FDE7E68C7D01241D
S3159001D550C34503901D470390001A03902DE9F04FA0
S3159001D5600B8D8DB0054689460992B3F1140248BFD9
S3159001D570A3F10D02C2F3CF030693436803931B787D
S3159001D58003F00F03052B4FEA830709D14389132B28
S3159001D5900BD8604B4FF43F725F4960480CF050FED8
S3159001D5A06FF005000DB0BDE8F08F039B0026D8887B
S3159001D5B0F7F770FCC0F30C032C89059300F4005324
S3159001D5C0143C0893069BA4B2DB009BB207930CB95B
S3159001D5D02046E7E7079B4FF4207214210E20A342C1
S3159001D5E028BF23460493F8F72BFF804610B94FF0D6
S3159001D5F0FF30D7E74389132B06D8464B4FF4497230
S3159001D600474946480CF01CFE039BD8F8042019465E
S3159001D610143153F8040B8B4242F8040BF9D1049B55
S3159001D620D8F804B0002B5FD1059B3744C3F30C00A7
S3159001D630B9F82830BFB2133BA34201DD089B0BB169
S3159001D64040F40050F7F726FC049BABF8060003F173
S3159001D650140080B2F7F71EFC0023099A4146ABF8F5
S3159001D660020048468BF80A308BF80B30D9F8143003
S3159001D67098474046F8F77AFE049BE31A9CB2DDE997
S3159001D680053213449BB20593A1E70620F8F7B6FB42
S3159001D690034618B94046F8F769FEA8E70196314660
S3159001D6A06A680A9000203A4400924122F8F70EFEE9
S3159001D6B00A9B20B919460620F8F7CEFBEAE7CDE991
S3159001D6C00A03AAEB060A2846F8F7ACFF0B9B154A04
S3159001D6D01FFA8AFA0A9940465D611A61F8F7BEFF08
S3159001D6E0BAF1000F13D19FE7DDF810A06B89DE1B0D
S3159001D6F0BB42B6B206D2074B40F22D320A490748D1
S3159001D7000CF09EFD564528BF5646002EBDD12D687C
S3159001D7100027EBE7C34503903D470390001A03901A
S3159001D720584703905DD101907847039043890E2B1A
S3159001D73070B504460D461AD9C37B1BB991F834309E
S3159001D7400133C373606803788689D9070AD5012B9B
S3159001D75011D1437833B983785E2B03D1637B43F040
S3159001D76010036373082E10D0B6F5C16F1DD02046F5
S3159001D770F8F7FCFD17E0062213490CF0F1FD00289D
S3159001D780F0D1637B43F00803EBE795F831301A0744
S3159001D790EDD50E212046F8F7B5FD0028E7D12946AB
S3159001D7A02046FFF7ABF9002070BD95F831301B0785
S3159001D7B0DDD50E212046F8F7A5FD0028D7D12946BB
S3159001D7C02046FEF7D7FDEEE7FE4D03902DE9F04199
S3159001D7D00D460446BDF8180016461F46F7F75AFB44
S3159001D7E00E2180462846F8F78AFDE0B96968A1F8C6
S3159001D7F00C803B680B60BB888B803368C1F8063020
S3159001D800B3884B8194F83030062B06D0084B4FF4F1
S3159001D8109972084908480CF013FDA36929462046D8
S3159001D820BDE8F04118476FF00100BDE8F08100BFF7
S3159001D83087470390BC470390001A03901FB504468F
S3159001D84004230091002168460391CDE90131F2F755
S3159001D8507CFF2060B0FA80F04009404204B010BDD0
S3159001D86010B504460068F2F7E5FF2068BDE8104060
S3159001D870F2F7E7BF0022006808B5F2F778FF0038A3
S3159001D88018BF0120404208BDF0B5174685B006463F
S3159001D8900D46F2F72CFE044677B13A46316801A857
S3159001D8A0F2F78EFF019B102B0DD1029B2B60F2F7A5
S3159001D8B01EFE001B05B0F0BD4FF0FF32316801A886
S3159001D8C0F2F77EFFF1E74FF0FF30F3E71FB50C4615
S3159001D8D00022016801A8F2F773FF019B102B05BF87
S3159001D8E0029B00204FF0FF30236004B010BD00680A
S3159001D8F0003818BF0120704700230360704737B581
S3159001D900002305460C4668460121CDE90033F2F71E
S3159001D910CFFE286038B114B1002003B030BD214646
S3159001D920F2F7E9FEF8E74FF0FF30F6E770B50E46ED
S3159001D9300546F2F7DCFD044646B131462868F2F712
S3159001D940DAFE58B9F2F7D3FD001B70BD4FF0FF31E7
S3159001D9502868F2F7D0FE0028F8D1F3E74FF0FF30B0
S3159001D960F3E70068F2F7EDBE0068F2F7ECBE0068E7
S3159001D970003818BF012070470023036070470000EC
S3159001D98008B50348F2F739FE024B186008BD00BF8F
S3159001D990044E0390907D012413B5002304466846F6
S3159001D9A0CDE90033F2F729FE2060B0FA80F0400904
S3159001D9B0404202B010BD4FF0FF310068F2F724BE2D
S3159001D9C00068F2F747BEF0B589B0144607460E4691
S3159001D9D0122200210DF10E001D460CF085FC0E9BC6
S3159001D9E0214601A8ADF80C300595CDE90176F2F7FF
S3159001D9F085FD09B0F0BD000008B5044B4FF0FF312D
S3159001DA001868F2F701FE012008BD00BF907D012440
S3159001DA10014B1868F2F71EBE907D012410B50320C4
S3159001DA2000F03AFF04F08EFF0F49104A8B69C3F359
S3159001DA300323D35C03F01F03D8408B6903F00F03D4
S3159001DA40D35C0B4A03F01F0320FA03F31360094BCF
S3159001DA5018600F200CF070FC044618B90CF08CFB82
S3159001DA60204610BD0124FBE700440258C04B0390A9
S3159001DA70180A00241C0A0024034A044B11681B78D7
S3159001DA800B441360704700BFE07B0024E40C002434
S3159001DA90014B1868704700BFE07B002438B50446F7
S3159001DAA0FFF7F6FF0546631C1EBF044B1B78E4186F
S3159001DAB0FFF7EEFF431BA342FAD338BDE40C0024D3
S3159001DAC0014B1868000C70470010005C034A1368FC
S3159001DAD023F0020303431360704700BF003C0058D4
S3159001DAE0024A136823F0010313607047003C005803
S3159001DAF0034A536823F4600303435360704700BF9E
S3159001DB0000040058806800F0010070478068C0F3F7
S3159001DB10800070470368414A93422DE9F0410446DB
S3159001DB200E461CD03E4802F540723E49834218BFCC
S3159001DB300A4625699768082D07F01F0722D040F2FB
S3159001DB402122FA40D1070CD5DB6813F0010F18D0CA
S3159001DB50636D012043F020036365BDE8F081324A8D
S3159001DB60E7E72E4A93420AD02D4802F540722D4995
S3159001DB70834218BF0A46936813F4404FE7E72A4A4F
S3159001DB80F9E70425FFF784FF804623681A682A423D
S3159001DB9025D0626D42F400726265DA6812F4406FC4
S3159001DBA00FD1627D6AB91A6816070AD5626D22F499
S3159001DBB080726265626DD00403D4626D42F0010297
S3159001DBC06265174A934204D140F22122FA40D10765
S3159001DBD01BD5DA68082D1BD11D600020BDE7721C8C
S3159001DBE0D4D0FFF755FFA0EB0800B04201D8002E24
S3159001DBF0CBD123681B682B40C7D1626D032084F873
S3159001DC00503042F004026265A7E7044AD268E1E720
S3159001DC105204E2D40C221A60DFE700BF00200240D2
S3159001DC200021024000630258002302400368186CE9
S3159001DC307047806B08B50CF073FB08BD7047836B1A
S3159001DC405A6D12F0500F5A6D10B521D142F40072EF
S3159001DC505A651A681168080716D5D16811F4406F8C
S3159001DC600ED1D26812F4005F0AD15A6D22F48072F5
S3159001DC705A655A6DD10403D45A6D42F001025A6520
S3159001DC8018460CF089FA10BDD26812F0030FEBE733
S3159001DC90D20603D51846FFF7D1FFF4E7DB6CBDE852
S3159001DCA01040DB6C1847806B08B5436D43F0400319
S3159001DCB04365836D43F004038365FFF7BFFF08BD9A
S3159001DCC00023F7B50193054690F85030012B00F0EB
S3159001DCD0EC810124036880F850401846FFF716FF3F
S3159001DCE0002840F080810A68002A4FEA926007DB9B
S3159001DCF0C2F31306002E76D18440DA692243DA61A3
S3159001DD004C6803F1300C1F2700F01F00A60904F0A0
S3159001DD101F0406F00C06A740A0405CF8062022EAF4
S3159001DD200702024318464CF80620FFF7EFFE9A6861
S3159001DD3002F0080202434BD1086803F11407072643
S3159001DD40C40DC0F3045004F0040486403A5922EA03
S3159001DD5006028E68864032433A51A64A486912684D
S3159001DD6002F07042B2F1805FDA6845D1C2F3820265
S3159001DD7052000F6990400C68042F45D003F160065C
S3159001DD8004F0F84456F8272002F000422243024359
S3159001DD9046F82720487E0C69471E56F8242078427B
S3159001DDA022F00042784142EAC07246F824200A7E67
S3159001DDB00C6902F1FF3C186904F01F04DCF10002C2
S3159001DDC020F4F04042EB0C02D202A24002431A61C7
S3159001DDD01846FFF797FE00283DD00020002385F8CE
S3159001DDE0503003B0F0BD92FAA2F2B2FA82F2012457
S3159001DDF002F01F02944080E712F0100FDA68B5D056
S3159001DE00520802F00802B4E71A6EA00602F0F84230
S3159001DE10B2EB846F03D11A6E22F000421A665A6EE3
S3159001DE2002F0F842904203D15A6E22F000425A66AD
S3159001DE309A6E02F0F842904203D19A6E22F0004215
S3159001DE409A66DA6E02F0F8429042C1D1DA6E22F009
S3159001DE500042DA66BCE70C68C868D3F8C020C4F300
S3159001DE60130100F0180622EA01026349F1402140AC
S3159001DE700A43C3F8C020614A904261D1604A9342F5
S3159001DE802CD1604A944200F093805F4A944200F00C
S3159001DE9091805E4A944200F08F805D4A944200F0F0
S3159001DEA08D8002F186621032944200F08980594A3F
S3159001DEB0944202F1042202F5401235D0944232D0B6
S3159001DEC002F1866202F5006294422AD0524A944245
S3159001DED06CD0524A944277D1514A25E0514A9342A5
S3159001DEE072D1484A944263D0474A944262D0474A93
S3159001DEF0944261D0464A944260D002F186621032D1
S3159001DF0094425DD0434A94425CD002F1042202F5D8
S3159001DF104012944202F1866202F5006204D0944264
S3159001DF20D7D1414A00E0414A92FAA2F2B2FA82F27C
S3159001DF30012102F01F0201FA02F2D9690A43DA615C
S3159001DF40002CBFF64AAF2E4A93423FD102F540725A
S3159001DF502B489268FFF7D6FD01463248FFF7D2FD6E
S3159001DF60014340D1324802F0E071844276D11402E5
S3159001DF703FF533AF2F4A93427FF42FAFD2F8083350
S3159001DF8023F0E0730B4343F40003C2F808332A4BA2
S3159001DF902A4A1B68B3FBF2F301335B000193019BA1
S3159001DFA0002B3FF41AAF019B013BF7E7244ABBE7ED
S3159001DFB00122B9E7234AB7E7234AB5E7234AB3E7EC
S3159001DFC0234AB1E7234AAFE70122B6E7154A9342BE
S3159001DFD002D102F50072BBE71F4A16489268FFF715
S3159001DFE091FD0028BED06B6D012043F020036B6537
S3159001DFF0F4E600BF0010005CFFFF0F000000FF4732
S3159001E0000020024002003004040060080800900CD1
S3159001E0101000C0100004002A000021430000844B28
S3159001E0200000B84F00210240002090360010603267
S3159001E030000084CB006002581C0A0024400D0300A6
S3159001E04000005247400020198000501D0001802198
S3159001E0500002B0250008302E00630258144884420D
S3159001E06010D1D0013FF5B9AE124A93427FF4B5AEC5
S3159001E070D2F8083323F0E0730B4343F08073C2F870
S3159001E0800833AAE60C4884427FF4A7AE52023FF5C4
S3159001E090A4AE084A93427FF4A0AED2F8083323F097
S3159001E0A0E0730B4343F48003E9E7022099E600BF4E
S3159001E0B0000052C7006002580000B8CF026870B5E0
S3159001E0C004461046FFF71EFD08B1002070BD916809
S3159001E0D0204B194209D0636D012043F0100363650B
S3159001E0E0A36D43F00103A365F0E7936823F0004322
S3159001E0F023F03F0343F001039360FFF7C9FC2368C4
S3159001E100154A054693420CD002F58072934202D08D
S3159001E110124B9B6803E0124B9B68D906D5D1114EE1
S3159001E12013E00F4BF5E71046FFF7ECFC20B9936827
S3159001E130334043F001039360FFF7AAFC401B02288A
S3159001E14003D923681B68DA07C5D522681368DB07EC
S3159001E150E9D5BAE73F0000800020024000630258EB
S3159001E16000230240C0FFFF7F3A4B70B5044600681A
S3159001E170984255D0384903F54073384A884218BFBA
S3159001E18013469E68FFF7C2FC054600285FD194F8B6
S3159001E1905030012B5BD00123204684F85030FFF795
S3159001E1A08DFF002850D1636D06F01F012A4A23F492
S3159001E1B0706323F0010343F480736365236893428C
S3159001E1C030D189BBA2F58072656D25F480156565A0
S3159001E1D0656D15F4805502D0A56D25F00605A565EA
S3159001E1E01C2593421D604FF0000584F8505005D0D0
S3159001E1F040F2212525FA01F1C90717D5DA6892016E
S3159001E20005D5626D22F4405242F4805262659A6855
S3159001E21022F0004222F03F0242F004029A6070BD61
S3159001E2200F4BAEE71A46CFE70A4AD1E7636D43F43F
S3159001E23080136365D3689B01F1D5636D23F44053D5
S3159001E24043F480536365EAE784F85050E7E7022088
S3159001E250E5E700BF0020024000210240006302581A
S3159001E260002302402DE9F0413B4B044600680E46DF
S3159001E2701746984266D0394903F54073384A884221
S3159001E28018BF13469B68FFF741FC0546002861D1EC
S3159001E29094F85020012A5DD003F01F0840F2212303
S3159001E2A0012023FA08F384F8500003404FD020460A
S3159001E2B0FFF704FF002847D1606D216820F4706054
S3159001E2C0264B20F00100994240F48070606502D19E
S3159001E2D0B8F1000F03D1636D23F480136365636D09
S3159001E2E013F4805302D0A36D23F00603A365403146
S3159001E2F0E06C1C4BE26AC3631B4B03641B4BC36408
S3159001E3001C2341F8403C002384F8503051F83C3CA2
S3159001E31043F0100341F83C3C51F8343C23F003039D
S3159001E3201343324641F8343C3B4601F011F92268D9
S3159001E330936823F0004323F03F0343F00403936073
S3159001E340BDE8F0810A4B9DE784F85050F8E784F8D0
S3159001E3505030F5E70220F3E7002002400021024009
S3159001E360006302583FDC019033DC0190A7DC0190F9
S3159001E37000230240026838B5044610469368FFF7B9
S3159001E380C1FB08B9002038BD9907FBD4936803F007
S3159001E3900D03012B19D1936823F0004323F03F031A
S3159001E3A043F00203936003231360FFF771FB054665
S3159001E3B023689B68DB07E5D5FFF76AFB401B0228BC
S3159001E3C0F6D923689B68DA07F2D5636D012043F08D
S3159001E3D010036365A36D43F00103A365D3E70000C2
S3159001E3E038B5434A05460368934203D002F58072D5
S3159001E3F0934225D13F4B9B6813F4403F14BF0123B1
S3159001E4000023FBB94FF40020002105F0B5FC6B68A1
S3159001E4100446B3F5101F4AD03FD8B3F5E01F44D058
S3159001E42036D8B3F5801F08D02CD8B3F5002F04D079
S3159001E43023F40022B2F5802F16D19B0C5B000FE0DE
S3159001E4402D4BD8E704F046FC6B680446B3F5003FC4
S3159001E45005D0B3F5403F06D0B3F5803F04D11B0CF0
S3159001E460B4FBF3F400E08408FFF72AFB41F20303BF
S3159001E47098422B6823D8214A94429A681BD942F430
S3159001E48080721AE0B3F5A01FD7D0B3F5C01FD3E7BA
S3159001E490B3F5001FE8D14409E6E7B3F5201F08D08C
S3159001E4A0B3F5301FE0D1040ADEE70409DCE78409FD
S3159001E4B0DAE7C409D8E722F480729A6038BD104A27
S3159001E4C0944203D89A6822F44072F6E70D4A944230
S3159001E4D003D89A6822F44072D1E70B4A94429A681B
S3159001E4E096BF22F4407242F4407242F40072E4E71D
S3159001E4F0002002400023024000630258002D3101A2
S3159001E50021BCBE0041787D0181F0FA02002373B5EA
S3159001E51004460193002800F0ED80456D25B90BF076
S3159001E5203BFFA56584F8505023689A68900005D5FD
S3159001E5309A6822F0204222F03F029A609A68D100AE
S3159001E54040F19E809A68D20000F1B080626D0125FB
S3159001E55042F010026265A26D42F00102A265184670
S3159001E560FFF7D4FA626D02F01002024340F0BE80CA
S3159001E570626D184622F4817242F002026265FFF7DB
S3159001E580C1FA88B95C4A934204D002F580729342EB
S3159001E59040F08E805848FFF7B5FA03465748FFF783
S3159001E5A0B1FA034300F09280FFF78AFA41F203032E
S3159001E5B0A2689842217F607D236B40F28980102A60
S3159001E5C040F086800A0442EA4032134343F01C032A
S3159001E5D0012902BF226A02F1FF3243EA4243626A8B
S3159001E5E022B102F47872A16A0A431343226844491C
S3159001E5F0D068014010461943D160FFF787FA9368B6
S3159001E60003F00803034327D1D368217D23F4804384
S3159001E61023F0030343EA8133E16A0B43D36094F811
S3159001E6203830012B5AD1E36B1069591ED4E9103653
S3159001E630334343EA0143A16C0B43324901400B43F7
S3159001E64043F00103136120461369616B23F0704314
S3159001E6500B431361FFF7C4FEE3682268012B41D196
S3159001E660116BA36921F00F01013B0B431363636D9A
S3159001E67023F0030343F001036365284602B070BD9E
S3159001E6809A68214922F0104222F03F0242F08052CC
S3159001E6909A601E4A1268B2FBF1F201320192019A16
S3159001E6A0002A3FF44FAF019A013AF7E7002556E762
S3159001E6B01748FFF727FA00287FF476AF154A936833
S3159001E6C0616823F47C130B4393606DE7124AF6E776
S3159001E6D0134343EA403343EA014379E7136923F04D
S3159001E6E00103AFE7136B23F00F03BFE7636D43F0AD
S3159001E6F0100363650125C0E7002002400021024016
S3159001E70003C0F0FF1EF800FC400D03001C0A002414
S3159001E710006002580063025800230240806800F0AE
S3159001E720010070478068C0F380007047002373B57D
S3159001E7300193044690F850300D461646012B3ED073
S3159001E740012380F85030FFF715FE636D002833D111
S3159001E75023F48853226806F0804605F4803523F029
S3159001E760020343F002036365164B91680B403343F2
S3159001E7702B4343F0004393609368002B12DA019B7D
S3159001E780013301930199104B9942F5D3636D0120A1
S3159001E79023F0120343F010036365002384F850308D
S3159001E7A002B070BD636D23F0030343F0010363650B
S3159001E7B0002384F85030F3E743F01003F7E7022083
S3159001E7C0EEE700BFC0FFFE3F00F8C32570B590F895
S3159001E7D050209AB00346012A55D001222B4C80F83D
S3159001E7E0502000201D681690A54217900ED12848FA
S3159001E7F0FFF798FF04462846FFF794FF20430ED073
S3159001E800596D104641F02001596524E0596D83F800
S3159001E8105000104641F0200159651AB070BD0C6840
S3159001E8201C4AE4B190684E6820F4404030439060B1
S3159001E8302846FFF773FF05461548FFF76FFF054317
S3159001E84008D1896890680C4320F4716121F00F0119
S3159001E8500C4394600020002283F85020DDE79168F4
S3159001E860284621F440419160FFF758FF0146084838
S3159001E870FFF754FF0143EDD1916821F4716121F0C5
S3159001E8800F019160E6E70220C7E700BF0020024032
S3159001E890002102400023024007490302CA6803F49B
S3159001E8A0E06322F4E0621204120C134343F0BF6357
S3159001E8B043F40033CB60704700ED00E0164B30B562
S3159001E8C0DC68C4F30224C4F10703251D042B28BF79
S3159001E8D00423062D4FF0FF358CBF033C002405FA27
S3159001E8E003F3002805FA04F521EA030322EA050257
S3159001E8F003FA04F343EA02034FEA0313DBB206DB9E
S3159001E90000F1604000F5614080F8003330BD00F0C1
S3159001E9100F00024A1354F9E700ED00E014ED00E010
S3159001E920002807DB0123410900F01F00024A8340BA
S3159001E93042F82130704700BF00E100E000280CDB6F
S3159001E9404309012200F01F0004492033824041F817
S3159001E9502320BFF34F8FBFF36F8F704700E100E025
S3159001E960BFF35F8F044B5A6A22F480325A620022B7
S3159001E970C3F89420704700BF00ED00E0064B40F0CD
S3159001E9800100C3F894005A6A42F480325A62BFF386
S3159001E9904F8FBFF36F8F704700ED00E04378144AB5
S3159001E9A0C2F89830D2F8A03023F00103C2F8A03013
S3159001E9B04368C2F89C30C37A017B1B0643EA017314
S3159001E9C001780B43817A43EAC143417B43EA814310
S3159001E9D0817B43EA4143C17B43EA0143417A43EA5E
S3159001E9E00123017A43EA4103C2F8A030704700BF80
S3159001E9F000ED00E0F0B522F003060B469708056896
S3159001EA000E44B3420AD112F0030204D0012A11F83E
S3159001EA10274014D12C7003681868F0BD5C780433D4
S3159001EA2013F804CC240444EA0C6413F801CC44EAA8
S3159001EA300C0413F802CC44EA0C242C60E1E75978D3
S3159001EA40022A41EA04212980E5D09B782B70E2E7DE
S3159001EA50F0B50068550800238E1C9D4206D1D30758
S3159001EA6002D531F8253003800068F0BD31F8237066
S3159001EA7036F82340013344EA07440460EDE7000089
S3159001EA8010B5044608B9012010BD437F03F0FF027B
S3159001EA9013B902770BF07CFB022363772379E3B9F1
S3159001EAA02368134A5A619A6822F018029A60627929
S3159001EAB02368D2B94FF0FF321A6100209A686169D2
S3159001EAC022F060020A43A1699A609A6822F0800254
S3159001EAD00A439A6001236377D6E7D4E90212204666
S3159001EAE000F04CF80028E2D0CDE72269E4E700BFB8
S3159001EAF0B71DC10470B5022604464677066A022EF2
S3159001EB0015D0032E05D0012E0ED000200123637758
S3159001EB1070BD01EB82050368A94201D11868F5E73A
S3159001EB2051F8042B1A60F7E7FFF764FFEEE7FFF75A
S3159001EB308FFFEBE7F8B50226044646770668B76875
S3159001EB4047F00107B760076A022F14D0032F05D04B
S3159001EB50012F0DD0002001236377F8BD01EB8205CB
S3159001EB60A94201D13068F6E751F8043B3360F7E7E3
S3159001EB70FFF740FFEFE7FFF76BFFECE7CB0710B529
S3159001EB800DD51F23013B1DD321FA03F4E407F9D5D3
S3159001EB90102A13D0102A04D83AB1082A10D001208D
S3159001EBA00BE0182AFBD1062BF9D8006841618368DE
S3159001EBB023F0180313438360002010BD072BF3E75E
S3159001EBC00F2BF1E7102AE5D1E9E710B5044668B1B4
S3159001EBD0037903F0FF0213B942710BF0FDFA022398
S3159001EBE00020237101232061237110BD0120FCE7D0
S3159001EBF0034670B528B342790220012A16D01A68C5
S3159001EC0001F01005012418711668AC403443146064
S3159001EC1069B9116801F03E01814203D1516841F011
S3159001EC2001015160012200201A71587170BD11685D
S3159001EC30A84001F478118142F4D1516841F0020162
S3159001EC40EFE70120F2E713B50024019470B1006853
S3159001EC50019041B9019908310A4400200192019A23
S3159001EC60136002B010BD01991431F5E70120F8E760
S3159001EC7010B5846B20460BF0A7FA0123237110BDC2
S3159001EC80806B08B50BF010FB08BD704710B5846B0F
S3159001EC902369204643F004032361FFF7F6FF01231E
S3159001ECA0237110BD2DE9F0410D4616460446002804
S3159001ECB000F09880002900F09580427902200B6837
S3159001ECC0012A79D00122042B2071627123D1FEF79A
S3159001ECD0DFFE0746002E7AD1DFF80C8123685A6B46
S3159001ECE012EA080F57D1AA691A64226806F0100130
S3159001ECF040F2FF30936C884023EA0003E86988402C
S3159001ED000343FF2093648840D36C23EA0003286A67
S3159001ED1088400343D364296906F0100223680129C8
S3159001ED2008D11F21986B914020EA010069699140B1
S3159001ED30014399630721DE6B914026EA0106D5E9E5
S3159001ED40021001284AD002284AD0B1FA81F040092E
S3159001ED502F68394301434FF48040914090403143AD
S3159001ED60D963196821EA0001196040F6FE711868A5
S3159001ED70914020EA0100696891400143C0201960E1
S3159001ED8000FA02F21968002021EA02021A600123B0
S3159001ED906071237110E0FEF77BFEC01B01289DD99F
S3159001EDA023685B6B13EA080F98D02369032043F01D
S3159001EDB00803236103232371BDE8F081FEF768FE02
S3159001EDC0C01B012803D923685B6B002BEDDB2368FD
S3159001EDD05A6B002AF2DBAA695A6486E70020B7E7E4
S3159001EDE00120B5E70120E7E700800020F0B5DFF8C4
S3159001EDF044C10468876D644545D04C4DAC4242D0C0
S3159001EE001835AC423FD01835AC423CD01835AC429F
S3159001EE1039D01835AC4236D01835AC4233D0183586
S3159001EE20AC4230D005F55675AC422CD01835AC4273
S3159001EE3029D01835AC4226D01835AC4223D0183596
S3159001EE40AC4220D01835AC421DD01835AC421AD000
S3159001EE501835AC4217D0364DAC4214D01435AC426D
S3159001EE6011D01435AC420ED01435AC420BD01435BA
S3159001EE70AC4208D01435AC4205D01435AC4202D020
S3159001EE801435AC4248D1D0E919566E60C56E15B1AC
S3159001EE90D0E91C566E606445C56D86682DD02348B1
S3159001EEA084422AD01830844227D01830844224D004
S3159001EEB01830844221D0183084421ED018308442B2
S3159001EEC01BD01830844218D000F55670844214D065
S3159001EED01830844211D0183084420ED018308442B2
S3159001EEE00BD01830844208D01830844205D018309F
S3159001EEF0844202D0183084420FD13F2005F01F057D
S3159001EF0000FA05F5BD60206820F480202060402E2F
S3159001EF10636008D1A260E160F0BD05F01F05012094
S3159001EF20A8407860F3E7A160E260F5E72800024027
S3159001EF3008540258100002400368024623498B4246
S3159001EF4010B531D018318B422ED018318B422BD03F
S3159001EF5018318B4228D018318B4225D018318B42EB
S3159001EF6022D018318B421FD018318B421CD001F51B
S3159001EF7056718B4218D018318B4215D018318B426D
S3159001EF8012D018318B420FD018318B420CD01831D8
S3159001EF908B4209D018318B4206D018318B4203D05F
S3159001EFA023F0FF00906510BDDCB218210848103C93
S3159001EFB0B4FBF1F101F007015F2C415C23F47F7002
S3159001EFC020F00300D16588BF0430EBE710000240C2
S3159001EFD0044C039002682049D3B28A4228D0143156
S3159001EFE08A4225D014318A4222D014318A421FD0C6
S3159001EFF014318A421CD014318A4219D014318A4272
S3159001F00016D014318A4213D01821103BB3FBF1F379
S3159001F01012491144A8291CD903F18052012103F008
S3159001F0201F0302F5024201FA03F30D4992000CE027
S3159001F0301422083B0121B3FBF2F303F1B05201FA1A
S3159001F04003F3084902F5164292008366C0E9182136
S3159001F05070470833E0E700BF08540258F0FBFDBF44
S3159001F06080080240805802580279511E072910B52E
S3159001F07021D80368134CA3421ED01434A3421BD04B
S3159001F0801434A34218D01434A34215D01434A34295
S3159001F09012D01434A3420FD01434A3420CD014349A
S3159001F0A0A34209D0084B1344084A9B00C0E91B327E
S3159001F0B001238B40436710BD054B1344054A9B00C2
S3159001F0C0F4E700BF085402583F82001040090240FD
S3159001F0D03F96001640590258F8B50446FEF7D8FCFB
S3159001F0E00646002C00F0A98023686F4DAB4264D090
S3159001F0F06E4A934261D0183293425ED0183293424F
S3159001F1005BD01832934258D01832934255D0183268
S3159001F110934252D0183293424FD002F5567293428F
S3159001F1204BD01832934248D01832934245D0183278
S3159001F130934242D0183293423FD0183293423CD0F8
S3159001F1401832934239D01832934236D0584A934264
S3159001F15040F02F81022284F83520002284F8342051
S3159001F160A2681868402A6FF3101000F04081A2F14E
S3159001F17080014A424A419203D4E9031631436669B2
S3159001F1803143A6693143E6693143266A40EA16104E
S3159001F19040EAD10120460A431A60464A1A4414238A
S3159001F1A0B2FBF3F29200E265FFF7C6FEE36D03F060
S3159001F1B01F0201239340436092E0022284F8352096
S3159001F1C0002284F834201A6822F001021A6022681B
S3159001F1D01368DB0727D413683748A1691840D4E927
S3159001F1E0023633432669334366693343E6690B43F3
S3159001F1F03343266A3343666A042E43EA000302BF09
S3159001F200D4E90B07384303432C4800686FF30F008A
S3159001F210B0F1005F1BD360682E2810D8282816D924
S3159001F22043F4801313E0FEF733FC801B0528CED9F7
S3159001F23020236365032384F835300120F8BD3F38D8
S3159001F240132804D81E4F27FA00F0C707E8D4136095
S3159001F250042E536923F0070343EA060336D1A06AC5
S3159001F260E66A034396B339B9012815D030F0020105
S3159001F2702CD1F0012AD512E0B1F5005F22D10328F5
S3159001F28024D801A151F820F09FF2019073F20190D8
S3159001F2909FF2019099F20190B6F1C07F16D1402369
S3159001F2A063650123C7E700BF1000024028000240B2
S3159001F2B008540258F8ABFDA73F8010FE0010005C81
S3159001F2C00F030F000228EAD90328D2D053612046B2
S3159001F2D0FFF732FEE36D03F01F023F2393408360F5
S3159001F2E02368AB4245D0454A934242D01832934265
S3159001F2F03FD0183293423CD01832934239D01832CB
S3159001F300934236D01832934233D01832934230D04A
S3159001F31002F5567293422CD01832934229D0183264
S3159001F320934226D01832934223D01832934220D05A
S3159001F330183293421DD0183293421AD01832934202
S3159001F34017D02F4A934214D01432934211D01432CB
S3159001F35093420ED0143293420BD01432934208D07A
S3159001F3601432934205D01432934202D0143293420E
S3159001F37019D120460025FFF72DFEA368226E802B1A
S3159001F38004BF002363606368D9B2013B1160072B08
S3159001F390D4E9192151602CD8FFF766FEE36E1D6002
S3159001F3A0D4E91C325A6000200123606584F8353017
S3159001F3B044E7144A93423FF4CDAE143293423FF45C
S3159001F3C0C9AE143293423FF4C5AE143293423FF420
S3159001F3D0C1AE143293423FF4BDAE143293423FF420
S3159001F3E0B9AE143293423FF4B5AE402321E71022D1
S3159001F3F0C2E6C4E91B556567D5E700BF2800024000
S3159001F400085402581C54025810B5044608B90120F4
S3159001F41010BD03684C4A93422DD0183293422AD09C
S3159001F4201832934227D01832934224D018329342FD
S3159001F43021D0183293421ED0183293421BD01832E3
S3159001F440934218D002F55672934214D018329342D1
S3159001F45011D0183293420ED0183293420BD01832F3
S3159001F460934208D01832934205D01832934202D073
S3159001F470183293423BD11A68204622F001021A6053
S3159001F48000221A605A609A60DA601A6121225A61E2
S3159001F490FFF752FDE36D03F01F023F239340836014
S3159001F4A02046FFF797FD236E23B100221A60D4E917
S3159001F4B019325A606368013B072B08D82046FFF73B
S3159001F4C0D3FDE36E00221A60D4E91C325A60002003
S3159001F4D06065606784F8350084F83400C4E91B00E0
S3159001F4E0C4E90F00C4E91100C4E9130090E71A6852
S3159001F4F022F001021A60154A934215D014329342B2
S3159001F50012D0143293420FD0143293420CD014324B
S3159001F510934209D01432934206D01432934203D0C7
S3159001F520143293427FF473AF002220461A605A60D8
S3159001F5309A60DA601A61FFF7FFFCE36D03F01F0230
S3159001F540012393404360ABE71000024008540258F0
S3159001F55070B50546002800F0DA8090F8340001284D
S3159001F56000F0D780012085F8340095F83500012800
S3159001F5704FF0000040F0C6800224674E85F8354072
S3159001F5802C686865B4421ED0644884421BD01830FA
S3159001F590844218D01830844215D01830844212D043
S3159001F5A0183084420FD0183084420CD018308442DF
S3159001F5B009D000F55670844205D01830844202D0A5
S3159001F5C018308442FFD0206820F001002060284640
S3159001F5D0FFF70CFCB4422A6C53D0504B9C4250D04E
S3159001F5E018339C424DD018339C424AD018339C42D2
S3159001F5F047D018339C4244D018339C4241D018339B
S3159001F6009C423ED003F556739C423AD018339C42A5
S3159001F61037D018339C4234D018339C4231D01833AA
S3159001F6209C422ED018339C422BD018339C4228D022
S3159001F63018339C4225D0236823F00E0343F00A0326
S3159001F6402360002A54D1364B9C4225D0354B9C429F
S3159001F65022D014339C421FD014339C421CD01433B5
S3159001F6609C4219D014339C4216D014339C4213D029
S3159001F67014339C4210D02368002043F00103236089
S3159001F68070BD236823F01E0343F0160323601AB15D
S3159001F690236843F0080323602B6E1A68D2032CD497
S3159001F6A0EB6E1BB11A6842F480721A60B442E2D0D2
S3159001F6B01A4B9C42DFD018339C42DCD018339C42C3
S3159001F6C0D9D018339C42D6D018339C42D3D0183314
S3159001F6D09C42D0D018339C42CDD003F556739C42B0
S3159001F6E0C9D018339C42C6D018339C42C3D0C2E7C6
S3159001F6F0236843F004032360A5E71A6842F48072F5
S3159001F7001A60CDE74FF4006385F834006B650120EC
S3159001F710B6E70220B4E700BF10000240280002407D
S3159001F720085402581C540258F8B50546FEF7B0F92C
S3159001F730074645B195F83530022B06D080236B6587
S3159001F740002385F834300120F8BD2C687C4EB442F4
S3159001F7505BD07C4B9C4258D018339C4255D0183381
S3159001F7609C4252D018339C424FD018339C424CD075
S3159001F77018339C4249D018339C4246D003F55673B0
S3159001F7809C4242D018339C423FD018339C423CD085
S3159001F79018339C4239D018339C4236D018339C4248
S3159001F7A033D018339C4230D018339C422DD02368E5
S3159001F7B023F00E032360644B9C422FD12A6EB442F0
S3159001F7C0136823F4807313603DD05E4B9C423AD00C
S3159001F7D018339C4237D018339C4234D018339C420C
S3159001F7E031D018339C422ED018339C422BD01833EB
S3159001F7F09C4228D003F556739C4224D018339C42E0
S3159001F80021D018339C421ED01DE0236823F01E039D
S3159001F8102360636923F080036361CFE74B4B9C427E
S3159001F820CCD014339C42C9D014339C42C6D01433E5
S3159001F8309C42C3D014339C42C0D014339C42BDD059
S3159001F84014339C42BAD0236823F0010323602368C2
S3159001F850DB0747D42B68EA6DB342A86D02F01F020D
S3159001F8604BD038498B4248D018318B4245D018310C
S3159001F8708B4242D018318B423FD018318B423CD0CB
S3159001F88018318B4239D018318B4236D001F55671E9
S3159001F8908B4232D018318B422FD018318B422CD0DB
S3159001F8A018318B4229D018318B4226D018318B4290
S3159001F8B023D018318B4220D018318B421DD0012193
S3159001F8C001FA02F24260204A93421AD1D5E91932DD
S3159001F8D05A60EB6E5BBB0123002085F8353085F8C5
S3159001F8E0340031E7FEF7D4F8C01B0528AFD92023A1
S3159001F8F06B65032385F8353022E73F239340836078
S3159001F900E4E7124A9342E1D014329342DED01432A4
S3159001F9109342DBD014329342D8D014329342D5D04D
S3159001F92014329342D2D014329342D4D1CEE71A688C
S3159001F93022F480721A60D5E91C325A60CBE700BF77
S3159001F9401000024028000240085402581C540258E4
S3159001F95008B528B190F83530022B03D08023436542
S3159001F96001205DE003683F4A934251D01832934299
S3159001F9704ED0183293424BD01832934248D0183217
S3159001F980934245D01832934242D0183293423FD097
S3159001F990183293423CD002F55672934238D01832BF
S3159001F9A0934235D01832934232D0183293422FD0A7
S3159001F9B0183293422CD01832934229D0183293425E
S3159001F9C026D01832934223D01A6822F00E021A607A
S3159001F9D01A6822F001021A60234A934221D1026EDB
S3159001F9E0136823F480731360D0E9161303F01F0292
S3159001F9F0012393404B60D0E919325A60C36E2BB301
S3159001FA001A6822F480721A60D0E91C325A601DE09D
S3159001FA10042280F835201A6822F001021A6000202B
S3159001FA2008BD124A9342DAD014329342D7D0143297
S3159001FA309342D4D014329342D1D014329342CED041
S3159001FA4014329342CBD014329342C8D0012380F81A
S3159001FA503530002380F83430036D002BDFD0984782
S3159001FA60DDE700BF10000240085402581C540258AA
S3159001FA7000232DE9F34101930446844B844F1E687C
S3159001FA800368856DBB42D5F80080D5F800C047D094
S3159001FA90804A934244D01832934241D018329342CD
S3159001FAA03ED0183293423BD01832934238D0183216
S3159001FAB0934235D01832934232D002F55672934220
S3159001FAC02ED0183293422BD01832934228D0183226
S3159001FAD0934225D01832934222D0183293421FD0A6
S3159001FAE0183293421CD01832934219D06A4A9342E3
S3159001FAF040F03681E16D04201A6801F01F018840BB
S3159001FB0010EA0C0F00F05381560740F15081110411
S3159001FB10686040F14481D30300F14781A36CA0E072
S3159001FB20E26D082102F01F02914011EA080F0BD0F5
S3159001FB301868400708D5186820F004001860A96075
S3159001FB40616D41F00101616528FA02F1C80709D595
S3159001FB505969090606D501219140A960616D41F067
S3159001FB60020161650421914011EA080F07D01868D6
S3159001FB70800704D5A960616D41F00401616510218A
S3159001FB8001FA02F212EA080F0FD0196809070CD58B
S3159001FB90AA601A6850036CD51B68190301D4236CAB
S3159001FBA000E0A36C0BB120469847E26D202102F04C
S3159001FBB01F02914011EA080F7AD02368BB422DD0DB
S3159001FBC0344883422AD01830834227D01830834252
S3159001FBD024D01830834221D0183083421ED0183059
S3159001FBE083421BD01830834218D000F55670834259
S3159001FBF014D01830834211D0183083420ED0183069
S3159001FC0083420BD01830834208D01830834205D0F6
S3159001FC101830834202D01830834232D1186810F0DE
S3159001FC20100F45D0A96094F83510042936D119687A
S3159001FC3021F016011960596921F080015961216CF1
S3159001FC4009B9A16C19B1196821F0080119603F230E
S3159001FC509340AB60012384F83530002384F8343027
S3159001FC60236D002B00F09880204602B0BDE8F0414C
S3159001FC7018471A68D20592D41A6822F008021A60B7
S3159001FC808DE7186810F0020FCBE700BF1C0A00241D
S3159001FC901000024028000240085402581A68500386
S3159001FCA043D51B6819034DD4636C0BB12046984715
S3159001FCB0636D002B70D0636DDA074FD5042384F8FA
S3159001FCC035302368BB421ED04F4A93421BD018321F
S3159001FCD0934218D01832934215D01832934212D0CB
S3159001FCE0183293420FD0183293420CD01832934265
S3159001FCF009D002F55672934205D01832934202D03A
S3159001FD0018329342FFD01A6822F001021A604FF41A
S3159001FD101652B6FBF2F6019A0132B242019213D90A
S3159001FD201B68DB0714D4012313E01A6812F480725E
S3159001FD3008D1196821F010011960012384F8342043
S3159001FD4084F83530E36BB0E71A68D707E3D4E7E771
S3159001FD50032384F83530002384F83430E36C80E74C
S3159001FD602A4A93423FF4C6AE143293423FF4C2AE4E
S3159001FD70143293423FF4BEAE143293423FF4BAAE7C
S3159001FD80143293423FF4B6AE143293423FF4B2AE7C
S3159001FD90143293423FF4AEAE02B0BDE8F0819706BD
S3159001FDA003D41A6822F004021A60236C59E70220E0
S3159001FDB0884010EA0C0F16D0960714D56860100487
S3159001FDC003D5D1030DD4636C4BE712F0200208D111
S3159001FDD0196821F00A011960012384F8342084F806
S3159001FDE03530E36B3DE70820884010EA0C0FD3D0FD
S3159001FDF01207D1D51A6822F00E021A60012303FA6E
S3159001FE0001F169606365A4E7280002401C54025819
S3159001FE1090F835007047406D704710B502680C68D0
S3159001FE208B68106823434C6920F07F4023438C698B
S3159001FE3020F47B0023434C6A20F4FE402343CC6A92
S3159001FE4020F07C0023430343087943EAC063087B8F
S3159001FE5043EAC053487B43EA8053887B43EA405345
S3159001FE60C87B43EA0053887C43EA0043087F43EA10
S3159001FE700033487F43EAC023C87F43EA402391F881
S3159001FE80280043EA0013087CB0FA80F0400943EA5F
S3159001FE90C043487CB0FA80F0400943EA4043887FEA
S3159001FEA0B0FA80F0400943EA802391F82000B0FA35
S3159001FEB080F0400943EA0023C86B1360536823F02E
S3159001FEC07C5323F4EF2323F4FF6323F0070343EAE0
S3159001FED04063486B034391F8380043EA006391F815
S3159001FEE0300043EA804391F8310043EA404391F868
S3159001FEF03200B0FA80F0400943EA00435360D36878
S3159001FF00486C23F4877323F00103034391F840006F
S3159001FF1043EA0023886CD360136F23F0F2031B042A
S3159001FF201B0C43EA0043086D034391F8540043EADE
S3159001FF30400391F84C00B0FA80F0400943EAC013AF
S3159001FF401367D2F8900091F8563020F003000343DE
S3159001FF5091F8550043EA4003886DC2F89030D2F883
S3159001FF60003D23F072030343C86DC2F8003DD2F8F9
S3159001FF70303D23F07B03034391F8610043EA00137C
S3159001FF8091F8620091F8601043EAC003B1FA81F1E9
S3159001FF90490943EA8113C2F8303D10BD03680868E8
S3159001FFA003F580531A6822F4F04222F002020243CA
S3159001FFB010B51A600A7B58680C79D20320F4504028
S3159001FFC042EA04328C6820F00100224302435A60CF
S3159001FFD00A6A487BD3F8004142EA00421048204021
S3159001FFE00243C3F800214A7F087D1203D3F80441E6
S3159001FFF042EA0012086902430A4820400243C3F8C4
S315900200000421D3F808010C7F8A6920F0004142EA64
S31590020010C47221F47C110A43C3F8082110BD00BFB3
S3159002002000C0FEFFEFEFC0FF2DE9F74F846A019201
S3159002003000EB84068D68B369DA68002A60DBF26A9F
S31590020040002A5DD1D1F8008018F0040F2CD0DF6819
S3159002005018F0080F4A6A6FF30F0742EA0702076819
S31590020060DA60DA6842F48032DA603A6E42F48012EA
S315900200703A6619D09A681FFA82FECA6A4EEA024214
S315900200809A60DA6842F40032DA60DA6822F4402E34
S315900200900A6B4EEA0202DA607A6E42F480127A664D
S315900200A03A6D42F080623A6518F0100F09D09F6857
S315900200B08A696FF30D073A439A60DA6842F0806272
S315900200C0DA6018F014081FD0DA6842F08042DA60DB
S315900200D0BFF35F8F671CDA68032F42F0004288BF36
S315900200E0E71EDA6000EB87039B69DA68002A80F2E2
S315900200F08880B269BFF35F8FD36823F00043D360E1
S31590020100022003B0BDE8F08F27462A68DFF840E266
S315900201101A609A6822F47F5C6A682CF03F0C4CEA6B
S3159002012002029A60AA68002A6ED015685D609D6880
S3159002013005EA0E0C55684CEA05459D60D1F800C05B
S31590020140DD681CF0100F66D025F4F00E0D6A4EEAAB
S31590020150C545DD60DD684FEA954ECD694FEA8E4E14
S315900201604EEA0505DD60DD6845F48025DD601CF00C
S31590020170040F06D09D6825F4404C8D6A4CEA05051D
S315900201809D60DD6845F00055DD60DD6825F08045AF
S31590020190DD60BFF35F8FDD6845F00045DD600D6879
S315900201A0AD0706D5DD6825F0607CCD684CEA05057D
S315900201B0DD600025DFF898E1DFF89891D2F808A083
S315900201C0BAF1000F43D1019A002A00F0BC809A68D6
S315900201D042F000429A60DA6842F08052DA6000EBAE
S315900201E08703C26BDA628762EFF31082012383F38D
S315900201F01088036C01332B44036482F31088002029
S315900202007FE74FF0010880E75A609A6802EA0E0289
S315900202109A602A4692E725F4FF4E4D681CF0010F2C
S315900202202EF07F0E4EEA0505DD6006D0DD6825F4D8
S31590020230403E4D694EEA0505DD601CF0200F96D0D2
S31590020240DD6825F0406E0D694EEA05058EE707F1E9
S31590020250010CDA68BCF1030F22F0805288BFA7F135
S31590020260030CDA6000EB8C07BB69DA6822F0005265
S31590020270DA60DA68002A17DA08F1010200212A44C4
S31590020280B56991423FF43CAFBFF35F8FEB680131A2
S3159002029023F00043EB60631C032B88BFE31E00EB45
S315900202A08304A5691C46ECE7FA6A002AE4D1DAF8D7
S315900202B000201A609F68DAF804206FF30D0717433F
S315900202C0DAF808209F602AB317685F609F6807EA8A
S315900202D00E0A57684AEA07479F60D1F800B0DF686E
S315900202E01BF0100F1DD007EA090ACF694AEA0707E1
S315900202F0DF60DF6847F48027DF600135BFF35F8FE9
S31590020300DF6847F00047DF60DF6827F08047DF60ED
S31590020310674653E75A609A6802EA0E029A60524614
S31590020320DBE727F4FF4A4F681BF0010F2AF07F0A9A
S315900203304AEA0707DF60E0D0DF6827F4403A4F6960
S315900203404AEA0707D8E79A6822F0004242E700BFD6
S31590020350FFFF00C00000FCFF2DE9F7430023856EE6
S315900203600446C76E019305F112034FF001484FF010
S31590020370414950F8236037B13369E3B901A8F0F7E0
S315900203805FF8019BABB9E36EBB420FD0BFF35F8FB1
S31590020390E91C23682269182001F0030103F58053B2
S315900203A000FB0122C3F82821C4E91A5703B0BDE81D
S315900203B0F08333613360A36D63B1C6F80C906B1C06
S315900203C0013F032B88BFEB1E03F112021D4654F820
S315900203D02260D0E7C6F80C80F1E7D0F88430102B73
S315900203E04FF0010310B5044637D1202283650423CA
S315900203F0C0F88420C366FFF7AFFF2268002002F59B
S315900204008053D3F8041141F00101C3F80411D3F8D3
S31590020410081141F00101C3F80811D3F8601141F4B3
S315900204208171C3F86011D2F8001D41F00101C2F842
S31590020430001D116841F002011160116841F001013D
S315900204401160D3F8342142F4504242F0C102C3F80B
S3159002045034214023C4F8843010BD1846FCE7D0F806
S3159002046084200346402A10B538D12022C0F8842031
S3159002047050F8442B02F58051D1F8344124F450447B
S3159002048024F0C104C1F83441D1F8044124F00104A6
S31590020490C1F80441D1F8084124F00104C1F8084199
S315900204A003F15404116821F001011160D2F8001D84
S315900204B041F00101C2F8001D116821F0020111609C
S315900204C050F8041FCA68A04222F08042CA60F7D14F
S315900204D0002010229865C3F8842010BD0120FCE705
S315900204E010B5044639B9D0F8883043F00103C4F800
S315900204F08830012010BDD0F88420402AF9D14B6B68
S315900205000122C363FFF790FD20B1D4F8883043F0FF
S315900205100203ECE7BFF34F8FA26A0020531C032B12
S3159002052088BFD31E2268A362063354F8231002F5BD
S315900205308053C3F82011DDE72DE9F04F044685B0CC
S315900205408A4649B9D0F8883043F00103C0F888301A
S31590020550012005B0BDE8F08FD0F88430402BF7D15A
S31590020560D0F85C904FF0000800F1800109F1120377
S315900205704646C34650F823507C3050F8103CC3F19F
S3159002058004030193EB68002B05DB019B9E4202D08C
S31590020590B8F1000F11D0E36E1E44E66616B12046FE
S315900205A0FFF7DAFEC4F85C90B8F1000FD0D0E36F93
S315900205B00020CAF80030E067CBE7EB685B0003D512
S315900205C06B68A3672B686367EB689F0001D4E36F40
S315900205D003B3EB68EF689A00C7F30E0748BFC4E906
S315900205E018BB636EFF1AEB68DB0003D5EB684FF01E
S315900205F001082367BBB22A69CDE90201EFF742FFF0
S31590020600236E01332366636EDDE902013B44636622
S31590020610C5F810B009F101030136032B88BFA9F181
S31590020620030303F11202994654F82250AAE72DE9E0
S31590020630F047054601274FF018094FF0000AD0E916
S31590020640106406B117B90020BDE8F08705EB84085F
S31590020650013ED8F82C0028B9631C032B00D9E31E5F
S315900206601C46EEE7EB6809FB0433DB68002B0ADBDA
S31590020670EFF736FF631CC8F82CA0032B88BFE31E46
S31590020680C5E91063ECE723460027E9E77047704710
S31590020690704703684FF0B0422DE9F041D3F8B0703D
S315900206A003F580530446D3F86051D3F83481D2F8D7
S315900206B0A8606A0608D518F0400F05D048F24002A5
S315900206C0C3F86021EFF752FDEB070CD518F0010F36
S315900206D009D0236848F20102204603F58053C3F8F5
S315900206E06021EFF749FD680424D518F4804F21D094
S315900206F0D4F8883015F4805F43F00803C4F8883044
S31590020700236803F58053D3F8602155D022F46F62A3
S3159002071022F00D02D204D20CC4F88C20D3F83421E4
S3159002072022F44042C3F83421E023C4F884302046B0
S31590020730EFF728FD17F4C04F13D0D4F8883020462F
S3159002074043F01003C4F888302368D3F8B830C4F85D
S315900207509030E023C4F88430EFF714FD0023C4F8F8
S315900207609030F9060CD523682046D3F8C03003F0B2
S315900207706003C4F89430FFF789FF0023C4F89430DD
S31590020780BA060CD523682046D3F8D03003F00F036F
S31590020790C4F89830FFF77BFF0023C4F898307302B1
S315900207A008D54FF0B0434FF480022046C3F8A820F4
S315900207B0FFF76EFFBDE8F08102F4CD42C4F88C20BB
S315900207C04FF4CD42C3F86021B1E770B51E46036877
S315900207D00546D3F80002C00701D5012070BDD3F8B3
S315900207E0004224F0787444EA415121F4F81141EA26
S315900207F0024242F00D02C3F80022FDF749F904467F
S315900208002A68D2F8000210F0010004D1D2F804321C
S315900208109BB23360E2E7FDF73BF9001BB0F57A7FB6
S31590020820EED9DAE7002900F0C180036800201A6841
S3159002083002F00C02CA621A68C2F3001281F82820EA
S315900208401A6802F060024A621A6882F48072C2F3EF
S31590020850002281F820201A68C2F34022CA771A68C9
S3159002086082F48062C2F380228A771A68C2F3C02227
S315900208704A771A68C2F300320A771A6802F400526B
S315900208808A611A6802F480424A611A68C2F3004287
S315900208908A741A6882F40032C2F340424A741A6821
S315900208A082F40022C2F3C0420A741A68C2F300525A
S315900208B0CA731A68C2F340528A731A68C2F3805294
S315900208C04A731A68C2F3C0520A731A6802F0E06257
S315900208D08A601A68C2F3C0620A711A6802F0E0422C
S315900208E00A605A68C2F30D024A635A6882F48032E9
S315900208F0C2F3004281F832205A68C2F3404281F82C
S3159002090031205A68C2F3804281F830205A68C2F385
S31590020910006281F838205A68C2F34462CA63DA6880
S31590020920C2F3002281F84020DA6802F00F024A648C
S315900209301A6FC2F3400281F854201A6F82F0800235
S31590020940C2F3C01281F84C201A6F02F070020A6547
S315900209501A6F120C8A64D3F8902002F0010281F881
S315900209605620D3F89020C2F3400281F85520D3F84E
S31590020970002D02F072028A65D3F8302D02F023021E
S31590020980CA65D3F8302DC2F3C00281F86220D3F83B
S31590020990302DC2F3001281F86120D3F8303D83F0F6
S315900209A04003C3F3801381F860307047012070478B
S315900209B008B539B1D0F88430102B03D1FFF72DFA50
S315900209C0002008BD0120FCE738B503680546D3F838
S315900209D0004202F07FF9114B24F47064984205D8D4
S315900209E044F400742B68C3F8004238BD0C4B98420D
S315900209F002D244F44074F5E70A4B9842F2D90A4B74
S31590020A00984202D844F48074ECE7084B984294BF1B
S31590020A1044F4806444F4A064E4E700BFBF0E160277
S31590020A2000879303FFE0F5057FD1F0087FB2E60ECB
S31590020A30F0B50446A5B0002800F0AF80D0F8843017
S31590020A4023B92023C0F88430EFF768FC814BD3F8A2
S31590020A50F42042F00202C3F8F420D3F8F430207A5C
S31590020A6003F002030193019B002840F08680FDF774
S31590020A703FF8794B5B68236803F580531A6842F016
S31590020A8001021A60FDF704F80646236803F58053BF
S31590020A901D6815F0010573D120460127FFF794FFD3
S31590020AA002F018F96D4B4FF48041266814958DF833
S31590020AB030708DF854508DF864501A951D958DF8B6
S31590020AC06C508DF84C70ADF88C708DF88E501F95D9
S31590020AD0ADF880508DF882501695ADF85C508DF831
S31590020AE05E700D958DF83E501C958DF87870B0FB22
S31590020AF0F3F04FF4C363013818934FF04053C6F89E
S31590020B00DC0002200B934FF40053CDE910134FF4FF
S31590020B1080330BA912932023CDE92103504B204613
S31590020B200E9340F20113ADF83C30FFF776F94FF48D
S31590020B30001302A920468DF80C70069308934FF481
S31590020B40067302950A930497ADF814508DF81C50CB
S31590020B50ADF82450FFF722FA06F580536069D3F870
S31590020B60002110F0030122F4E01242F40022C3F8AD
S31590020B70002115D0C4F888700CE04FF4000076E797
S31590020B80FCF786FF801BB0F5FA7F7FF67EAF0423D3
S31590020B90C4F88830E023C4F88430012025B0F0BD33
S31590020BA0D3F8082104F114056FF34E0242EA40028B
S31590020BB0E068C3F8082100F16007024611605160AF
S31590020BC09160D16045F8042F1832BA42F6D1A162EB
S31590020BD0032221690025C3F82C2101F16007C3F88D
S31590020BE014010A46C3F8200104F1440015605560C9
S31590020BF09560D560C2E9045540F8042F1832BA427E
S31590020C00F4D10322A5650020C4E91755C4E91A5503
S31590020C10C3F83021C3F81C114831C3F82811636810
S31590020C209A88C6F800231B68C6F804330D4BD6F88B
S31590020C300C271343C6F80C37D6F8103743F04263A5
S31590020C4043F44043C6F810371023C4F88850C4F8CA
S31590020C508430A3E7004402580004005840420F0033
S31590020C60000001016000020CD0F888007047D0F8AD
S31590020C708C0070472DE9F74F0023DFF8C4914FF0AF
S31590020C80B0440A6832FA03F502D103B0BDE8F08F98
S31590020C90012505FA03F818EA020200F0BB804E68B5
S31590020CA003274FEA430E06F0030507FA0EFC6F1E62
S31590020CB06FEA0C0C012F34D8876807EA0C0ACF68C2
S31590020CC007FA0EF747EA0A078760476827EA08088D
S31590020CD0C6F300179F4047EA08074760C768022D88
S31590020CE007EA0C088F6807FA0EF747EA0807C76003
S31590020CF019D14FEAD30803F0070A4FF00F0B00EB16
S31590020D0088084FEA8A0AD8F820700BFA0AFB27EA73
S31590020D100B0B0F6907FA0AF747EA0B07C8F8207018
S31590020D2001E0032DDAD1076805FA0EF516F4403F75
S31590020D3007EA0C0745EA070505606BD0D9F8F45027
S31590020D4023F0030703F0030C4FF00F0E45F0020554
S31590020D5007F1B0474FEA8C0CC9F8F45007F5806753
S31590020D60D9F8F4500EFA0CFE05F002050195019D94
S31590020D70BD6825EA0E0E314DA8424DD005F5806527
S31590020D80A8424BD005F58065A84249D005F5806505
S31590020D90A84247D005F58065A84245D005F58065FD
S31590020DA0A84243D005F58065A84241D005F58065F5
S31590020DB0A8423FD005F58065A8423DD005F58065ED
S31590020DC0A84214BF0A25092505FA0CF516F4801FC8
S31590020DD045EA0E05BD606FEA020725680CBF3D40E5
S31590020DE0154316F4001F256065680CBF3D401543F8
S31590020DF016F4003F6560D4F884500CBF3D4015430D
S31590020E00F603C4F88450D4F8805054BF3D4015433D
S31590020E10C4F88050013334E70025D5E70125D3E79E
S31590020E200225D1E70325CFE70425CDE70525CBE7B4
S31590020E300625C9E70725C7E70825C5E70000025832
S31590020E40004402582DE9F04F00224FF0010A4FF06C
S31590020E500F084FF0030B4FF0B04431FA02F301D171
S31590020E60BDE8F08F0AFA02FC1CEA010670D022F065
S31590020E70030502F0030705F1B045BF00D5F8083423
S31590020E8008FA07F905F5806509EA030E3A4B984286
S31590020E9060D003F5806398425ED003F580639842F2
S31590020EA05CD003F5806398425AD003F580639842EA
S31590020EB058D003F58063984256D003F580639842E2
S31590020EC054D003F58063984252D003F580639842DA
S31590020ED050D003F58063984214BF0A230923BB407E
S31590020EE0734517D1D4F8803023EA0603C4F88030CC
S31590020EF0D4F8843023EA0603C4F88430636823EA7C
S31590020F0006036360236823EA06032360AB6823EA39
S31590020F100903AB6053000568D6080BFA03F300EB9E
S31590020F2086061D43056002F00705376AAD0008FA8A
S31590020F3005F527EA05073762C56825EA0305C56000
S31590020F40456825EA0C054560856825EA03038360B2
S31590020F50013282E70023C2E70123C0E70223BEE7FC
S31590020F600323BCE70423BAE70523B8E70623B6E7CB
S31590020F700723B4E70823B2E700000258036919422F
S31590020F8014BF0120002070470AB18161704709049D
S31590020F90FBE703689A69910701D500229A629A69DA
S31590020FA0D20703D49A6942F001029A61704700000F
S31590020FB030B5039DC1F3090104682B43606843EA87
S31590020FC00243054A0B4342EA555223F0004320EA74
S31590020FD002000343636030BDFF63FF03204B426B05
S31590020FE09A4201F0010370B50DB201F002041FD0CE
S31590020FF01C4EB2421CD01C4EB24219D0002DC3F1E7
S315900210000003B4BFB822002203F0F20313430CB1DB
S3159002101043F0F403102902D143F0900303E0202910
S3159002102001D143F0200301680A6813430B6070BD37
S31590021030002DC3F10003B4BFB822002203F0F203DD
S3159002104013430CB143F0F4031029E5D0202902D1C1
S3159002105043F06003E7E7402908BF43F04003E2E725
S31590021060191B0290A51F0290F119029011F001032B
S3159002107007D090F8413003F02803282B14BFF223AF
S3159002108042238A0709D590F8412002F02802282A9D
S315900210900CBF43F0440343F0F4030A04016848BFCB
S315900210A043F0B8030A6822EA03030B6070470368A9
S315900210B02DE9F0419C6905460F46164614F0100438
S315900210C06FD000241022A046DA612B689A699006A6
S315900210D061D4B8F1000F35D044F0040401202E6893
S315900210E0B369D90505D54FF4807244F00104012005
S315900210F0F2615A0505D54FF4806244F00804012046
S31590021100F2619B054FD54FF4007344F00204F361EC
S315900211102846FFF73EFF7368012023F0FF7323F4FE
S315900211208B3323F4FF7323F0010373606B6C2343B9
S315900211306B64202385F84130002385F8423085F888
S31590021140403032E07A1CC1D0FCF7A2FC801BB84238
S3159002115001D8002FB9D12B68596895F84220986921
S31590021160D2B200040AD5490408D4202A06D05A6875
S3159002117042F480425A60FCF78BFC06462B689B69C8
S315900211809B06A2D4FCF784FC801B1928F6D920244E
S315900211904FF0010899E7B8F1000F9DD12022DA614C
S315900211A09AE720469BE70028B2D1BDE8F0812DE967
S315900211B0F041DDF8188004460F4616461D46236810
S315900211C09B6937EA03030CBF01230023B34201D084
S315900211D0002025E0424629462046FFF768FFF0B9EF
S315900211E06B1CECD0FCF754FCA0EB0800A84201D88B
S315900211F0002DE4D123689B6937EA03030CBF0123D0
S315900212000023B342DBD1636C43F020036364202353
S3159002121084F84130002384F8423084F8403001202B
S31590021220BDE8F08110B5044600284ED090F84130C2
S3159002123003F0FF021BB980F8402009F01DF8242321
S3159002124084F8413023681A6822F001021A606268B3
S3159002125022F070621A619A6822F400429A60D4E986
S315900212600221012906D142F400429A605A6822F478
S31590021270006207E042F4044202299A60F6D15A6863
S3159002128042F400625A6000205A6842F0007242F4B8
S3159002129000425A60DA6822F40042DA60D4E9042104
S315900212A00A43A16942EA0122DA60D4E907210A4394
S315900212B01A601A6842F001021A602023606484F868
S315900212C04130206384F8420010BD0120FCE7000003
S315900212D02DE9F34104461F460E46BDF8240094F8C4
S315900212E041300899202B75D101B138B94FF400736A
S315900212F063640125284602B0BDE8F0812568AB6992
S3159002130013F4004366D194F840C0BCF1010F61D04A
S315900213104FF0010C616284F840C04FF0210C84F8C2
S3159002132041C04FF0400C84F842C063642A4B6085FA
S31590021330E3622A4BE6646363638D9BB2FF2B2BD8E1
S31590021340638D9BB2012FD0B2238527D14FF0FF3206
S31590021350A8622265A06B28B3214A4FF00008C263A7
S31590021360204AC0F84080C26405F12802C0F8508035
S31590021370FEF7EEF8054608BB1B4B31462046FAB2FD
S3159002138000934FF08073FFF713FE0121204684F8F5
S315900213904050FFF723FEADE7FF23D3E7120AAA6276
S315900213A02065D7E7202384F8400084F8413084F8FA
S315900213B04200636C43F0800363649AE7202384F8C7
S315900213C0408084F8413084F84280636C43F0100385
S315900213D063648EE702258DE70000FFFFF119029004
S315900213E0011D02901D1C0290002000802DE9F34100
S315900213F004461F4610460E4694F84130089A202B12
S31590021400BDF8245073D102B13DB94FF400736364B1
S315900214100125284602B0BDE8F08121688B6913F454
S31590021420004364D194F840C0BCF1010F5FD04FF0F5
S31590021430010C626284F840C04FF0220C84F841C0DD
S315900214404FF0400C84F842C063642A4B6585E36290
S31590021450294BE6646363638D9BB2FF2B29D8638D18
S315900214609BB2012FC5B2238525D14FF0FF308D62F5
S315900214702065E06B18B3214D4FF000082431C56307
S315900214801F4DC0F84080C564C0F85080FEF760F8E2
S31590021490054600BB1B4B3146FAB2009303462046E3
S315900214A0FFF786FD0121204684F84050FFF796FD0E
S315900214B0AFE7FF23D5E7000A88622565D9E720239F
S315900214C084F8400084F8413084F84200636C43F01B
S315900214D0800363649CE7202384F8408084F841303B
S315900214E084F84280636C43F01003636490E70225AC
S315900214F08FE700BF0000FFFFF1190290551D029081
S315900215001D1C0290002000802DE9FF471D460023F6
S3159002151004461746039390F84130202B79D10368FD
S315900215209B6913F4004374D190F84020012A70D03D
S31590021530C1F30906012246F0007880F84020242261
S3159002154048F4205880F841204364E3682268012BCE
S315900215500ABF46F00073434643F400535360FCF7C8
S3159002156097FA8146226893699269C3F34013C2F34C
S31590021570001213431DD023689A6912F0100A38D1CB
S315900215802B46524620212046CDF80090FFF70FFEBB
S3159002159028B3636C042B04D123682022DA61C4F841
S315900215A044A0039B01330393039B039BBB42CCD37F
S315900215B009E06B1CD6D0FCF76BFAA0EB0900A842A7
S315900215C001D8002DCED12023012084F84130636CBE
S315900215D043F020036364002384F8403006E020231E
S315900215E02268D36184F8413084F8400004B0BDE8A3
S315900215F0F087102220212046DA612B460022CDF870
S315900216000090FFF7D4FD0028CBD123682022DA611F
S31590021610C7E70220EAE70268436B9169126803B151
S31590021620184770477047704738B5002580F8425082
S3159002163090F84130212B4FF0200380F841300AD1A7
S315900216401123012145630363FFF710FD80F8405093
S31590021650FFF7E8FF38BD1223022145630363FFF7C4
S3159002166005FD80F84050FFF7DEFFF3E770477047BD
S3159002167008B5036800211A6880F84210510415D5FE
S315900216801A6822F480421A6090F84130292B13D1BD
S315900216902823012180F8413021230363FFF7E6FCDA
S315900216A0002380F84030FFF7E1FF08BD1204EBD526
S315900216B01A6822F40042E6E790F841302A2BF4D1D8
S315900216C02823022180F8413022230363FFF7CEFCC0
S315900216D0002380F84030FFF7CAFFE6E7704790F89C
S315900216E0412002F02802282AF8B5036835D19E696E
S315900216F0C2689D69C6F30046022A99684FEA154563
S31590021700DF6805F0FE051FD185EAD115C1F30902FE
S3159002171015F006050ED1816C01318164816C022926
S3159002172007D108218564D96180F840503146FFF788
S31590021730D5FFF8BD4FF40041FFF798FC002307F060
S31590021740FE0280F84030F1E74FF40041FFF78EFC3D
S3159002175000232A4680F84030E8E70822DA6100231F
S3159002176080F84030E5E7704708B5164B2022C362F1
S3159002177000230363436380F8412080F842304B078D
S3159002178012D503685A6A436A1A70436A01334362EE
S31590021790038D4BB1013B0385438D013B9BB2438540
S315900217A0436C43F00403436448F20301FFF75EFC83
S315900217B003681022DA61002380F84030FFF7D3FFE6
S315900217C008BD00BF0000FFFF7047704790F84120A8
S315900217D0602A4FF0000208B508D1202180F84020F7
S315900217E080F841100263FFF7F0FF08BD026380F8AC
S315900217F04020FFF7E9FFF8E770B5002290F84130F4
S315900218003C4D044680F84220283BC5624285022B15
S31590021810426C42EA010242642AD80321FFF726FC6F
S31590021820282380F84130344BA06B6363236B0028E6
S3159002183041D0112B01D0212B3DD123681A68510436
S3159002184003D51A6822F480421A60FEF7E1FA01285B
S315900218502CD02A4BA06B0365002384F84030FEF708
S3159002186077F8002845D0A06B036DBDE87040184705
S3159002187048F20301FFF7FAFBFFF78BFB90F8413032
S31590021880602B11D0202380F8413003689A6995061F
S315900218900AD59A69D00605D51022DA61626C42F0B1
S315900218A0040262642022DA610023BDE72046BDE885
S315900218B07040FFF78BBFE06B0028F7D0122B01D058
S315900218C0222BF3D123681A68120403D51A6822F4DC
S315900218D000421A60FEF79CFA0128E7D0074BE06BAC
S315900218E00365002384F84030FEF732F808B1E06BC6
S315900218F0BAE770BD0000FFFF412102905322029089
S3159002190073B52023056804460E46EB6190F8413084
S31590021910212B36D10121FFF7A9FB112323636B6893
S31590021920F20623F0FF7323F48B3323F4FF7323F031
S3159002193001036B604FF000036363A3F58033E362A8
S3159002194005D51023EB61636C43F00403636494F84A
S315900219504130602B05D1730703D56B6ADBB20193D5
S31590021960019B2046FFF715FB636C94F84120602A91
S3159002197000D07BB1616C204602B0BDE87040FFF7A3
S315900219803BBF90F84130222BC9D10221FFF76EFB63
S315900219901223C3E794F84120212A12D1202284F8F7
S315900219A0403084F84120236394F8422084F84230F0
S315900219B0402A03D108F080FC02B070BDFFF732FED8
S315900219C0FAE794F84120222AF6D1202284F8403070
S315900219D084F84120236394F8422084F84230402AC6
S315900219E002D108F0E1FBE7E7FFF71DFEE4E700000E
S315900219F013B590F840300446012B00F086800123FF
S31590021A0080F84030CB0612D5D30610D50368102243
S31590021A102021DA61436C43F004034364FFF7DEFA54
S31590021A20FFF7B7FA002084F8400002B010BD88078D
S31590021A3008D5930706D52368226D9A624FF0FF3335
S31590021A402365EFE7080636D5530634D5012120469D
S31590021A50FFF70CFB1021FFF7C1FA638D9BB233B3EC
S31590021A60638D9BB2FF2B18D9FF22E16C002322854E
S31590021A7000934FF0807389B2FFF79AFA638D228DA5
S31590021A809B1A9BB2638594F841202368222A1A688E
S31590021A9030D142F400421A60C4E7628D0023E16CB1
S31590021AA092B222850093D2B24FF00073E3E74021BF
S31590021AB0FFF7A2FEB6E748061FD553061DD50121AC
S31590021AC02046FFF7D3FA1021FFF788FA94F84110CF
S31590021AD00F4A104B222918BF1346628D92B2FF2AE3
S31590021AE003D9FF22E16C2285C2E7628DE16C92B244
S31590021AF02285D7E742F48042CDE7880692D59306AF
S31590021B0090D52046FFF7FCFE8CE702208DE700BFBA
S31590021B10002000800024008073B590F8403004467F
S31590021B20012B79D0012380F84030CB0612D5D60608
S31590021B3010D5036810222021DA61436C43F0040326
S31590021B404364FFF74BFAFFF724FA002084F840002B
S31590021B5002B070BD0D0642D5500640D525682B6859
S31590021B6023F040032B60638D9BB263B36968638DE8
S31590021B70C1F309019BB2FF2B1AD9FF2323854FF09C
S31590021B8080730022268D2046009294F82820FFF733
S31590021B900FFA638D9B1B9BB2638594F84130222B7F
S31590021BA02B680CBF43F4004343F480432B60CCE78D
S31590021BB0638D2385E36A13F5803F01D0E36AE0E7FC
S31590021BC04FF00073DDE76B689A0103D42046FFF766
S31590021BD02BFDBAE740212046FFF70EFEB5E74B06EE
S31590021BE012D5560610D5638D9BB2002BF2D123687F
S31590021BF05A689501A9D4E26A12F5803FE6D15A68ED
S31590021C0042F480425A60A0E788069ED593069CD5F8
S31590021C102046FFF775FE98E7022099E738B5856B5F
S31590021C20AC6B54B32368354A934221D0183293420F
S31590021C301ED0183293421BD01832934218D01832C3
S31590021C40934215D01832934212D0183293420FD043
S31590021C50183293420CD002F55672934208D018323B
S31590021C60934205D01832934202D018329342FFD053
S31590021C705B68B3FA83F35B091C46EB6B63B31B6831
S31590021C801E4A934221D0183293421ED01832934262
S31590021C901BD01832934218D01832934215D018326C
S31590021CA0934212D0183293420FD0183293420CD0EC
S31590021CB002F55672934208D01832934205D01832E2
S31590021CC0934202D018329342FFD05B68B3FA83F301
S31590021CD05B09002B18BF0124FEF79DF802280BD052
S31590021CE054B12A6828461021536843F4004353603E
S31590021CF0BDE83840FFF780BD38BD00BF10000240F6
S31590021D0010B5846B2268136823F480431360638D45
S31590021D109BB22BB920212046BDE81040FFF75EB951
S31590021D20238D616A1944638D9BB26162FF2B0DD834
S31590021D30638D9BB22832A06B2385FDF709FC38B1DF
S31590021D4020461021BDE81040FFF756BDFF23F1E76C
S31590021D504021E0E710B5846B21680B6823F40043B9
S31590021D600B60638D9BB22BB920212046BDE81040B3
S31590021D70FFF734B9238D626A1A44638D9BB262620D
S31590021D80FF2B0DD8638D9BB22431E06B2385FDF733
S31590021D90DFFB38B120461021BDE81040FFF72CBD7D
S31590021DA0FF23F1E74021E0E72DE9F0410568202283
S31590021DB004460E46D5F80080C76A90F84130EA612B
S31590021DC0213B092B0CD8DFE803F0058D0B0B0B0B8F
S31590021DD00B93058D48F20101FFF748F921232363FE
S31590021DE06B68204643F400436B606B6823F0FF7385
S31590021DF023F48B3323F4FF7323F001036B60FFF715
S31590021E00C8F818F4804F79D02B6823F480432B605E
S31590021E10A36B2BB31B68614A93421ED0183293422E
S31590021E201BD01832934218D01832934215D01832DA
S31590021E30934212D0183293420FD0183293420CD05A
S31590021E401832934209D002F55672934205D018324F
S31590021E50934202D018329342FFD05B689BB263855D
S31590021E6072070FD5636A26F004066A6A1A70636A65
S31590021E7001336362238D2BB1013B2385638D013B35
S31590021E809BB26385638D9BB21BB1636C43F0040373
S31590021E906364F30611D518F0100F0ED0638D9BB2C2
S31590021EA0002B45D194F84130282B30D1B7F1007FE1
S31590021EB02DD131462046FFF757FC002384F8423055
S31590021EC0656C6363002D42D0616C2046FFF794FCEB
S31590021ED094F84130282B4CD131462046BDE8F0414A
S31590021EE0FFF742BC48F20201FFF7C0F8222376E7D9
S31590021EF048F20301FFF7BAF8002370E718F4004F8F
S31590021F00AED02B6823F400432B60E36B81E794F801
S31590021F1041202368292A4FF01002DA61CDD117F5B4
S31590021F20803FCAD02046FFF734F8FFF7A1FBC4E7FB
S31590021F3023681022DA61636C43F00403636437F01A
S31590021F408073BAD1616C2046FFF756FCB5E7E36A17
S31590021F5013F5803F0FD02046FFF78AFB104B2046A1
S31590021F6084F84050E362202384F841302563FFF7DA
S31590021F70FAFBBDE8F08194F84130204684F840504F
S31590021F80222B4FF0200384F84130256302D1FFF7CC
S31590021F906EFBEEE7FFF76AFBEBE700BF100002402D
S31590021FA00000FFFF70B590F8403004460D46C66AB1
S31590021FB0012B00F0C080012380F840308B0607D5B4
S31590021FC0930605D5FFF7F0FE002084F8400070BD19
S31590021FD0EB0640F1A680D00640F1A380C2F3803191
S31590021FE002F4004251EA020300F09780E36B3BB39E
S31590021FF03AB31B68514A93421ED0183293421BD071
S315900220001832934218D01832934215D0183293420E
S3159002201012D0183293420FD0183293420CD0183203
S31590022020934209D002F55672934205D018329342E2
S3159002203002D018329342FFD05B68B3FA83F35B09FE
S315900220401A46A36B43B339B31B683C498B421ED0E5
S3159002205018318B421BD018318B4218D018318B42D3
S3159002206015D018318B4212D018318B420FD01831BD
S315900220708B420CD018318B4209D001F556718B42A6
S3159002208005D018318B4202D018318B42FFD05B6853
S31590022090B3FA83F35B090BB9012A1DD194F8413047
S315900220A0282B07D1B6F1007F04D129462046FFF7A7
S315900220B05BFB89E794F841202368292A4FF01002A6
S315900220C0DA6181D116F5803F3FF47EAF2046FEF766
S315900220D060FFFFF7CDFA77E723681022DA6136F0D0
S315900220E08072636C43F00403636494F84130DBB20C
S315900220F07FF46AAF213B092B08D8DFE803F0050C81
S31590022100070707070707050C21232363616C2046FF
S31590022110FFF772FB58E72223F7E723681022DA616A
S3159002212052E729077FF550AF13077FF54DAF20464B
S31590022130FFF7D5FA48E7022049E700BF10000240B0
S3159002214070B590F8406004460B46C56A012E7ED063
S31590022150012680F840608E0607D5960605D5FFF7CC
S3159002216023FE002084F8400070BDD90630D5D606ED
S315900221702ED5628D92B2E2B994F84120282A07D1DF
S31590022180B5F1007F04D119462046FFF7EDFAE8E74C
S3159002219094F841202368292A4FF01002DA61E0D19F
S315900221A015F5803FDDD02046FEF7F3FEFFF760FA85
S315900221B0D7E723681022DA61636C43F00403636401
S315900221C035F08073CDD1616C2046FFF715FBC8E7D9
S315900221D058071BD5510719D5638D9BB26BB12368EE
S315900221E05A6A636A1A70636A01336362238D013B8A
S315900221F02385638D013B9BB26385638D9BB2002BD6
S31590022200AFD115F5803FACD02046CFE71E0705D556
S31590022210100703D52046FFF762FAA2E79907A0D5E1
S3159002222093079ED5638D9BB26BB1636A226813F84E
S31590022230011B91626362638D013B9BB26385238D21
S31590022240013B23858DE735F080738AD1DCE7022046
S315900222508AE7806B836B0BB100221A65C36B0BB155
S3159002226000221A65FFF7B2BA10B590F841200346DC
S31590022270202AD4B21CD190F84020012A18D02422C8
S3159002228080F841200268106820F001001060106802
S3159002229020F480501060106801430020116011688C
S315900222A041F00101116083F8414083F8400010BD6E
S315900222B00220FCE710B590F841200346202AD4B2BA
S315900222C01BD190F84020012A17D0242280F8412071
S315900222D00268106820F001001060106820F47060A7
S315900222E040EA012100201160116841F0010111605C
S315900222F083F8414083F8400010BD0220FCE70000BD
S31590022300024A136843F48073136070470048025878
S3159002231038B5104CE36813F0040FE36805D103F067
S315900223200703181A18BF012038BD23F00703184374
S31590022330E060FBF7ADFB054663689B0401D5002080
S31590022340F2E7FBF7A5FB401BB0F57A7FF4D90120A3
S31590022350EAE700BF00480258F8B50446002874D050
S315900223600368D8075ED42368990700F1AD80236885
S31590022370DA0627D59C4A1369916A03F03803082B2B
S3159002238007D0182B40F0038101F00303012B40F094
S31590022390FE801368DB0502D5E369802B55D1FBF7E6
S315900223A08FFB41F20303216A98428F4B00F2E88039
S315900223B05A68202922F0F8420CBF42F0804242EA43
S315900223C081625A602368190700F1238123689A066D
S315900223D000F1448123685D071ED5844D2B6843F432
S315900223E080732B60FBF754FB06462B68DA0540F1A7
S315900223F05A81A3687C4D012B40F05C812B6F43F090
S3159002240001032B6741F28837FBF742FB764E05466E
S31590022410336F9B0740F17481616A002940F077819E
S3159002242000202BE0704A1369916A03F03803102B4F
S3159002243005D0182B0BD101F00303022B07D1136899
S315900224409A0390D56368002B8DD1012016E06368BC
S31590022450654DB3F5803F12D12B6843F480332B60E0
S31590022460FBF716FB604E054633689B033FF57BAF41
S31590022470FBF70EFB401B6428F6D90320F8BDA3B9DF
S315900224802B6823F480332B602B6823F480232B60F4
S31590022490FBF7FEFA06462B689F037FF564AFFBF7C0
S315900224A0F7FA801B6428F6D9E7E7B3F5A02F2B68D5
S315900224B003D143F480232B60CEE723F480332B6041
S315900224C02B6823F48023CAE74749E2680B69886A36
S315900224D013F0380303D0182B2AD1800728D10B6822
S315900224E05B0701D5002AB0D03F4D2B6823F0190324
S315900224F013432B60FBF7CCFA06462B685F0711D580
S31590022500FBF7DEFA41F20303226998426B6822D8FE
S3159002251023F47C33402A0CBF43F4003343EA02335C
S315900225206B6024E7FBF7B4FA801B0228E5D9A4E78F
S315900225302D4D2B68A2B123F0190313432B60FBF7A1
S31590022540A7FA06462B685807DAD4FBF7A1FA801B3E
S315900225500228F7D991E723F0FE4343EA0263DFE7C5
S3159002256023F001032B60FBF793FA06462B68590773
S315900225707FF5FDAEFBF78CFA801B0228F6D97CE735
S31590022580DA6822F07C5242EA0162DA601AE7E3697B
S31590022590154D6BB32B6843F080032B60FBF778FAEB
S315900225A006462B68DF0511D5FBF78AFA41F203033B
S315900225B0226A984210D86B68202A23F0F8430CBFFF
S315900225C043F0804343EA82636B60FBE6FBF760FA73
S315900225D0801B0228E5D950E7EB6823F07C5343EA47
S315900225E00263EB60EEE600BF0044025800480258D0
S315900225F02B6823F080032B60FBF74AFA06462B687A
S31590022600D8057FF5DFAEFBF743FA801B0228F6D991
S3159002261033E76369A34D83B16B6F43F001036B6735
S31590022620FBF736FA06466B6F9B073FF5CFAEFBF785
S315900226302FFA801B0228F6D91FE76B6F23F001034E
S315900226406B67FBF725FA06466B6F9F077FF5BEAE63
S31590022650FBF71EFA801B0228F6D90EE7A369914D65
S3159002266083B12B6843F480532B60FBF711FA06462D
S315900226702B6898043FF5AEAEFBF70AFA801B022848
S31590022680F6D9FAE62B6823F480532B60FBF700FA0F
S3159002269006462B6899047FF59DAEFBF7F9F9801BE8
S315900226A00228F6D9E9E6FBF7F3F9801B64287FF650
S315900226B09CAEE2E6B3B92B6F41F2883723F0010361
S315900226C02B672B6F23F004032B67FBF7E1F9064682
S315900226D02B6F98077FF5A0AEFBF7DAF9801BB8420D
S315900226E0F6D9CAE6052B2B6F03D143F004032B6769
S315900226F084E623F001032B672B6F23F0040380E615
S31590022700FBF7C6F9401BB8427FF682AEB5E6654D39
S315900227102B6903F03803182B78D02B68022923F003
S3159002272080732B6065D1FBF7B3F906462B68990146
S3159002273059D4AB6AA26A23F47C7323F0030313433E
S31590022740E26A43EA0213AB62636BA26B013B013A04
S315900227505B0212049BB202F4FE021343226B013A0D
S31590022760C2F308021343E26B013A120602F0FE42EA
S3159002277013432B63EB6A23F00103EB626B6BA26C40
S315900227806FF3CF0343EAC2036B63EB6A226C23F0C7
S315900227900C031343EB62EB6A626C23F0020313435E
S315900227A0EB62EB6A43F48033EB62EB6A43F40033F9
S315900227B0EB62EB6A43F48023EB62EB6A43F001032C
S315900227C0EB622B6843F080732B60FBF761F9354D12
S315900227D004462B689A013FF523AEFBF759F9001B85
S315900227E00228F6D949E6FBF753F9801B02289DD9B0
S315900227F043E6FBF74DF904462B689B017FF510AE35
S31590022800FBF746F9001B0228F6D936E60129AA6A91
S315900228102B6B3FF41AAE02F00301A06A81427FF459
S3159002282014AEC2F30512E16A8A427FF40EAE226BAF
S31590022830C3F30801013A91427FF407AE626BC3F388
S315900228404621013A91427FF400AEA26BC3F3064150
S31590022850013A91427FF4F9ADE26BC3F30663013A12
S3159002286093427FF4F2AD6B6BA26CC3F3CC039A42A4
S315900228703FF4D6AD0B4DEB6A23F00103EB62FBF707
S3159002288007F90646FBF704F9B042FBD06B6BA26CD4
S315900228906FF3CF0343EAC2036B63EB6A43F0010320
S315900228A0EB62BDE50044025870B5234C88B00E46E3
S315900228B01546D4F8E030F8B943F001034FF4807C22
S315900228C003A9C4F8E030D4F8E030079003F001038E
S315900228D00193019B0223CDE903C30323CDE90503AB
S315900228E01648FEF7C7F9236923F0FE7343EA0601F9
S315900228F02943216108B070BD43F004034FF400727E
S3159002290003210F48C4F8E030D4F8E03003F0040312
S315900229100293029B0223CDE903230023CDE90531DD
S3159002292003A90793FEF7A6F9236923F07E4343EAA8
S31590022930060141EAC511DCE700440258000002583C
S3159002294000080258494B1A6902F03802102A30B52B
S3159002295000F08880182A0CD0002A40F085801A68E8
S31590022960434812F0200F03D01B68C3F3C103D8402B
S3159002297030BD996A9D6ADC6A15F47C7FC5F30510B1
S315900229805A6BF5D0C2F3CC0204F0010401F00301B4
S3159002299007EE900A6243B7EE006A0129B8EEE77A2B
S315900229A006EE902AFAEEE96A4ED002293ED0002926
S315900229B04AD11A68920627D519682D4AC1F3C101E0
S315900229C01B6BCA40C3F3080307EE902AF8EEE75A48
S315900229D0C5EE877A07EE103AB8EEC77A37EE267AC0
S315900229E037EE067A67EE877A204B1B6BC3F3462344
S315900229F0013307EE103AF8EEC76A87EEA67AFCEE36
S31590022A00C77A17EE900AB3E71B6BC3F3080307EE78
S31590022A10903AF8EEE77A77EEA67A77EE867A9FED97
S31590022A20156AC6EE076A67EEA67ADDE71B6BC3F3F5
S31590022A30080307EE903AF8EEE77A77EEA67A77EE03
S31590022A40867A9FED0D6AECE71B6BC3F3080307EEDC
S31590022A50903AF8EEE77A77EEA67A77EE867A9FED57
S31590022A60076ADEE7064883E7064881E7004402588C
S31590022A700090D0030024744C8096184B0024744A1C
S31590022A808096980000093D002DE9F0410D460446D6
S31590022A9010B90120BDE8F081884A136803F00F034C
S31590022AA08B42C0F0938023685F0700F19B801E07DC
S31590022AB00BD583496069CA6902F07002904204D9C3
S31590022AC0CA6922F070020243CA61D8060BD57C49C4
S31590022AD0A069CA6902F4E062904204D9CA6922F4F2
S31590022AE0E0620243CA6199060BD57549E0690A6AA2
S31590022AF002F07002904204D90A6A22F070020243EE
S31590022B000A629A070BD56E49E0688A6902F00F024B
S31590022B10904204D98A6922F00F0202438A61DF0742
S31590022B206ED423689E0700F1A18064490A6802F078
S31590022B300F02AA4200F2A880580700F1B180190745
S31590022B400BD55F496069CA6902F07002904204D25D
S31590022B50CA6922F070020243CA61DA060BD5584955
S31590022B60A069CA6902F4E062904204D2CA6922F468
S31590022B70E0620243CA619B060BD5514AE169136A28
S31590022B8003F07003994204D2136A23F070030B4345
S31590022B901362FFF7D7FE4A494A4A8B69C3F3032366
S31590022BA0D35C03F01F03D8408B6903F00F03D35C09
S31590022BB0454A03F01F0320FA03F31360434B186050
S31590022BC0434BBDE8F041186807F0B6BB136823F093
S31590022BD00F030B431360136803F00F038B427FF4CA
S31590022BE058AF60E7364920698A6902F070029042CE
S31590022BF07FF65DAF8A6922F0700202438A6156E7D8
S31590022C002F4BA1689A6922F470620A439A616168AD
S31590022C101A6802291DD112F4003F3FF43AAF1A699D
S31590022C2041F28838264F22F007020A431A61FAF7D0
S31590022C302FFF06463B69626803F03803B3EBC20F77
S31590022C403FF46FAFFAF724FF801B4045F2D9032079
S31590022C5020E7032902D112F0007FDEE7012902D193
S31590022C6012F4807FD9E712F0040FD6E71449E06890
S31590022C708A6902F00F029042BFF457AF8A6922F036
S31590022C800F0202438A6150E70A6822F00F022A4332
S31590022C900A600A6802F00F02AA427FF4FAAE4BE784
S31590022CA0074920698A6902F070029042BFF447AFE1
S31590022CB08A6922F0700202438A6140E7002000523C
S31590022CC000440258C04B0390180A00241C0A0024A0
S31590022CD0E80C002408B5FFF735FE0B4A0B499369B9
S31590022CE09269C3F3032302F00F02CB5C03F01F0336
S31590022CF020FA03F3885C064A00F01F0023FA00F0DC
S31590022D001060044A136008BD00440258C04B0390F9
S31590022D10180A00241C0A002408B5FFF7DBFF054BAE
S31590022D20054ADB69C3F30213D35C03F01F03D84051
S31590022D3008BD00BF00440258C04B039008B5FFF788
S31590022D40C9FF054B054ADB69C3F30223D35C03F043
S31590022D501F03D84008BD00BF00440258C04B0390E1
S31590022D603F230360114B1A6902F0070242609A6987
S31590022D7002F4706282609A6902F00F02C2609A69E6
S31590022D8002F070020261DA6902F070024261DA6957
S31590022D9002F4E06282611B6A03F07003C361044B22
S31590022DA01B6803F00F030B60704700BF0044025884
S31590022DB000200052F8B5394C06460D46A36A03F038
S31590022DC00303032B67D0236823F080632360FAF70B
S31590022DD05FFE074623681A0149D4A36A326823F430
S31590022DE07C3343EA0233A362B368F268013B013A49
S31590022DF05B0212049BB202F4FE0213437268013A1A
S31590022E00C2F3080213433269013A120602F0FE42F5
S31590022E101343A363E36A726923F0C0031343E36225
S31590022E20E36AB26923F020031343E362E36A23F071
S31590022E301003E362E36BF2696FF3CF0343EAC203D3
S31590022E40E363E36A43F01003E362E36AB5B943F4DA
S31590022E500023E362114C236843F080632360FAF700
S31590022E6017FE054623681B010FD5002005E0FAF7E9
S31590022E700FFEC01B0228ADD90320F8BD012D0CBF51
S31590022E8043F4801343F40013E3E7FAF701FE401B81
S31590022E900228E7D9F0E70120EFE700BF0044025885
S31590022EA0F8B5394C06460D46A36A03F00303032B85
S31590022EB067D0236823F080532360FAF7E9FD07462B
S31590022EC023689A0049D4A36A326823F07C7343EA52
S31590022ED00253A362B368F268013B013A5B021204A1
S31590022EE09BB202F4FE0213437268013AC2F30802DD
S31590022EF013433269013A120602F0FE4213432364E7
S31590022F00E36A726923F440631343E362E36AB26944
S31590022F1023F400731343E362E36A23F48073E36258
S31590022F20636CF2696FF3CF0343EAC2036364E36AA5
S31590022F3043F48073E362E36AB5B943F48003E362D0
S31590022F40114C236843F080532360FAF7A1FD05469E
S31590022F5023689B000FD5002005E0FAF799FDC01B68
S31590022F600228ADD90320F8BD012D0CBF43F400030E
S31590022F7043F08073E3E7FAF78BFD401B0228E7D90B
S31590022F80F0E70120EFE700BF004402582DE9F8432D
S31590022F900368054618011ED5AB6EB3F5001F2BD0FC
S31590022FA00FD8D3B1B3F5801F1DD001262B68D90552
S31590022FB051D5AB6D042B4DD8DFE803F0243F46295B
S31590022FC02900B3F5401FF0D1854AA96E136D23F4FB
S31590022FD040130B4313650026E8E7814AD36A43F40C
S31590022FE00033D362F0E7022105F10800FFF7E2FE13
S31590022FF006460028DAD1E7E7022105F12800FFF715
S315900230004FFFF5E7764AD36A43F40033D3623446E8
S315900230101CBB734AA96D136D23F007030B4313650B
S315900230202B689A0528D5EB6D802B43D017D8A3B37E
S31590023030402B38D0012634461EE0002105F10800C7
S31590023040FFF7B8FE0446E3E7002105F12800FFF7F3
S3159002305027FFF7E701263446E2E72646E0E7C02B4C
S3159002306002D0B3F5807FE5D154BB5D4AE96D136D0D
S3159002307023F4E0730B4313652B685B0531D5D5F8C2
S31590023080A830B3F5800F49D01CD8002B39D0B3F5B0
S31590023090001F3CD00126344623E0514AD36A43F4BA
S315900230A00033D362E0E7002105F10800FFF782FEC4
S315900230B00446D9E7002105F12800FFF7F1FEF7E76C
S315900230C02646D9E7B3F5C00F02D0B3F5000FE1D18A
S315900230D054BB434AD5F8A810936D23F460030B436F
S315900230E093652B681F0530D5D5F8AC30B3F1007FC8
S315900230F045D01BD8B3B3B3F1807F39D0012634467D
S3159002310023E0374AD36A43F40033D362E0E70021DF
S3159002311005F10800FFF74EFE0446D9E7002105F1B6
S315900231202800FFF7BDFEF7E72646DAE7B3F1407FC0
S3159002313002D0B3F1806FE1D13CBB294AD5F8AC10ED
S31590023140936D23F0E0630B4393652B68980128D522
S31590023150EB6C202B3BD01AD8DBB1102B31D0012649
S3159002316034461EE01E4AD36A43F40033D362E3E741
S31590023170002105F10800FFF71DFE0446DCE7002159
S3159002318005F12800FFF78CFEF7E72646DDE7302BA0
S31590023190E5D11CBB124AE96CD36C23F030030B4386
S315900231A0D3642B68D9042CD52B6EB3F5005F74D0FB
S315900231B018D8002B64D0B3F5805F67D001263446C9
S315900231C01FE0074AD36A43F40033D362E1E7022150
S315900231D005F10800FFF7EEFD0446DAE72646E0E73A
S315900231E000440258B3F5405F02D0B3F5804FE5D163
S315900231F0002C58D19D4A296E136D23F4E0430B435C
S3159002320013652B689A040BD56B6EB3F5003F64D0A9
S315900232104BD8002B51D0B3F5803F57D00126344678
S315900232202B685B040CD5D5F8B030B3F1005F75D03E
S315900232305BD8002B61D0B3F1805F68D0012634460B
S315900232402B681F0411D52B6FB3F1805F6ED0B3F14B
S31590023250005F71D0002B76D1002C77D1834A296FEB
S31590023260136D23F040530B4313652B68D8017DD51C
S31590023270AB6C032B00F2BF80DFE803F06F6AB66F88
S315900232807A4AD36A43F40033D362B1E7002105F157
S315900232900800FFF78FFD0446AAE7002105F12800F2
S315900232A0FFF7FEFDF7E72646ABE723F48032B2F549
S315900232B0802F02D0B3F5403FB0D1A4B96B4A696E64
S315900232C0136D23F4E0230B431365A9E7012105F15E
S315900232D00800FFF76FFD0446EFE7012105F128008C
S315900232E0FFF7DEFDF7E726469AE723F08052B2F122
S315900232F0804F02D0B3F1405FA0D1ACB95B4AD5F80A
S31590023300B010936D23F0E0430B43936598E7012148
S3159002331005F10800FFF74EFD0446EEE7012105F19F
S315900233202800FFF7BDFDF7E7264689E74F4AD36A9D
S3159002333043F40033D3628FE7012105F10800FFF7CA
S3159002334039FD044688E7012634468EE726468CE701
S31590023350464AD36A43F40033D362002C4ED1434A91
S31590023360A96CD36C23F003030B43D3642B685902E5
S315900233704ED53F4F3B6843F480733B60FAF788FB28
S3159002338080463B68DA053BD5002C75D1374BD5F88C
S31590023390B4001A6F424012F4407F0BD01A6F196F25
S315900233A022F4407241F480311967196F21F4803109
S315900233B019671A67B0F5807F42D0D5F8B4302B4999
S315900233C003F44072B2F5407F4BD10869294A20F442
S315900233D07C5002EA131202430A61C3F30B03234A97
S315900233E0116F0B43136713E0022105F10800FFF7F3
S315900233F0E1FC0446B1E701263446B7E72646B5E72F
S31590023400FAF746FBA0EB08006428BAD9032634469D
S315900234102B68D80709D5EB6F102B45D02ED8002BE9
S3159002342032D0082B39D0012634462B68990751D5CC
S31590023430AB6F052B64D8DFE803F0453F5D45454504
S31590023440FAF726FBDFF82480074641F28839D8F846
S3159002345070309B07B1D4FAF71BFBC01B4845F6D9CF
S31590023460D4E70A6922F47C52B6E700BF00440258B8
S3159002347000480258CFFFFF002646C9E723F008020C
S31590023480202A01D0182BCED1A4B9204AE96F536DC8
S3159002349023F038030B435365C7E7012105F1080072
S315900234A0FFF788FC0446EFE7012105F12800FFF7B4
S315900234B0F7FCF7E72646B8E7012105F10800FFF782
S315900234C079FC0446FCB9114AA96F536D23F00703A0
S315900234D00B4353652B685A072BD5D5F89430052B99
S315900234E000F26E81DFE813F01A00140066011A00EA
S315900234F01A001A00012105F12800FFF7D1FCE0E736
S3159002350001263446E6E72646E4E700BF0044025821
S31590023510012105F10800FFF74DFC0446002C40F00E
S315900235205281AA4AD5F89410936D23F007030B4360
S3159002353093652B689B0610D5D5F89030B3F1005F52
S3159002354000F0608100F24481002B00F04A81B3F1D1
S31590023550805F00F05081012634462B685F0610D5B5
S31590023560D5F89C30B3F5006F00F06E8100F252816F
S31590023570002B00F05881B3F5806F00F05E81012632
S3159002358034462B68180610D5D5F8A030B3F5804F7F
S3159002359000F07C8100F26081002B00F06681B3F529
S315900235A0005F00F06C81012634462B68190714D50A
S315900235B0D5F88430B3F5805F07D1022105F1280052
S315900235C0FFF76EFC002818BF0126804AD5F88410B2
S315900235D0536D23F440530B4353652B68DA0614D587
S315900235E0D5F89830B3F5807F07D1022105F12800EE
S315900235F0FFF756FC002818BF0126744AD5F8981092
S31590023600936D23F440730B4393652B681B031BD571
S31590023610D5F8A410B1F5803F00F04081B1F5003F96
S3159002362007D0002940F0408105F10800FFF7C2FB60
S315900236300446002C40F03B81644AD5F8A410936D61
S3159002364023F440330B4393652B685F030FD5D5F86C
S315900236508830B3F5001F00F03B81B3F5401F00F0B0
S315900236602D81B3F5801F00F02481012634462B6804
S31590023670D80309D52B6D002B00F03381B3F5803F2B
S3159002368000F03D81012634462B68990007D5022128
S3159002369005F12800FFF704FC002818BF0126D5E99A
S315900236A000319A0340F14381D5F88000B0F5807FCE
S315900236B000F03F8100F22C81002800F02F81012436
S315900236C0DF0206D541486E6F026D22F00042324308
S315900236D00265DE0007D53D48D5F8B860026922F446
S315900236E0804232430261980206D53848EE6E026DE8
S315900236F022F08072324302655A0009D5334A106924
S3159002370020F4004010611069D5F8BC603043106116
S31590023710002B06DA2D486E6DC26C22F0405232436F
S31590023720C2641F0207D5294AD5F88C00536D23F43B
S31590023730400303435365CE0706D5002105F10800E1
S31590023740FFF738FB074600B927466B689C0706D5F4
S31590023750012105F10800FFF72DFB064600B93E460A
S315900237606B68580706D5022105F10800FFF722FB80
S31590023770044600B934466B68190706D5002105F14F
S315900237802800FFF78DFB064600B926466B68DA06D7
S3159002379006D5012105F12800FFF782FB044600B900
S315900237A034466B689B0600F1CA80201E18BF012022
S315900237B0BDE8F883012105F12800FFF771FBACE61D
S315900237C001263446B5E62646B3E600BF00440258C3
S315900237D023F08052B2F1804F03D0B3F1405F7FF471
S315900237E0BAAEACB95B4AD5F89010536D23F0E0436C
S315900237F00B435365B1E6002105F10800FFF7DAFAAB
S315900238000446EEE7022105F12800FFF749FBF7E7A8
S315900238102646A2E623F48062B2F5805F03D0B3F522
S31590023820406F7FF4ACAEACB94A4AD5F89C10936D12
S3159002383023F4E0530B439365A3E6002105F10800B8
S31590023840FFF7B8FA0446EEE7022105F12800FFF7E2
S3159002385027FBF7E7264694E623F40052B2F5004F8B
S3159002386003D0B3F5C04F7FF49EAEACB9394AD5F8C2
S31590023870A010936D23F460430B43936595E6002164
S3159002388005F10800FFF796FA0446EEE7022105F1E4
S315900238902800FFF705FBF7E7264686E6022105F1A3
S315900238A02800FFF7FDFAC3E601263446CCE6264603
S315900238B0CAE6284AD36A43F40033D3627CB9254ACE
S315900238C0D5F88810536D23F440130B435365CEE617
S315900238D0012105F12800FFF7E3FA0446EEE72646B2
S315900238E0C5E61C4AD36A43F40033D36274B9194AC3
S315900238F0296DD36C23F480330B43D364C4E602213F
S3159002390005F10800FFF756FA0446EFE72646BBE6AE
S3159002391020F48072B2F5007F7FF4D1AE002C7FF452
S31590023920CFAE0C4C626D22F440720243626534460D
S31590023930C6E6084FFA6A42F40032FA62EEE70221CC
S3159002394005F12800FFF7ACFA00283FF42EAF0120CC
S315900239502EE700BF0044025808B5FFF7BBF9054BA6
S31590023960054A1B6AC3F30213D35C03F01F03D840C4
S3159002397008BD00BF00440258C04B03904F4970B532
S315900239808C6A8E6ACD6A16F47C3FC6F30533CA6B8F
S3159002399000F0908007EE903AC2F3CC03C5F3001282
S315900239A004F00304B8EEE77A5343012CB7EE006AAB
S315900239B006EE903AFAEEE96A6ED0022C5ED0002CB0
S315900239C06AD10B689B0647D50A688B6BC2F3C10115
S315900239D03B4AC3F30803CA4007EE902AF8EEE75A29
S315900239E0C5EE877A07EE103AB8EEC77A37EE267AA0
S315900239F037EE067A67EE877A304A936BC3F346239D
S31590023A0007EE103AB8EEC77A37EE067AC7EE876AAD
S31590023A10FCEEE66AC0ED006A936BC3F3064307EECB
S31590023A20103AB8EEC77A37EE067AC7EE876AFCEE98
S31590023A30E66AC0ED016A936BC3F3066306EE903AAB
S31590023A40F8EEE66A76EE866A87EEA67AFCEEC77A94
S31590023A5017EE903A836070BD8B6BDFED1A5AC3F303
S31590023A60080307EE903AF8EEE77A77EEA67A77EEC3
S31590023A70867AC5EE876A67EEA67ABDE78B6BDFED2F
S31590023A80125AC3F3080307EE903AF8EEE77A77EE06
S31590023A90A67A77EE867AECE78B6BDFED0C5AC3F358
S31590023AA0080307EE903AF8EEE77A77EEA67A77EE83
S31590023AB0867ADEE7C0E90033CCE700BF00440258BD
S31590023AC00090D0030024744C8096184B0024744ABC
S31590023AD04F4970B58C6A8E6ACD6A16F07C7FC6F3B2
S31590023AE005534A6C00F0908007EE903AC2F3CC03ED
S31590023AF0C5F3002204F00304B8EEE77A5343012C8F
S31590023B00B7EE006A06EE903AFAEEE96A6ED0022CA9
S31590023B105ED0002C6AD10B689B0647D50A680B6C5F
S31590023B20C2F3C1013B4AC3F30803CA4007EE902A87
S31590023B30F8EEE75AC5EE877A07EE103AB8EEC77AEC
S31590023B4037EE267A37EE067A67EE877A304A136C24
S31590023B50C3F3462307EE103AB8EEC77A37EE067AE3
S31590023B60C7EE876AFCEEE66AC0ED006A136CC3F391
S31590023B70064307EE103AB8EEC77A37EE067AC7EEE4
S31590023B80876AFCEEE66AC0ED016A136CC3F30663BC
S31590023B9006EE903AF8EEE66A76EE866A87EEA67AB0
S31590023BA0FCEEC77A17EE903A836070BD0B6CDFED30
S31590023BB01A5AC3F3080307EE903AF8EEE77A77EECD
S31590023BC0A67A77EE867AC5EE876A67EEA67ABDE71B
S31590023BD00B6CDFED125AC3F3080307EE903AF8EE38
S31590023BE0E77A77EEA67A77EE867AECE70B6CDFEDDC
S31590023BF00C5AC3F3080307EE903AF8EEE77A77EE9B
S31590023C00A67A77EE867ADEE7C0E90033CCE700BF84
S31590023C10004402580090D0030024744C8096184BAE
S31590023C200024744A4F4970B58C6A8E6ACD6A16F42E
S31590023C307C7FC6F305134A6B00F0908007EE903AAC
S31590023C40C2F3CC0305F0010204F00304B8EEE77A5E
S31590023C505343012CB7EE006A06EE903AFAEEE96A01
S31590023C604ED0022C5ED0002C6AD10B689B0667D58B
S31590023C700A680B6BC2F3C1013B4AC3F30803CA40FD
S31590023C8007EE902AF8EEE75AC5EE877A07EE103AD3
S31590023C90B8EEC77A37EE267A37EE067A67EE877AE5
S31590023CA0304A136BC3F3462307EE103AB8EEC77A3F
S31590023CB037EE067AC7EE876AFCEEE66AC0ED006AD0
S31590023CC0136BC3F3064307EE103AB8EEC77A37EE94
S31590023CD0067AC7EE876AFCEEE66AC0ED016A136B56
S31590023CE0C3F3066306EE903AF8EEE66A76EE866AD5
S31590023CF087EEA67AFCEEC77A17EE903A836070BD8D
S31590023D000B6BDFED1A5AC3F3080307EE903AF8EEFF
S31590023D10E77A77EEA67A77EE867AC5EE876A67EEC7
S31590023D20A67ABDE70B6BDFED125AC3F3080307EED3
S31590023D30903AF8EEE77A77EEA67A77EE867AECE71D
S31590023D400B6BDFED0C5AC3F3080307EE903AF8EECD
S31590023D50E77A77EEA67A77EE867ADEE7C0E90033DF
S31590023D60CCE700BF004402580090D0030024744A66
S31590023D708096184B0024744C1FB5A0F580730B43A4
S31590023D8015D19D4B1A6D02F00702042A2DD8DFE851
S31590023D9012F01C00E100050051014100186810F074
S31590023DA0005000F0DF8001A8FFF792FED9E0A0F55F
S31590023DB000730B431BD1904B1A6D02F4E072802A6A
S31590023DC0ECD00CD8002A40F0C580186810F000702C
S31590023DD000F0C88001A8FFF725FF0298C2E0C02A2A
S31590023DE000F02881B2F5807F14D00020BAE0A0F5C9
S31590023DF080630B432ED1804B9A6D02F46002B2F52A
S31590023E00800FCBD0DED9B2F5C00F00F01381B2F598
S31590023E10000FE9E7DA6C196802F04052480706D5B6
S31590023E202AB91B68C3F3C1037448D8409AE0724B0F
S31590023E301968C90503D5B2F1805F00F0FD80186854
S31590023E4010F4003000F08E80B2F1005F6C4818BF1B
S31590023E50002087E0A0F500630B431FD1664B9A6D55
S31590023E6002F0E062B2F1007F98D0ABD9B2F1407F16
S31590023E7000F0E080B2F1806FB7D1DA6C196802F087
S31590023E8040521B68480701D5002ACBD0D90503D5E5
S31590023E90B2F1805F00F0D080574BD0E7A0F5805307
S31590023EA00B430FD1544B1A6D02F4E042B2F5005F08
S31590023EB03FF474AF86D9B2F5405F00F0BB80B2F59D
S31590023EC0804FD9E7A0F500530B4332D14A4A136D7E
S31590023ED003F4E023B3F5403F00F081800DD8B3F5AB
S31590023EE0803F16D0B3F5003F1BD0002B7FF47DAFF9
S31590023EF005B05DF804EBFEF70FBFB3F5802F74D0D3
S31590023F00B3F5A02F7FF471AF10683D4B10F40030DB
S31590023F106FE0106810F0006024D001A8FFF72EFD24
S31590023F205BE7106810F000501CD001A8FFF7D0FD97
S31590023F3053E7A0F500230B4320D12F4B9A6D02F441
S31590023F404032B2F5803F10D0B2F5003F95D0002AAC
S31590023F507FF44BAF186810F0006003D001A8FFF70A
S31590023F600DFD019805B05DF804FB186810F000503D
S31590023F70F8D001A8FFF7ACFD0398F3E7A0F58033DC
S31590023F800B430CD11C4BDA6CD2037FF51EAF18682B
S31590023F9010F00060E6D001A8FFF7F0FCECE7A0F580
S31590023FA080430B4330D1144A936D03F0E043B3F14F
S31590023FB0405F14D00DD8B3F1805FAAD0B3F1005F01
S31590023FC0AFD0002B7FF411AF05B05DF804EBFFF78D
S31590023FD0C3BCB3F1804F08D0B3F1A04F92E71068FB
S31590023FE010F00400BED013681CE71068054B10F45D
S31590023FF0807018BF1846B5E7004402580090D00367
S315900240008096980000093D00A0F5004008437FF491
S31590024010ECAE0A4A136D03F04053B3F1805F07D0BA
S31590024020B3F1005F3FF475AF002B7FF4DEAE6BE722
S315900240301068CBE6024895E7024893E70044025897
S315900240400080BB0000093D0038B50446C0B1437AF2
S3159002405003F0FF0213B9027206F07AF9022361683D
S31590024060637223681A6822F020020A431A601A6859
S3159002407042F004021A605B68590603D50423637200
S31590024080012038BDF9F704FD054623685B68DB0716
S3159002409004D5012300206372E060F2E7F9F7F8FC99
S315900240A0401B0228F1D923685B68DA07EDD4042312
S315900240B063720223E360E3E7F8B5037A04460E4699
S315900240C0012B2BD00123427A9A42D5B2037221D187
S315900240D002234372F9F7DCFC074623685A68D20733
S315900240E007D59B6800252361336001236372002301
S315900240F00DE0F9F7CDFCC01B0228EED923685B6868
S3159002410013F00103E9D1012262720222E260237264
S315900241102846F8BD04221D46C260E8E70225F7E765
S3159002412038B50A4A04460368DA60F9F7B1FC0546DF
S315900241302368DB689B0601D5002038BDF9F7A8FCF9
S31590024140401BB0F57A7FF3D90320F6E75FFF0300B1
S31590024150026870B5D468054614F040041AD14FF03F
S31590024160FF33D360F9F794FC234606462A68D4684F
S3159002417014F0400401D1032B01D1184670BDF9F712
S3159002418087FC801B2346B0F57A7FEFD9032385F807
S315900241902130EBE70023F0E738B50F4C0546E3688C
S315900241A023F08003E360A3689B0606D4FFF7B8FF6B
S315900241B010B1032085F8210038BDA36823F02003AF
S315900241C0A360FFF7ADFF10B1032085F82100A36825
S315900241D043F02003A360EFE70040005838B5044649
S315900241E0002845D090F8213003F0FF021BB980F8E1
S315900241F0202006F0A9F8022384F821302368DA6891
S31590024200D20604D50123002084F8213038BDCA2273
S3159002421020465A6253225A62FFF79AFF10BB2268CF
S315900242202069936823F4E00323F040039360636864
S3159002423091680343A069034320460B439360D4E9F4
S31590024240021343EA01431361FFF7A6FF50B92268AE
S315900242506569D36C23F00303D364E369D16C2B4372
S315900242600B43D3642368FF225A620028CAD0CDE753
S315900242700120CBE70023092803D840EA0310C0B2F5
S3159002428070470A380133C0B2F5E72DE9F04190F84C
S31590024290203005460E469046012B4FF0020354D02D
S315900242A0012280F82130036880F82020CA225A62BF
S315900242B053225A62FFF74CFF70BB296830787478A4
S315900242C0B7788B68B8F1000F32D113F0400308BF6C
S315900242D0F370FFF7CFFF80462046FFF7CBFF0246EB
S315900242E03846FFF7C7FFF37840EA835343EA084319
S315900242F043EA022303F07F3323F0FE430B608B687D
S3159002430023F480238B608A68D6E9033003432846D8
S3159002431013438B60FFF740FF2B68FF225A6210B956
S31590024320012385F82130002385F82030BDE8F081FD
S3159002433013F040034FEA042408BFF37044EA0043A3
S31590024340F2783B4343EA8253D4E71846EEE7F8B550
S3159002435090F8203005460220012B2BD0012385F8B8
S31590024360210085F820300E78C8784C7876038F78BD
S315900243700AB346EA00433B4343EA04242B68CA2223
S3159002438028465A6253225A62FFF7E2FE40B924F057
S315900243907F442A68284624F0C0045460FFF7FCFE46
S315900243A02B68FF225A6210B9012385F82130002327
S315900243B085F82030F8BDE30642BF24F010040A3493
S315900243C04C70FFF757FF04464878FFF753FF0246B3
S315900243D03846FFF74FFF40EA060343EA044343EAAF
S315900243E00224CBE7030900F00F0003EB830300EBF3
S315900243F04300C0B2704738B50368986A4860186936
S315900244001B68C0F30E00C3F3062503F07F04886091
S31590024410C3F30540C3F380534D7008708C70CB7014
S3159002442052B9FFF7DFFF08702846FFF7DBFF4870A7
S315900244302046FFF7D7FF8870002038BD38B503684D
S315900244405B68C3F30740C3F3042503F03F04C3F349
S315900244504233C8704D708C700B7052B9FFF7C2FF21
S31590024460C8702846FFF7BEFF48702046FFF7BAFF8E
S315900244708870002038BD90F8203002460220012B29
S3159002448019D082F82100CA201368586253205862C4
S31590024490986820F4002098609868014300209960FB
S315900244A0996841F400019960FF215962012382F8CB
S315900244B0200082F8213070470268436E118E23F8ED
S315900244C0021B4366B0F86A30013B9BB2A0F86A3091
S315900244D0B0F86A309BB21BB9136923F001031361DA
S315900244E070470268436E116B43F8041B4366B0F83B
S315900244F06A30013B9BB2A0F86A30B0F86A309BB240
S315900245001BB9136923F0010313617047C36D0268E7
S3159002451033F8021B1184C365B0F86230013B9BB23B
S31590024520A0F86230B0F862309BB21BB9136923F0DF
S31590024530020313617047C36D026853F8041B11623C
S31590024540C365B0F86230013B9BB2A0F86230B0F816
S3159002455062309BB21BB9136923F002031361704751
S31590024560036859699A6942F008029A619A6942F017
S3159002457010029A611A6822F001021A601A6922F4EC
S315900245805B7222F003021A619A6822F440429A60A0
S3159002459090F88120042A0BD08A0609D5D0F8842077
S315900245A042F08002C0F884209A6942F020029A6111
S315900245B090F88120032A0BD04A0609D5D0F8842098
S315900245C042F00402C0F884209A6942F040029A614D
S315900245D08A0509D5D0F8842042F00102C0F88420D9
S315900245E09A6942F400729A61CA0509D5D0F8842074
S315900245F042F00802C0F884209A6942F480729A6165
S315900246000023A0F86230A0F86A3070470268436EC1
S3159002461092F830201A70436E01334366B0F86A30CE
S31590024620013B9BB2A0F86A30B0F86A309BB223B9CC
S315900246300268136923F0010313617047C26D036820
S31590024640127883F82020C36D0133C365B0F86230C7
S31590024650013B9BB2A0F86230B0F862309BB223B9AC
S315900246600268136923F0020313617047F8B5044692
S3159002467008B90120F8BD026800234D4983628A4237
S31590024680C36809D0A1F578418A4205D001F58061C7
S315900246908A4201D00F2BECD8E16B08334909DB082B
S315900246A001FB033342498A4273D0A1F578418A428B
S315900246B06FD001F580618A426BD0082BD9D894F8D5
S315900246C0813003F0FF0223B9204684F8802005F05A
S315900246D067FD22680223616884F881301368A66BAD
S315900246E023F001031360936803F4F81CA369B3F1F2
S315900246F0806F04D1B1F5800F4DD1002E50D011F4B8
S315900247008000E568176850D0062D4ED927F4807E32
S31590024710276D4EEA070717600B43E76933433D431C
S31590024720A76A3D43E76B3D4345EA0C059560656B89
S315900247302B43656A2B4325692B4365692B43256A6F
S315900247402B43E56C2B43A5682B43A56C2B43A56D98
S315900247502B43D36059B9936823F4C05343F400634F
S315900247609360936823F4C06343F480639360136DFC
S3159002477023F00103136528B1D368616D23F00043DA
S315900247800B43D36000200123C4F8840084F881305F
S3159002479070E7102B92E70029B1D1B6F1805FAED1C6
S315900247A0106840F480501060A9E727F48077B2E74A
S315900247B0003001402DE9F84304461D46894690464D
S315900247C00768F9F765F994F881300646012BD8B255
S315900247D040F00881B9F1000F00F0A380B8F1000F04
S315900247E000F09F8094F88030012B00F0FB80032329
S315900247F0A26884F8800084F88130B2F5C02F4FF019
S315900248000003C4F85C90A4F86080C4F884306366B0
S31590024810A4F86280A4F86830A4F86A30C4E91C331C
S31590024820236839D11A6842F400621A605A686FF3A3
S315900248300F0242EA08025A601A6842F001021A60AE
S315900248406268B2F5800F03D11A6842F400721A6058
S31590024850E3680F2B35D8072B7AD8B4F862302168E3
S315900248609BB2002B33D04B69980740F1A180B4F8E4
S315900248706230E26D9BB2032B40F28180E36B402B58
S315900248807DD952F8043B0B62B4F86230E265043B80
S315900248909BB2A4F86230E0E7DA6822F4C02242F4CE
S315900248A00032DA60C2E75369980723D5E36D53F86D
S315900248B0041B1162E365B4F86230013B9BB2A4F823
S315900248C06230B4F8623022689BB2002BEBD1236837
S315900248D05B691B0776D52046FFF742FE012384F8D3
S315900248E081300023D4F8840084F88030C01A18BF2F
S315900248F0012016E0F9F7CCF8801BA842E1D3691C97
S31590024900DFD02046FFF72CFED4F88430032043F400
S315900249108073C4F88430012384F88130002384F8AC
S315900249208030BDE8F8834B699A0720D5B4F86220A7
S31590024930E36D92B2012A12D9E26B82B153F8042B3B
S315900249400A62E365B4F86230023B9BB2A4F8623025
S31590024950B4F8623021689BB2002BE4D1B7E733F802
S31590024960022B3A84E365B4F86230013BEDE7F9F73E
S315900249708FF8801BA842EBD36B1CE9D0C1E7B4F841
S3159002498062309BB2012B09D9E36B3BB132F8023B01
S315900249903B84B4F86230E265023B79E7137881F89A
S315900249A02030E36D0133E365B4F86230013B6FE783
S315900249B0F9F76EF8801BA842FFF44FAF691C3FF4DB
S315900249C04CAF9EE7F9F764F8801B85423FF67FAFBE
S315900249D06A1C3FF47CAFD4F8843043F02003C4F8C9
S315900249E0843078E702209CE72DE9F04704461E467C
S315900249F08A461746C56BD0F80090F9F749F894F8AD
S31590024A0081308046012BD8B240F01C81BAF1000F5A
S31590024A107DD0002F7BD094F88030012B00F012814C
S31590024A200423216884F8800084F881300023C4F836
S31590024A3064A0C4F88430E365A4F86A70A4F8603080
S31590024A40A4F86230A4F86870C4E91C33A368B3F57D
S31590024A50C02F32D10B6823F400630B604B686FF35F
S31590024A600F033B434B600B6843F001030B60636893
S31590024A70B3F5800F03D10B6843F400730B606D0995
S31590024A80E36801350F2BADB22ED8072B78D8B4F840
S31590024A906A309BB2002B2CD0236859695A69D00789
S31590024AA040F1928093F83030626E1370636E0133E8
S31590024AB06366B4F86A30013BACE0CB6823F4C0235A
S31590024AC043F48023CB60C9E7236859695A69D007B2
S31590024AD01FD51A6B636E43F8042B6366B4F86A307B
S31590024AE0013B9BB2A4F86A30B4F86A309BB2002BB1
S31590024AF0EAD12046FFF734FD012384F88130002362
S31590024B00D4F8840084F88030C01A18BF0120BDE81A
S31590024B10F087B4F86A2092B2AA4201D20A04D8D493
S31590024B20F8F7B6FFA0EB0800B042DDD3771CDBD0D6
S31590024B302046FFF715FDD4F88430032043F48073A2
S31590024B40C4F88430012384F88130002384F88030BD
S31590024B50DDE7B4F86A309BB2AB4225D2110423D575
S31590024B60B9F83020636E1A800433B9F8302023F8EE
S31590024B70022C6366B4F86A30023B9BB2A4F86A30A0
S31590024B80B4F86A309BB2002BB3D023685A695B693A
S31590024B90D807DED5B9F83020636E23F8022B636608
S31590024BA0B4F86A30013BE8E7B4F86A309BB2012B5D
S31590024BB001D19304EED4F8F76BFFA0EB0800B04254
S31590024BC0DED3771CDCD0B3E7B4F86A2092B2AA425D
S31590024BD024D20A0422D593F83030626E1370636E33
S31590024BE05A1C6266226892F830205A70636E5A1C7A
S31590024BF06266226892F830205A70636E5A1C626618
S31590024C00226892F830205A70636E01336366B4F864
S31590024C106A30043B9BB2A4F86A3038E7B4F86A204B
S31590024C2092B2032A03D811F4C04F7FF43BAFF8F740
S31590024C302FFFA0EB0800B042FFF429AF731C3FF49C
S31590024C4026AF75E7022062E730B590F881500446A8
S31590024C50012DE8B274D1002948D0002A46D0002B03
S31590024C6044D094F88050012D6AD084F880000520B3
S31590024C70E16584F881000020E168C4F884006266E8
S31590024C800F29A4F86230A4F86A30B4F86220256835
S31590024C9092B2A4F86030A4F8683028D9294961679D
S31590024CA029492167E96821F4C021E96069686FF3AF
S31590024CB00F010B436B602B6843F001032B60216855
S31590024CC04B699B0700D5EAB9002384F880300B69BB
S31590024CD043F4ED6343F004030B616368B3F5800F0D
S31590024CE003D10B6843F400730B60002030BD072993
S31590024CF08BBF16491649216721678CBF15491649FC
S31590024D006167CFE7E268E36D0F2A0DD953F8042B5A
S31590024D100A62E365B4F86230013B9BB2A4F8623052
S31590024D20B4F8622092B2CAE7072A03D933F8022B63
S31590024D302A84EEE71B7881F82030E36D0133E8E7A9
S31590024D400220D3E737450290E3440290B944029099
S31590024D500D4602900D4502903D4602902DE9F04196
S31590024D6090F8813004461746012BDDB240F09D80C3
S31590024D7000295FD0002A5DD090F88030012B00F098
S31590024D809480032380F88050C16580F88130002397
S31590024D900668C0F88430A4F86020A4F862204366BE
S31590024DA0A0F86830A0F86A30C0E91C338368B3F57E
S31590024DB0C02F2DD1336843F400633360E268A06F4D
S31590024DC00F2A83692BD9B3F5804F30D1384B4FF0E8
S31590024DD0000806F120020364364BC0F85080C36384
S31590024DE0354BC364B36823F40043B360B4F86230BE
S31590024DF09BB2FAF7ADFBA0B3D4F8843084F88080E6
S31590024E0043F01003C4F88430012384F8813011E012
S31590024E10F36823F4C02343F40033F360CEE7072A02
S31590024E200BD9B3F5005FD1D0B3F5804F08D00023EC
S31590024E3084F880302846BDE8F081B3F5005F05D14D
S31590024E40B4F862309BB201335B0807E0B3F5804F4A
S31590024E50BCD1B4F862309BB203339B08A4F862309B
S31590024E60B4E7A26F2368D2691449B2F5807F5A6873
S31590024E7002EA010218BF3A435A609A6842F4004223
S31590024E809A601A6942F448721A611A6842F00102EB
S31590024E901A606268B2F5800F03D11A6842F4007202
S31590024EA01A60002584F88050C4E70225C2E700BF45
S31590024EB08F5002903B500290A75002900000FFFF45
S31590024EC02DE9F04190F8813004461746012BDDB268
S31590024ED004D0002380F88030022503E029B900230C
S31590024EE084F880302846BDE8F081002AF7D090F801
S31590024EF08030012BF0D0042380F88050416680F8F0
S31590024F00813000230668C0F88430A4F86820A4F89B
S31590024F106A20A0F86030A0F86230C0E91C3383683A
S31590024F20B3F5C02F13D1336823F400633360E3687B
S31590024F30E06F0F2B12D98269B2F5804FCFD1826979
S31590024F40B2F5005F0CD0B2F5804FC8D108E0F36895
S31590024F5023F4C02343F48023F360E8E7072BEED8CB
S31590024F60B268072B22F48042B26014D88369B3F5F3
S31590024F70005F05D1B4F86A309BB201335B0807E053
S31590024F80B3F5804F0DD1B4F86A309BB203339B08C8
S31590024F90A4F86A3005E00F2B03D88369B3F5804FE6
S31590024FA0E8D0214B4FF000080A4606F1300103641F
S31590024FB01E4BC0F85080C3631D4BC364B4F86A306D
S31590024FC09BB2FAF7C5FA58B1D4F8843084F8808047
S31590024FD043F01003C4F88430012384F8813081E7CA
S31590024FE0E26F2368D2691349B2F5807F5A6802EA62
S31590024FF0010218BF3A435A609A6842F480429A6014
S315900250001A6942F450721A611A6842F001021A60E1
S315900250106268B2F5800F03D11A6842F400721A6080
S31590025020002584F880505DE79B500290655002906F
S31590025030A75002900000FFFF7047806B08B590F86A
S315900250408130072B06D0836FDB69B3F5807F02D15F
S31590025050FFF7F2FF08BD0268136943F00803136174
S31590025060F8E77047806B08B590F88130072B06D029
S31590025070C36FDB69B3F5807F02D1FFF7F2FF08BDFC
S315900250800268136943F008031361F8E77047806B6F
S3159002509008B5FFF7FBFF08BD7047806B08B5FFF7B1
S315900250A0FBFF08BD704710B5846BFAF7B4FE022871
S315900250B00DD02046FFF754FAD4F8843043F010030B
S315900250C0C4F88430012384F88130FFF7EBFF10BDDA
S315900250D008B5806B0023A0F86A30A0F862300123ED
S315900250E080F88130FFF7DEFF08BD70472DE9F04763
S315900250F00668044633697269D6F80880110590F8F5
S31590025100817003EA0205FFB209D51A0707D5B3697A
S3159002511043F40063B361FFF7E8FFBDE8F08705F05B
S315900251206403042B18D1636F20469847236F204659
S315900251309847012305F04509B9F1010F03D1236F71
S31590025140204698474B4605F02602022A06D1636FFF
S315900251502046BDE8F04718470023EBE7002BDCD149
S315900251602B0751D523689A6942F008029A619A6987
S3159002517042F010029A619A6942F400629A611A693F
S3159002518022F008021A619B6813F4404F1AD0204607
S31590025190FFF7E6F9012384F88130D4F8843023B3FB
S315900251A0FFF780FFB9E7E268636E0F2A10D922688B
S315900251B0126B43F8042B6366B4F86A30013B9BB2D8
S315900251C0A4F86A30B4F86A309BB2002BEBD1DEE7D2
S315900251D0072A03D9328E23F8022BECE7226892F83B
S315900251E030201A70636E0133E5E7052F02D104F081
S315900251F0BFFF92E7042F02D1FFF733FF8DE7032F0C
S315900252008BD1FFF719FF88E715F4587F85D068068A
S315900252100AD5D4F88430226843F00403C4F8843063
S31590025220936943F040039361A9050AD5D4F8843073
S31590025230226843F00103C4F88430936943F40073FF
S315900252409361EA050AD5D4F88430226843F00803BC
S31590025250C4F88430936943F480739361AB060AD59C
S31590025260D4F88430226843F08003C4F8843093697A
S3159002527043F020039361D4F88430002B3FF44DAF72
S31590025280236808F440481A68B8F5404F22F00102A4
S315900252901A601A6922F45A7222F003021A6122D112
S315900252A09A68E06F22F440429A6050B1104B0365BF
S315900252B0FAF74EFB28B1D4F8843043F04003C4F891
S315900252C08430A06F00283FF428AF094B0365FAF7A4
S315900252D03FFB00283FF421AFD4F8843043F04003DB
S315900252E0C4F8843019E70123204684F8813057E7C1
S315900252F0D150029090F881007047026852E8003FC0
S3159002530023F0C00342E8003102680029F5D102F188
S31590025310080353E8003F23F4000302F1080C4CE81B
S3159002532000310029F3D12023C0F88830704700005D
S3159002533010B5026852E8003F23F4907342E80031B8
S3159002534002680029F5D10F4C02F1080353E8003F99
S31590025350234002F1080C4CE800310029F4D1C36EC7
S31590025360012B07D152E8003F23F0100342E80031A7
S315900253700029F7D12023C0F88C300023C3664367F7
S3159002538010BD00BFFEFFFFEF38B50546C8B1242316
S315900253900024C0F8883003681A6822F001021A6065
S315900253A01C605C609C6004F027FF2046C5F8904024
S315900253B085F88440C5F88840C5F88C40EC662C6721
S315900253C038BD0120FCE70000F8B504461346D4F830
S315900253D08850202D32D1F1B1EAB1A4F85620002698
S315900253E0A4F854202122E06FC4F890602165C4F895
S315900253F08820226888B1124F2832C763114F0764FA
S31590025400114FC0E91376FAF7A3F830B11023C4F816
S315900254109030C4F888500120F8BD402223681A6261
S31590025420226802F1080353E8003F43F0800302F139
S31590025430080141E800300028F3D1EDE70220EBE7BE
S31590025440E9540290315502903F550290026838B560
S31590025450D0F888300446D0F88C50916809061FD54A
S31590025460212B1DD102F1080353E8003F23F080035C
S3159002547002F1080040E800310029F3D1E06F60B1F3
S31590025480FAF752F948B1E06FFAF7C5FC202804D131
S3159002549010230320C4F8903009E02046FFF72DFF31
S315900254A0226893685B0601D5222D01D0002038BD73
S315900254B002F1080353E8003F23F0400302F108008B
S315900254C040E800310029F3D1D4F8800040B1FAF7D0
S315900254D02BF928B1D4F88000FAF79DFC2028D7D072
S315900254E02046FFF725FFE1E708B50346806BDB69A7
S315900254F0B3F5807F18D00023A0F85630026802F1E7
S31590025500080353E8003F23F08003083242E8003153
S3159002551002680029F2D152E8003F43F0400342E884
S3159002552000310029F7D108BD04F0A2FEFBE77047CF
S31590025530806B08B5FFF7FBFF08BD70477047806B1D
S3159002554038B50468D0F88830D0F88C50A268120624
S3159002555006D5212B04D10023A0F85630FFF7CDFEB5
S31590025560A3685B0606D5222D04D10023A0F85E30EF
S31590025570FFF7DEFED0F8903043F01003C0F890307B
S31590025580FFF7DCFF38BD08B5806B0023A0F85E30CC
S31590025590FFF7D4FF08BD704703682DE9F041D9693A
S315900255A040F60F061A68044631429D6810D18E065F
S315900255B040F1978002F0200605F080573E4300F0B6
S315900255C09080436F002B00F08580BDE8F04118472C
S315900255D0A64EA7482E401040304300F08280CF0757
S315900255E009D5D00507D501201862D4F8900040F06D
S315900255F00100C4F890008F0709D5E80707D5022065
S315900256001862D4F8900040F00400C4F890004F0756
S3159002561009D5E80707D504201862D4F8900040F01F
S315900256200200C4F890000F070BD502F02000304319
S3159002563007D008201862D4F8900040F00800C4F809
S3159002564090000E050AD5500108D54FF400601862F5
S31590025650D4F8903043F02003C4F89030D4F89030C8
S31590025660002B37D08B0609D502F0200205F0805523
S315900256702A4303D0636F0BB120469847266820468B
S31590025680D4F89020B36802F0280203F0400353EA5C
S31590025690020521D0FFF74CFEB3685F0617D5226844
S315900256A002F1080353E8003F23F04003083242E830
S315900256B000310029F3D1D4F8800040B16D4B0365D7
S315900256C0FAF746F930B1D4F88000036D7DE72046AB
S315900256D0FFF734FFBDE8F081FFF730FFC4F8905032
S315900256E0F8E7E06E012840F0B580CE0640F1B28030
S315900256F0D00640F1AF801022B4F85C001A629A6824
S31590025700520677D5D4F880505B492A688A421ED0D1
S3159002571018318A421BD018318A4218D018318A42DF
S3159002572015D018318A4212D018318A420FD01831C8
S315900257308A420CD018318A4209D001F556718A42B2
S3159002574005D018318A4202D018318A42FFD0516868
S3159002575089B2002943D0814241D2EA69A4F85E1007
S31590025760B2F5807F2FD053E8002F22F4807243E85F
S3159002577000210029F7D103F1080252E8002F22F006
S31590025780010203F1080040E800210029F3D103F158
S31590025790080252E8002F22F0400203F1080040E886
S315900257A000210029F3D12022C4F88C20E16653E827
S315900257B0002F22F0100243E800210029F7D1D4F8F5
S315900257C08000F9F7B1FF0223B4F85C102367B4F8AE
S315900257D05E30C91A89B22046FFF7DDFE7AE781422A
S315900257E07FF478AFEB69B3F5807F7FF473AF0223D2
S315900257F02367F0E7B4F85E20B4F85E1092B289B2ED
S3159002580000293FF467AF801A81B200293FF462AF54
S3159002581053E8002F22F4907243E800200028F7D133
S31590025820164D03F1080252E8002F2A4003F10806AA
S3159002583046E800200028F4D120226067C4F88C2024
S31590025840E06653E8002F22F0100243E80020002879
S31590025850F7D1CCE7CF0213D56E0211D54FF4801251
S3159002586020461A62BDE8F04100F03EBF01000010EA
S31590025870200100048755029010000240FEFFFFEFC0
S3159002588008060BD502F0800005F40005284305D0E2
S31590025890A36F002B3FF41EAF204696E64F0611D516
S315900258A056060FD553E8002F22F0400243E8002116
S315900258B00029F7D120232046A167C4F8883004F046
S315900258C0D7FC07E70D0206D5500004D52046BDE861
S315900258D0F04100F00BBFCB017FF5FCAE002ABFF67C
S315900258E0F9AE2046BDE8F04100F0FFBED0F88C201C
S315900258F0B0F86010222A08B5036855D15B6A826DAA
S315900259000B401370836D01338365B0F85E30013BB3
S315900259109BB2A0F85E30B0F85E309BB2002B42D1BB
S31590025920026852E8003F23F4907342E8003103681C
S315900259300029F5D103F1080252E8002F22F0010264
S3159002594003F1080C4CE800210029F3D1202241678B
S31590025950C0F88C20174A0167934205D1C26E012A7C
S315900259600ED004F081FC1EE05A681102F6D553E877
S31590025970002F22F0806243E800210029F7D1EDE75B
S315900259800022C26653E8002F22F0100243E800215B
S315900259900029F7D1DA69D20601D510221A62B0F837
S315900259A05C10FFF7F8FD08BD9A6942F008029A6109
S315900259B0F9E700BF000C0058D0F88C20B0F86010C0
S315900259C0222A08B5036852D15A6A1140826D22F88A
S315900259D0021B8265B0F85E20013A92B2A0F85E2070
S315900259E0B0F85E2092B2002A40D153E8002F22F4FA
S315900259F0907243E800210029F7D103F1080252E898
S31590025A00002F22F0010203F1080C4CE80021002934
S31590025A10F3D120224167C0F88C20174A016793423E
S31590025A2005D1C26E012A0ED004F01EFC1EE05A6801
S31590025A301102F6D553E8002F22F0806243E8002146
S31590025A400029F7D1EDE70022C26653E8002F22F033
S31590025A50100243E800210029F7D1DA69D20601D56E
S31590025A6010221A62B0F85C10FFF795FD08BD9A698C
S31590025A7042F008029A61F9E7000C005803682DE992
S31590025A80F047DD690446D3F800809E68D0F88C20F2
S31590025A90B0F86070222A40F0B580B0F86830002BDA
S31590025AA000F08B804FF0000906F001064FF0040AD1
S31590025AB0AB0640F182802368A26D5B6A3B4013700D
S31590025AC0A36D0133A365B4F85E30013B9BB2A4F893
S31590025AD05E302368DD6968072AD0E9070AD518F48B
S31590025AE0807F07D001221A62D4F8902042F00102F8
S31590025AF0C4F89020AA0708D53EB102221A62D4F8B9
S31590025B00902042F00402C4F89020680708D53EB16E
S31590025B10C3F820A0D4F8903043F00203C4F8903032
S31590025B20D4F8903023B12046FFF708FDC4F8909040
S31590025B30B4F85E309BB2002BBAD1226852E8003F8D
S31590025B4023F4807342E8003123680029F5D1304866
S31590025B5003F1080252E8002F024003F1080545E8D6
S31590025B6000210029F4D120226167C4F88C20294AA9
S31590025B70216793420AD05A68110207D553E8002F3B
S31590025B8022F0806243E800210029F7D1E26E012AD1
S31590025B9034D10022E26653E8002F22F0100243E845
S31590025BA000210029F7D1DA69D20601D510221A62AC
S31590025BB0B4F85C102046FFF7EEFCB4F85E309BB268
S31590025BC0D3B1B4F868209A4216D9226802F1080332
S31590025BD053E8003F23F08053083242E800312268AE
S31590025BE00029F2D10C4B636752E8003F43F0200341
S31590025BF042E800310029F7D1BDE8F087204604F04B
S31590025C0033FBDAE79A6942F008029A61F4E700BF39
S31590025C10FEFFFFEF000C0058ED58029003682DE945
S31590025C20F047DD690446D3F800809E68D0F88C2050
S31590025C30B0F86070222A40F0B280B0F86830002B3B
S31590025C4000F088804FF0000906F001064FF0040A32
S31590025C50AB067FD52368A26D596A394022F8021B9A
S31590025C60A265B4F85E20013A92B2A4F85E20DD698C
S31590025C7068072AD0E9070AD518F4807F07D001224F
S31590025C801A62D4F8902042F00102C4F89020AA0732
S31590025C9008D53EB102221A62D4F8902042F004024C
S31590025CA0C4F89020680708D53EB1C3F820A0D4F86E
S31590025CB0903043F00203C4F89030D4F8903023B178
S31590025CC02046FFF73BFCC4F89090B4F85E309BB246
S31590025CD0002BBDD1226852E8003F23F4807342E83C
S31590025CE0003123680029F5D12F4803F1080252E8C2
S31590025CF0002F024003F1080545E800210029F4D15E
S31590025D0020226167C4F88C20284A216793420AD0E0
S31590025D105A68110207D553E8002F22F0806243E8B1
S31590025D2000210029F7D1E26E012A34D10022E266DF
S31590025D3053E8002F22F0100243E800210029F7D100
S31590025D40DA69D20601D510221A62B4F85C1020469E
S31590025D50FFF721FCB4F85E309BB2D3B1B4F8682059
S31590025D609A4216D9226802F1080353E8003F23F0BB
S31590025D708053083242E8003122680029F2D10C4B56
S31590025D80636752E8003F43F0200342E8003100295E
S31590025D90F7D1BDE8F087204604F066FADAE79A6909
S31590025DA042F008029A61F4E7FEFFFFEF000C0058FA
S31590025DB0B9590290806B08B501230367C36E012B14
S31590025DC005D1B0F85C104908FFF7E5FB08BDFFF76F
S31590025DD0B4FBFBE708B50346806BDB69B3F5807FBE
S31590025DE032D00023A0F85E30026852E8003F23F4D6
S31590025DF0807342E8003103680029F5D103F1080265
S31590025E0052E8002F22F0010203F1080C4CE800211F
S31590025E100029F3D103F1080252E8002F22F0400242
S31590025E2003F1080C4CE800210029F3D12022C0F896
S31590025E308C20C26E012A07D153E8002F22F010025D
S31590025E4043E800210029F7D100230367C36E012B93
S31590025E5004D1B0F85C10FFF79EFB08BD04F004FA7B
S31590025E60FBE7D0F88820D0F88C00104370470000EA
S31590025E700268C369816830B504460069156887B0BF
S31590025E80014360690143A548194328400143E068EC
S31590025E901160516821F440510143A0695160A049B3
S31590025EA08A421CBF216A0843916821F06E4121F40F
S31590025EB030610143606A9160D16A21F00F0101431A
S31590025EC0D16298498A4212D1974A526D02F03802AB
S31590025ED0182A00F001813BD8082A00F0F580102A92
S31590025EE000F03A81002A00F0E98001206AE08F49A9
S31590025EF08A420DD18C4A526D02F00702052AF4D8D5
S31590025F00DFE812F07E00E2002A01EA0007012B0088
S31590025F1087498A42EED087498A42EBD086498A429D
S31590025F20E8D086498A42CFD085498A42E2D08549CD
S31590025F308A42DFD07A4B9A42D7D17B4A936D03F04D
S31590025F400703052BD1D8DFE803F038454A4F590F9E
S31590025F50202A00F0DE80282AC7D1B3F5004F00F040
S31590025F608A804FF40040C4E04FF40040764B626A58
S31590025F70656833F8122005EB4501B0FBF2F39942BE
S31590025F80B3D8B3EB053FB0D80023194604F00CFA08
S31590025F902A4609026B0841EA10610002C0184FF0C6
S31590025FA0000341F1000104F0FFF9684BA0F540723D
S31590025FB09A429AD82368D86003E0FDF7CDFC002870
S31590025FC0D4D100204FF00113A3660023C4E91D33F8
S31590025FD007B030BD6846FDF7D1FC0198EFE703A8FC
S31590025FE0FDF776FD0498EAE71368594813F0200FF7
S31590025FF0BCD01368C3F3C103D840B7E75548B5E799
S31590026000B3F5004F55D10023082B3FF66EAF01A290
S3159002601052F823F0416002904D600290EB5E02903E
S31590026020EB5E029053600290EB5E0290EB5E029002
S31590026030EB5E02905D6002900423E5E70823E3E7B6
S31590026040FCF76AFE0346002BBBD014E0FCF776FE03
S31590026050F8E76846FDF792FC019BF4E703A8FDF783
S3159002606037FD049BEFE713F0200F394B03D01268EC
S31590026070C2F3C102D340606A334A616832F8102093
S31590026080B3FBF2F34A0802EB43034FF6EF72B3FB0C
S31590026090F1F3A3F1100191423FF627AF23F00F02DD
S315900260A0C3F34203216892B21343CB6089E7294B2B
S315900260B0E1E7FCF731FE002883D01AE0B3F5004FF2
S315900260C0C4D0FCF73BFEF6E7B3F5004FB4D0684672
S315900260D0FDF754FC0198EEE7B3F5004F124A1368A8
S315900260E0C1D013F0200F1A4803D01368C3F3C1032B
S315900260F0D840616A144A636832F81120B0FBF2F014
S3159002610000EB5300B0FBF3F04FF6EF73A0F11002E1
S315900261104EE7B3F5004FCAD00E48EAE7F369FFCFD0
S31590026120000C005800100140004402580044004000
S3159002613000480040004C00400050004000140140CE
S3159002614000780040007C00400C4C0390FFFC0F004E
S315900261500090D00300093D00B3F5004F3FF46EAFB7
S3159002616003A8FDF7B5FC0498A5E700BF836A1A0752
S3159002617010B506D50168846B4A6822F40042224320
S315900261804A60DC0706D50168C46A4A6822F400327E
S3159002619022434A60990706D50168046B4A6822F43D
S315900261A0803222434A605A0706D50168446B4A6890
S315900261B022F4802222434A60DC0606D50168C46B2B
S315900261C08A6822F4805222438A60990606D501682B
S315900261D0046C8A6822F4005222438A605A0610D5C9
S315900261E00168446C4A68B4F5801F22F4801242EA30
S315900261F004024A6005D14A68846C22F4C0022243A2
S315900262004A601B0606D50268C16C536823F40023C4
S315900262100B43536010BD2DE9F843DDF820900446F8
S315900262200D46174698462268D36935EA03030CBF92
S3159002623001230023BB4201D0002022E0B9F1FF3FA7
S31590026240F2D0F7F725FCA0EB0800484529D8B9F11A
S31590026250000F26D021680B685A07E4D5802DE2D02C
S31590026260402DE0D0CE6916F008060CD008252046BF
S315900262700D62FFF75DF800230120C4F8905084F870
S315900262808430BDE8F883CB691B05CCD54FF4006307
S3159002629020460B62FFF74CF8202384F88460C4F8FA
S315900262A090300320EDE72DE9F7439846D0F88830F1
S315900262B004460E46202B174646D1002946D0002A80
S315900262C044D021230025C0F89050C0F88830F7F7C3
S315900262D0DFFBA3688146A4F85470B3F5805FA4F8F7
S315900262E0567003D123690BB935461E46B4F856202B
S315900262F04B46CDF8008092B242B940212046FFF734
S315900263008AFF202348B9C4F8883009E00022802108
S315900263102046FFF780FF30B120230320C4F888304F
S3159002632003B0BDE8F08322685EB935F8023BC3F349
S3159002633008039362B4F85620013A92B2A4F8562012
S31590026340D4E716F8013BF4E70220E9E70120E7E7F4
S3159002635073B500260446C0F89060F7F799FB236858
S3159002636005461B681A071CD56FF07E4332464FF4DA
S315900263700011009303462046FFF74DFF88B122682D
S3159002638052E8003F23F0800342E800310029F6D11B
S315900263902023C4F888300320002384F8843002B086
S315900263A070BD23681B685B0724D56FF07E4300227D
S315900263B04FF48001204600932B46FFF72CFFC8B17D
S315900263C0226852E8003F23F4907342E80031226833
S315900263D00029F5D102F1080353E8003F23F00103A7
S315900263E002F1080040E800310029F3D12023C4F8D5
S315900263F08C30D0E720230020C4F88830C4F88C3043
S31590026400E0662067C8E710B5044650B3D0F88830E6
S315900264101BB980F8843003F0CFFE24232268C4F897
S315900264208830136823F001031360A36A13B12046E0
S31590026430FFF79CFE2046FFF71BFD012811D023682B
S3159002644020465A6822F490425A609A6822F02A02AA
S315900264509A601A6842F00102BDE810401A60FFF78E
S3159002646077BF012010BD000030B581650023816899
S31590026470A0F85C20B1F5805FA0F85E20436731D129
S315900264800369002B40F2FF1318BFFF23A0F8603078
S315900264900023C0F890302223C0F88C30016801F1B5
S315900264A0080353E8003F43F00103083141E8003402
S315900264B00368002CF2D1456E8468B5F1005F0169DC
S315900264C035D1B0F86850954231D8B4F5805F29D16C
S315900264D0C1B1264A426753E8002F42F4807243E8DC
S315900264E0002121E029B90369002B0CBFFF237F23EA
S315900264F0CCE7B1F1805FC9D10369002B0CBF7F2332
S315900265003F23C3E71A4A426703F1080252E8002F73
S3159002651042F0805203F1080040E800210029F3D1AD
S31590026520002030BD114A42670029D4D1ECE7B4F578
S31590026530805F16D151B10F4A426753E8002F42F459
S31590026540907243E800210029F7D1E9E70A4A4267A7
S3159002655053E8002F42F0200243E800210029F7D1A8
S31590026560DEE7044A42670029F2D0E6E77D5A0290B6
S315900265701D5C0290ED580290B9590290D0F88C3079
S31590026580202B30B415D1B9B1B2B100230468C366D9
S315900265900A4B9C420AD063681B0207D554E8003F17
S315900265A043F0806344E80035002DF7D130BCFFF705
S315900265B05BBF022030BC70470120FBE7000C0058FD
S315900265C070B51346A0F85C20002204468165C0F897
S315900265D0902022202568C4F88C00D4F88000A0B1BF
S315900265E01C4EC6631C4E06641C4EC0E913620A46D4
S315900265F005F12401F8F7ACFF38B110230120C4F855
S3159002660090302023C4F88C3070BD226923683AB149
S3159002661053E8002F42F4807243E800210029F7D113
S3159002662003F1080252E8002F42F0010203F108003A
S3159002663040E800210029F3D103F1080252E8002F25
S3159002664042F0400203F1080141E800200028F3D10C
S31590026650DAE700BFD55D0290B55D02903F55029094
S31590026660D0F88C30202B30B415D1B9B1B2B1002309
S315900266700468C3660A4B9C420AD063681B0207D51C
S3159002668054E8003F43F0806344E80035002DF7D18B
S3159002669030BCFFF795BF022030BC70470120FBE764
S315900266A0000C0058436E30B52BB90123A0F86A301E
S315900266B0A0F8683030BD0368094D9A689968094C0C
S315900266C0C2F34262490F6B5C615C1B01B3FBF1F34F
S315900266D0A0F86A30AB5CA25C1B01B3FBF2F3E7E76E
S315900266E02C4C0390244C039070477047704710B51A
S315900266F090F884300446012B17D02423C0F88830B2
S3159002670003681A68196842F0005221F00101196073
S315900267104FF0005141661A60FFF7C4FF2023C0F87C
S315900267208830002084F8840010BD0220FCE790F89F
S315900267308430012B14D002682423C0F88830116863
S31590026740136821F0005123F001031360002343667E
S315900267501160202280F88430C0F88820184670474D
S315900267600220704770B590F884300446012B17D0FA
S3159002677005682423C0F888302E682B6823F001031D
S315900267802B60AB6823F060431943A960FFF78AFF39
S3159002679020232E60C0F88830002084F8840070BDD3
S315900267A00220FCE770B590F884300446012B17D08E
S315900267B005682423C0F888302E682B6823F00103DD
S315900267C02B60AB6823F060631943A960FFF76AFFF9
S315900267D020232E60C0F88830002084F8840070BD93
S315900267E00220FCE7064B1B684BB102EB0121054BDD
S315900267F0002201EB0031186889B2E9F7B8BF7047F9
S3159002680080190024906B0024F8B5064611480C4670
S3159002681003F0B2FD0746304603F0AEFD874217D12C
S315900268200D4803F0A9FD0546204603F0A5FD8542D5
S315900268300ED13A463146074803F0FEFC40B92A4645
S315900268402146054803F0F8FCB0FA80F04009F8BDFD
S315900268500020FCE76419002454190024F7B5044675
S315900268600D2723781BBB03B0F0BD0A2904D17E2ADB
S3159002687003F8017B1ED0013214F8011B013203F892
S31590026880011B217809B17F2AEFD1124B00251B6893
S31590026890012B11D11048009510490068ECF770FE53
S315900268A00028DED02946082003F026FDD9E70022EB
S315900268B00A4BE6E77F22E4E7094E92B20749094876
S315900268C03560FEF781FD3368002BCAD10120E9F7C6
S315900268D03FFEF8E718000024781900248CD7003080
S315900268E014000024A87000242DE9F043002385B0FB
S315900268F0624C0393ADF80A302368002B5CD00122D8
S315900269005F4C604B1146607903F0A2FC00225E4F09
S3159002691010201146DFF89891ECF7B6FC17225B49E6
S315900269203860ECF729FD3B68012202210093584B0F
S31590026930607903F08DFCFF213868ECF769FD554EBE
S315900269400122554B0221607903F082FC3146386868
S31590026950ECF734FE0122514B0546114600906079C0
S3159002696003F076FCDFF84C81336841F288329A6103
S31590026970D8F80030012B04D0002201211046FFF7EF
S3159002698031FF0022012302211046C8F80030FFF79A
S3159002699029FFADB10122424B6079114603F058FCB2
S315900269A0002201211046FFF71DFF3068ECF7F4FD37
S315900269B03068ECF7D3FCC2E70A20E9F7C9FD9BE7FA
S315900269C003A93068ECF720FF002837D1039B0122F8
S315900269D003211B685B890093324B607903F038FC84
S315900269E00DF10A0249460398EEF7F0F8D8F800300E
S315900269F0012B0CD0002201211046FFF7F3FE002254
S31590026A00012302211046C8F80030FFF7EBFE00255D
S31590026A10BDF80A30AB4208DC0398EEF703F900287A
S31590026A20DEDA0398EEF792F8CAE7D9F80030042135
S31590026A3000205A5D0135FFF7D5FEE9E70330A9D16B
S31590026A400025194B012203216079ADF8085003F015
S31590026A50FFFB0123009502A930681A46ECF790FDD8
S31590026A6005460028ACD00121152003F045FC0122F1
S31590026A700E4B1146607903F0EBFB8AE780190024EE
S31590026A807D290024D8A402907C190024F44D039009
S31590026A90EEA402907819002413A502903BA50290C9
S31590026AA0C3A5029061A502907EA502909EA5029032
S31590026AB0741900241800002438B50D4B0D4C1B6830
S31590026AC00D4D5B6A23702B68022B0AD0002201219E
S31590026AD01046FFF787FE0022022110462960FFF733
S31590026AE081FE227804210120BDE83840FFF77ABE64
S31590026AF0A870002488190024180000241FB50D4C94
S31590026B002068E9F797FE08B904B010BD4FF0FF323E
S31590026B10216801A8E9F754FE019B102BF0D1029B44
S31590026B2003F47063B3F5807F02BF034B01221A60B0
S31590026B30E6E700BF906B00242815002408B5044BA5
S31590026B401868E9F777FE003818BF012008BD00BF24
S31590026B50906B002430B5044685B0094D002201A8F9
S31590026B602968E9F72DFEDDE90120102A02D1C0B28B
S31590026B7005B030BD002CF1D14FF0FF30F8E700BFE1
S31590026B80906B00240023F0B5C45C202C05D03CBB4E
S31590026B901460002300200B60F0BD0133F4E742F845
S31590026BA026400136231AA44614F8017B202F0AD1D7
S31590026BB0002DF7D18CF80050013306E0222F08BF42
S31590026BC085F00105EEE7002FF8D1C45C202CF3D0B6
S31590026BD0C418C35C002BE2D1002EDAD0012312E056
S31590026BE000252E46F4E7222C07F1010702D0013048
S31590026BF08CF8004052F82350EC5D05EB000C002C0B
S31590026C00F1D101332C549E42C4D000200746F1E7BD
S31590026C10F8B50D4E3468302C0DDC0C4F4FEA041C3F
S31590026C2007EB041547F80C0001340020EB60346042
S31590026C30C5E90112F8BD01220548064B1146407975
S31590026C4003F006FB0120F5E73016002434160024E3
S31590026C507D290024E5A502900FB413B504AB084C28
S31590026C60FF2153F8042B2046019303F051FB204653
S31590026C70FFF7F4FD002002B0BDE8104004B0704763
S31590026C803015002408B50248FFF7E6FF002008BD3C
S31590026C900CA6029008B50248FFF7DEFF002008BD59
S31590026CA01CA60290FFF7DABD2DE9F041A2B0044688
S31590026CB00E4615460021822201A803F015FB9CB9C7
S31590026CC02E4E29462E48346800EBC410013403F048
S31590026CD0FBFA0A2394FBF3F203FB1244294B34602A
S31590026CE01C6022B0BDE8F081012C01D0631CF8D162
S31590026CF0244FDFF88C803B681C440A230A3494FBA9
S31590026D00F3F203FB1244E2013C6018F802206AB3E4
S31590026D103468082101A8224603F0E6FA04F18803B2
S31590026D2001A80DEB0304002304F8843CFFF7BAFF95
S31590026D303268202101A803F0D7FA01A8FFF7B2FF23
S31590026D403268082101A803F0CFFA01A8FFF7AAFF3B
S31590026D503968284608EBC11103F0B6FA284603F0C3
S31590026D600BFB30602846FFF79DFFBAE7013494FB90
S31590026D70F3F203FB12443C60B3E700BF1810002401
S31590026D8028100024141000242DE9F04F8BB00A46E7
S31590026D9007460591002103F0A7FA734B1D682DB1A2
S31590026DA000221A6001200BB0BDE8F08F2E46A8464D
S31590026DB0DFF8D0B1DFF8D0A1DBF800306B4C63B3CB
S31590026DC003F062FA0A28054638D004264FF00208E4
S31590026DD0A5F1200360799BB25E2B33D8644B0122D6
S31590026DE00321CDF80080CDE9016503F031FA022E38
S31590026DF000F0B880012ED5D0042EDDD10023ECB25E
S31590026E000693DAF80030002B27DD0634E4B2042C20
S31590026E1021D80123CAF80030CEE7564B4FF0FF3205
S31590026E2007A81968E9F7CCFC079B102B01BF089DB0
S31590026E30C5F30338C5F30326EDB2C9E70D2504263B
S31590026E404FF00208CDF8008001224B4B0321CDE989
S31590026E5001656079C9E7013BDCE7FF2CD9D0DFF801
S31590026E602C911B2CD9F8002000D0A2B3012A07D06E
S31590026E70022A11D0B2FA82F25209C9F800209BE78F
S31590026E80A4F15B035C425C416400C9F80040053C96
S31590026E90012C91D80022F0E7413C032CFAD801A2AA
S31590026EA052F824F0C76E0290B56E0290956E0290DB
S31590026EB0956E0290042231490120C9F800203A4683
S31590026EC0FFF7F2FEE6E703222C494FF0FF30C9F8AE
S31590026ED000203A46F4E7DFF8A490D9F80020002A79
S31590026EE013DD7F2C01D0082C0FD1013A002306A87E
S31590026EF0C9F80020BB5442F20803ADF818300823B3
S31590026F008DF81A30FFF7CEFE56E70D2C04D0A4F179
S31590026F1020015E293FF650AF0D2CBC548DF81840D7
S31590026F201AD10A228DF8182006A8FFF7BBFED9F8C7
S31590026F300020059B9342C4BF0132C9F800200D2C54
S31590026F407FF43AAFD9F80020002104203A4402F89F
S31590026F50011CC9F8001026E7094A1268002AE3D0F4
S31590026F602A22DFE730461EE7281500247D290024D1
S31590026F701EA60290906B002445A602901C10002437
S31590026F802C15002484190024241000242010002497
S31590026F90002307B5CDE90033154B93F83030E3B1B2
S31590026FA01448FFF759FE1448FFF756FE1348FFF7A9
S31590026FB053FE07216846FFF7E7FE04280BD11049D6
S31590026FC0684603F0CDF840B10E48FFF745FE002023
S31590026FD003B05DF804FB0C48F7E70C48FFF73CFE5C
S31590026FE06420E9F7B5FA03F077F90948EDE700BFAF
S31590026FF0902900246FA60290B5A60290E5A602906B
S3159002700026A702902AA702903DA7029048A702902F
S3159002701056A7029010B5104C94F8543033B104F13F
S315900270205400FFF73FFE0D48FFF73CFE0C4B0D4A0E
S3159002703018680D4B00280CBF10461846FFF732FE13
S3159002704094F83000094A0A4BBDE8104000280CBF5C
S3159002705010461846FFF726BE902900242AC80290A9
S315900270608C19002482A702907DA7029089A702908C
S3159002707088A702902DE9F04FBFB0802200218D4C57
S315900270801EA803F031F95020E9F762FA23680BB390
S315900270900122894E894B00241146707903F0D8F863
S315900270A0874F884B01221A6080211EA8FFF76CFE3B
S315900270B0054600900122844B0321707903F0C8F8AB
S315900270C0012D0BD10023814A1360002C40F0EF80F2
S315900270D00024E9E70A20E9F73BFAD7E7032CE3D83D
S315900270E0DFE804F0022A4A90784B0022022D1A60B9
S315900270F001D0042DECD1764B1B68012B02D1754839
S31590027100FFF7D0FD7448FFF7CDFD97F8543043B1A1
S315900271107248FFF7C7FD7248FFF7C4FD7148FFF743
S31590027120C1FD7148FFF7BEFD39697048FFF794FDBE
S315900271306F48FFF7B7FD5DE0102200216D4803F01E
S31590027140D3F8102200216C4803F0CEF8042DABD16F
S3159002715010221EA96748022403F0FEF86748FFF73B
S31590027160A1FD674B01221A60664B012203217079B9
S31590027170009403F06DF897E7042D95D110221EA97D
S315900271805D4803F0E9F85E4B00225F495F481A605A
S31590027190FFF73AFB4D4C804658B101235C48236079
S315900271A0FFF780FD5B48FFF77DFD0324FFF732FF73
S315900271B0DAE759495948FFF727FB054630B1544853
S315900271C0C4F80080FFF76EFD5548ECE7404B1B680C
S315900271D0022B11D153495448FFF716FB60B153481D
S315900271E0FFF760FD03F04CF864202560E9F7B0F9EB
S315900271F003F072F80124B7E700234D482360FFF7A6
S3159002720051FD95E700211EAA0846FFF74DFD64221F
S31590027210002105A803F068F805AA04A91EA8FFF79D
S31590027220B1FC049B002B03933EDDDFF814A10025ED
S315900272304FF00108DFF80CB1059802F08DFFDBF8EC
S315900272400010DDF814908D420DDB3A49484602F063
S3159002725087FF20B13849484602F082FFF0B91B4BAE
S3159002726000221A6064E7B9F1000F13D0DAF8001021
S3159002727081B1484602F074FF28B1DAF80410484604
S3159002728002F06EFF30B94FF00008DAF80C3005A91B
S315900272900398984701350AF1100AD0E7B8F1000F22
S315900272A002D02648FFF7D8FCFFF7B4FEFCE61C4650
S315900272B05AE700BFE42000247D2900248BA7029080
S315900272C09029002480190024A0A702908C190024EA
S315900272D018000024BDA70290C7A70290D7A70290D4
S315900272E0E4290024D9A70290DCA70290E6A702908F
S315900272F00FA8029064190024541900241AA8029027
S315900273002C1500240DA90290D42900247DA7029061
S3159002731025A8029042A80290C429002455A802905A
S315900273205BA802906DA8029073A802907BA8029027
S31590027330AFA80290CAA80290D1A80290D6A80290AD
S31590027340341600243016002401282DE9F8430C4601
S3159002735015D1304C0025304E304F3148FFF77CFC2A
S3159002736033681034AB4203DC2E48FFF775FC49E0D4
S3159002737054E9041238460135FFF76EFCF0E702280D
S3159002738025D10026234DDFF890903746486802F0C3
S31590027390E3FED9F80030BB4202DC9EBB2248E4E70A
S315900273A0D4F80480B8F1000F0ED0296861B1404636
S315900273B002F0D6FE20B16968404602F0D1FE18B9B5
S315900273C00126A868FFF76EFC01371035E1E703380E
S315900273D001281CD8486802F0BFFE65681349284602
S315900273E002F0BEFE20B11249284602F0B9FE60B9FB
S315900273F0A06802F0B1FEE06802F0AEFED4E90201A6
S3159002740002F04AFF0020BDE8F8830A48ADE70A4831
S31590027410ABE700BF341600243016002452A902901E
S3159002742029A902905EA902909EA902909842039081
S31590027430D8A90290DDA902900AAA0290014B0122D4
S315900274401A607047140000240D4B13B5DC7890F83F
S315900274503130DB070BD50430F5F7A6FD0122094B37
S3159002746011460090204602F0F3FE02B010BD0122B2
S31590027470054B2046114602B0BDE8104002F0E8BE28
S315900274807D29002415B902902BB902908FB514204C
S31590027490364EE9F75DF80122354B1146B07802F087
S315900274A0D7FE344C02F030FF334B01220321B078E1
S315900274B002F0CEFE0021314F0846314DEDF7ACFC7D
S315900274C094F82F30002B49D12068EDF7E6FC38600E
S315900274D06068EDF7E2FC2860A068EDF7DEFC294BC8
S315900274E0294A18600292294A294D0192002223497B
S315900274F028460092224AEEF73DFD2846EEF7C8FD51
S3159002750094F82F301BB995F831305B072AD520486D
S31590027510EEF7C4FD94F82F503DB9E068EDF7BDFC47
S315900275201C4908602846EDF7CBFF94F82F30012BC3
S3159002753002D11748F4F798FC17491548EEF7F8FD6B
S31590027540164B01220321B07802F082FE144B0122DF
S315900275501A6041F28830E8F7FBFFFAE700203860BC
S315900275602860BCE72846EEF7BDFDD3E77D290024C7
S3159002757040B902909029002456B90290A82000247E
S31590027580A4200024A0200024854D0190A101019001
S31590027590AC2000249C2000244974029075B9029074
S315900275A0E42000240148F5F7FFBC00BFB020002478
S315900275B00148F5F7F9BC00BFB42000240148F5F75D
S315900275C0F3BC00BFB820002408B50020EDF788FF71
S315900275D0BDE80840F5F7E8BCF0B50C680025DFF881
S315900275E058E04FF00A0C065D2C462C2E0CD1E5B1D4
S315900275F06C431C601AE02E2E11BF059E14603C4609
S315900276000C4D18BF37600BE02A2EF0D01EF806708C
S3159002761017F00407EFD00CFB046495FBFCF5303CA5
S315900276200E6801360E60865DDFE714600B680133E3
S315900276300B60F0BDA0860100656C0490F0B50C68F5
S31590027640069E055D002427462C2D05D10B68013335
S315900276500B60059B1C60F0BD2A2DF7D09C42BABFE9
S315900276601555013437600D6801350D60455DEBE7C0
S31590027670164B37B51A680224154B164D1A60164BDF
S31590027680164A1860164B1960164B18602B68DB6900
S3159002769013609B06144A947016D5144B0122144813
S315900276A021460093134B007A02F04AFE4FF4807201
S315900276B011492846FEF7D4FF2B6801221A6204224A
S315900276C01C621A6208221A6203B030BD0C21002491
S315900276D014210024806F002410210024EC20002421
S315900276E0F4200024F02000246D29002495B90290FC
S315900276F07D290024010000010CD8003030B5394CA8
S315900277008BB0394B2268394D1344B3F5FA5F09D9D8
S31590027710374B0192012200934FF080731146287ADB
S3159002772002F00EFE236801220321324C0293324B61
S315900277301B680193314B00934FF08073287A02F0C5
S31590027740FFFD2F4B012203211B680893A38D0793FC
S3159002775094F82B30069394F82A30059394F82930AE
S31590027760049394F82830039394F82730029394F86C
S3159002777026300193234B00934FF08073287A02F0C0
S31590027780DFFD2378012203210693A38C059394F8B7
S315900277902230049304F111030134039394F82030B8
S315900277A001940293184B194C00934FF08073287AE8
S315900277B002F0C6FDE368012202210493A3680393B3
S315900277C06368029323680193114B00934FF0807381
S315900277D0287A02F0B5FD0023C4E90233C4E90033E6
S315900277E00BB030BDF4200024A0B59DFD7D29002468
S315900277F0A7B9029036210024F0200024BBB902904A
S3159002780014210024DEB902901BBA0290F8200024BB
S315900278103EBA0290084B1B6807B501930122074BAB
S315900278200321074800934FF08073007A02F088FD97
S3159002783003B05DF804FB00BFEC20002465BA029009
S315900278407D2900242DE9F047BEB0802200211EAE8C
S31590027850304602F049FDB44A4FF40031136819627A
S315900278600121196202211962042119620821196201
S31590027870D2F88030AD4A1B6893421ED0183293429A
S315900278801BD01832934218D01832934215D0183220
S31590027890934212D0183293420FD0183293420CD0A0
S315900278A01832934209D002F55672934205D0183295
S315900278B0934202D018329342FFD05C689C4FC4F533
S315900278C080743868FF346342E4B2DBB258BF5C42DC
S315900278D004F580731B1A5A42DBB2D2B258BF534296
S315900278E0A3F10802772A00F2D9819D1E431CB04665
S315900278F0B4465A42DFF85CE2DBB2D2B258BF534288
S3159002790000221EF80310013301320CF8011B594272
S31590027910DBB2C9B258BF4B429542F2DC854B01228B
S3159002792003210093844BCDE901048448CDE90356A3
S315900279300125007A02F004FD3046079502F01CFDFF
S31590027940062840F2AF819DF878301595242B40F0A9
S31590027950A581304602F010FD2B460025984204DDA3
S3159002796018F8012F2A2A40F008810138834280F2C2
S315900279709581581C002215AB0221304402F000FC7E
S31590027980159B002B00F08A81C0B2854240F0868119
S31590027990002507AA31466A488DF87E5002F088FC87
S315900279A0022800F0F680032800F02881012840F092
S315900279B07181294620220CAE0C900DA80A95CDE92C
S315900279C0085502F091FC2946242215A802F08CFC57
S315900279D00AAB09AA08A90DF17F000096FFF7FCFDF4
S315900279E0099B42F21072574D93FBF2F285F82920C9
S315900279F0642293FBF2FC02FB1C339CFBF2FE85F89D
S31590027A002B300A9B02FB1ECE0DAAAB850BAB85F8DB
S31590027A102AE0009320230196FFF710FE0C9B002B81
S31590027A2000F0AE800B9B012B40F0AA809DF834307B
S31590027A302B700BAD1023444A08A90DF17F000196D5
S31590027A400095FFF7FBFD20230DAACDE90056FFF71F
S31590027A50F5FD0C9B002B00F096800B9B012B40F0C2
S31590027A6092809DF83420374B83F822200CAE0BADD2
S31590027A701023364A08A90DF17F0001960095FFF76B
S31590027A80DDFD20230DAACDE90056FFF7D7FD0C9B0D
S31590027A90002B7BD00B9B012B78D19DF83420294B60
S31590027AA083F821200CAE08A90DF17F000AAB09AA32
S31590027AB00096FFF791FD42F210750A9B099A93FB85
S31590027AC0F5F302EB820203EB4203214A53800BAB9E
S31590027AD00DAA019600932023FFF7B0FD0AAB09AADF
S31590027AE00096FFF779FD6420099B164993FBF0F601
S31590027AF093FBF5F500FB163381F82850EDB281F829
S31590027B002630DBB21895034496FBF0F21A9391F85D
S31590027B10293000FB126215A8179391F82A3081F842
S31590027B202720D2B2169317E0806F002410000240ED
S31590027B30E820002476BA0290030000017D290024F1
S31590027B406C01002436210024472100243721002489
S31590027B50182100240CD8003091F82B30013A159355
S31590027B604FF0FF3319921D9302F07AFB514B186036
S31590027B70514A13680133136090E001335540EDE6A4
S31590027B800023079355E7002307936FE70023079394
S31590027B9088E7CDE909550B950DAE06250CAB15AACE
S31590027BA009A90DF17F00009320230196FFF746FD68
S31590027BB0013DF3D10AAA0BAB0096FFF70DFDDFF854
S31590027BC000810A9B88F800300BAB0096FFF704FD04
S31590027BD00A9B0B9D4FF47A7C03EB830395FBFCF592
S31590027BE003EB830305EB83050BABA8F804500096D1
S31590027BF0FFF7F2FC314B0A9A9A84B9E701230A9568
S31590027C000D9508A915950DF17F000CAACDE90B35B6
S31590027C10CDE908550BAD0AAB0095FFF7DDFC0AAB33
S31590027C200DAA0095FFF7D8FC0AAB15AA0095FFF7A7
S31590027C30D3FC0D9B224A5E1EDDF854A002EBC308CC
S31590027C40B60082F800A04FEA8309B14590D0B245BA
S31590027C501CDD0B2E1ADC0BAD09AA08A90DF17F00CB
S31590027C600AAB0095FFF7B8FC099B08F8023C0AABF1
S31590027C700095FFF7B1FC0AAB0095FFF7ADFC0AAB96
S31590027C800095FFF7A9FC099B08F8013C013608F11B
S31590027C900208DAE7084AD3680133D3603C603EB003
S31590027CA0BDE8F087044B5A6801325A609A680132ED
S31590027CB09A60F3E70C210024F82000243621002450
S31590027CC0182100240F4B70B51C680E460E4B1546B4
S31590027CD01B68C01A0D4B1B683BB10D4B0D491A68B8
S31590027CE00023A0FB010102F05FFB0A4B984288BF7A
S31590027CF0C01A4FF0190394BF0134023458433460CA
S31590027D00286070BD1421002410210024342C0024F4
S31590027D10C4080024005A6202034B0A4601461B68B5
S31590027D205B6A1846FFF7CEBF28730024002A0B68B9
S31590027D3010B50BDB13440C4A93420B6005D90368CA
S31590027D40013303600B689B1A0B6010BD54429C4230
S31590027D5006D90368013B0360034B086803440B6032
S31590027D600B681344F0E700BF00CA9A3B10B5084C63
S31590027D7003202168B1FA81F1490902F065FA236874
S31590027D800A22013393FBF2F102FB1133236010BDF9
S31590027D90FC210024314B0A222DE9F0431C688FB056
S31590027DA0013494FBF2F102FB11441C60002C52D177
S31590027DB02B4D01222B4E0221AB69DFF8B4800D9335
S31590027DC06B690C932B690B93EB680A93AB680993D7
S31590027DD06B6808932B680793B36906937369059347
S31590027DE033690493F3680393B368029373680193B8
S31590027DF0336800931C4B98F8010002F029FAEAF7CF
S31590027E00DFFE98F80190DFF86C8007466FF0090262
S31590027E104FF0FF33D8E90001381A61EB410102F0C5
S31590027E20E3F96430114B224641F10001CDE900019C
S31590027E300221484602F00CFA21461C223046C8E935
S31590027E40007402F051FA1C22214628460FB0BDE872
S31590027E50F04302F049BA0FB0BDE8F083F82100244E
S31590027E60C41C002480200024D7BD02901ABE029022
S31590027E707D290024F02100240F4B10B51B780F4C5E
S31590027E80412B15D10E4B1B68A3B921680129CCBF92
S31590027E9000210121062002F0D7F9236801335A42C4
S31590027EA003F0030302F0030258BF5342236010BD4E
S31590027EB00021EFE70121EDE736210024E821002495
S31590027EC0342C00240F4B1B689A1E012A10B50E4CB7
S31590027ED014D9012B14D121680129CCBF002101218B
S31590027EE0072002F0B1F9236801335A4203F00303E3
S31590027EF002F0030258BF5342236010BD0121EFE7FF
S31590027F000021EDE7901C0024E421002408B56420AA
S31590027F10554CE8F71DFB012254481146544B4078C4
S31590027F2002F096F9534A54495448554B12680968D7
S31590027F300068FEF76DFE534A53495448544B1268F3
S31590027F4009680068FEF764FE524A53495348544BF7
S31590027F50126809680068FEF75BFE524A5249534816
S31590027F60534B126809680068FEF752FE514A52490D
S31590027F705248534B126809680068FEF749FE514A07
S31590027F8051495248524B126809680068FEF740FE02
S31590027F90504A51495148524B126809680068FEF797
S31590027FA037FE504A50495148514B12680968006849
S31590027FB0FEF72EFE4F4A50495048514B12680968B7
S31590027FC00068FEF725FE4F4A4F495048504B1268BB
S31590027FD009680068FEF71CFE4E494F484F4B2268CF
S31590027FE009680068FEF714FE4D494E484E4B2268CA
S31590027FF009680068FEF70CFE4C4A4D494D484E4BB7
S31590028000126809680068FEF703FE4C4A4C494D48CF
S315900280104D4B126809680068FEF7FAFD4B4A4C49C7
S315900280204C484D4B126809680068FEF7F1FD4B4AC1
S315900280304B494C484C4B126809680068FEF7E8FDBC
S3159002804002F06AF902F04CF902F09EF9FFF78EFE01
S31590028050FFF7A0FEFFF710FFFFF734FF02F0FCF8E0
S315900280606420E8F775FAEFE70C0600247D290024D0
S3159002807028BE0290400000244400002448000024B8
S31590028080956C029034000024380000243C000024B1
S3159002809049730290E4010024E8010024EC010024D3
S315900280A0C1310008280000242C000024300000244E
S315900280B0856C0290200200242402002428020024C7
S315900280C041380008D8010024DC010024E001002494
S315900280D0093300088C0200249002002494020024A2
S315900280E0993A00081C000024200000242400002451
S315900280F0916F0290A8080024AC080024B0080024CE
S31590028100995E0008700700247407002478070024FB
S31590028110B15A0008180600241C060024E14B0008F8
S315900281201006002414060024C142000824080024E4
S31590028130280800242C0800247D940290B408002478
S31590028140B8080024BC080024815D00085009002468
S315900281505409002458090024B19D0290200A002453
S31590028160240A0024280A0024198F000807B50090D3
S31590028170012205480221054BC07A02F069F80020D7
S3159002818003B05DF804FB00BF7D2900241CC4029055
S3159002819007B50090012205480221054BC07A02F0EC
S315900281A057F8002003B05DF804FB00BF7D29002438
S315900281B039C4029007B50090012205480221054B69
S315900281C0C07A02F045F8002003B05DF804FB00BFC8
S315900281D07D29002454C4029007B5037801220548EC
S315900281E002210093044BC07A02F032F803B05DF894
S315900281F004FB00BF7D29002471C4029038B5054660
S3159002820011480C46FDF722F90F48FDF7BDF8681E96
S31590028210032805D8DFE800F0020E11140A4B5C60C1
S315900282200948FEF7F0F8802208490748BDE8384029
S31590028230FEF716BA044B9C60F2E7034B1C61EFE71C
S31590028240014BDC60ECE700BF3C7100248CD9003016
S3159002825070B586B0144606460D461022002102A835
S3159002826002F042F8092C24DC4FF6FF230DF10B02A3
S315900282708DF80B60ADF808302C238DF80A30002368
S31590028280A34218DB04F11803FF2200250C486B4425
S3159002829002A903F80C2CF02203F80B2C012300956B
S315900282A0A21D0068EBF76CF918B129460D2002F071
S315900282B023F806B070BDE95C013302F8011FDFE7CF
S315900282C0602700241FB50068ECF7E7FD044603908B
S315900282D068B90D4B5B6803930398ECF7DEFD0422B5
S315900282E0039003A90120FFF7B3FF04B010BD014626
S315900282F00120FFF783FF054800940122044B0221D7
S31590028300C07A01F0A5FFE7E73C7100247D2900249D
S315900283108DC402901FB503788DF80F307BB9144B3C
S315900283209B68002B14BF072308238DF80F30012278
S315900283300DF10F010220FFF78BFF04B010BD082B41
S315900283404FF002001CBF07238DF80F309DF80F40A7
S31590028350B4F1080118BF01210907FFF74FFF05483D
S3159002836000940122044B0221C07A01F071FFDEE7EC
S315900283703C7100247D290024AFC402901FB5037876
S315900283808DF80F30BBB91D4B1B69B3F5806F0ED0BC
S31590028390B3F5C06F0DD001238DF80F3001220DF188
S315900283A00F010320FFF754FF05B05DF804FB03238A
S315900283B0F2E70223F0E7022B19D0032B1AD0012BF6
S315900283C04FF000011CBF01238DF80F300320FFF7F9
S315900283D015FF9DF80F200A4B02210A4853F82230C6
S315900283E001220093084BC07A01F032FFD6E74FF490
S315900283F0C061EBE74FF48061E8E700BF3C7100246F
S31590028400944903907D290024D2C402901FB5047822
S315900284108DF80F40ACB9174BDB68B3F5005F0ED001
S31590028420B3F5405F14BF012303238DF80F30012269
S315900284300DF10F010420FFF70BFF04B010BD0223CC
S31590028440F3E7022C13D0032C0CBF4FF440510021BA
S315900284500420FFF7D3FE084B0848012253F8243034
S3159002846002210093064BC07A01F0F2FEDFE74FF449
S315900284700051EDE73C710024844903907D29002444
S31590028480F2C402904378013B042B13D8DFE803F041
S315900284900306090C0F000230FFF714BF0230FFF7F4
S315900284A039BF0230FFF76ABF0230FFF7AFBF023023
S315900284B0FFF792BE7047000030B5204D85B0204C34
S315900284C02B68E05401335A4203F00F0302F00F0275
S315900284D058BF5342012B2B6009DDFF280AD11C4459
S315900284E014F8022CFF2A04BF03F1FF332B60FA2003
S315900284F005B030BDF028FAD1023BE25CFF2AF6D1F4
S31590028500227810492C2AC87A10D1029302216378D4
S31590028510CDE900230C4B012201F09AFE29682046F0
S315900285200239FFF7AFFF00202860E1E700920221AF
S31590028530064B012201F08CFEF5E700BF3C27002492
S315900285402C2700247D29002415C5029033C502905C
S3159002855030B585B005460024104B00900122104894
S315900285600221ADF80C40C07A8DF80E4001F070FEF3
S315900285704FF6FF530B4800940322ADF80C3003A933
S31590028580012300688DF80E50EAF7FAFF18B12146DA
S315900285900E2001F0B1FE05B030BD00BF60C502905D
S315900285A07D2900246027002430B585B00546002435
S315900285B0104B0090012210480221ADF80C40C07A6F
S315900285C08DF80E4001F044FE4FF6FF630B4800947F
S315900285D00322ADF80C3003A9012300688DF80E50E2
S315900285E0EAF7CEFF18B121460F2001F085FE05B0BD
S315900285F030BD00BF7BC502907D29002460270024F0
S3159002860037B50446009010480122104B0221C07AD9
S3159002861001F01EFE4CB90E4C206808B9FFF798FF80
S3159002862001232360002003B030BD2C2C08D1094DC4
S315900286302B6813B92046FFF78BFF01232B60F1E7D6
S315900286402046FFF7B1FFEDE77D29002498C50290F9
S315900286505C2700245827002470B50646164C174D01
S315900286602B6821687F335A4203F07F0302F07F0220
S3159002867058BF53428B421AD0114A12481368465435
S31590028680013313604B1C5A4203F07F0302F07F02C0
S3159002869058BF534223600C4B1A683AB901220144DF
S315900286A00A481A60FCF790FE23682B6070BD0A2078
S315900286B0E7F74EFFD4E700BF542700245027002443
S315900286C0482700240CD900304C2700243C71002402
S315900286D010B5274C034622683AB9FF2801D1236088
S315900286E00FE0BDE81040FFF7B7BFFF2A0AD1FF2877
S315900286F003D1FFF7B1FF0023F1E7821DD2B2042A1C
S31590028700EDD910BDF03A0F2AFBD801A151F822F00B
S315900287106B870290038702900387029003870290E9
S315900287200387029003870290038702900387029041
S3159002873003870290038702906B870290518702907B
S31590028740598702905F870290658702906B870290A5
S31590028750FFF756FF2060D4E7FFF708FDFAE7FFF729
S3159002876017FDF7E7FFF726FDF4E7FFF7A5FEF1E71A
S31590028770402700242DE9F04F002387B0944C5A20CD
S315900287800493ADF80E300593E7F7E2FE2368002BCB
S3159002879000F0BB8001228F4E8F4B1146F07A01F08A
S315900287A057FD00221020DFF870921146EAF76CFD11
S315900287B08A4B8B49DA8BC9F80000EAF7DDFDD9F8C6
S315900287C0003002210122F07A0093864B01F040FD9F
S315900287D0FF21D9F80000EAF71BFE834DDFF80C82E1
S315900287E02B4601220221F07A01F032FD7F49D9F817
S315900287F00000EAF7E3FE01227D4B04461146009003
S31590028800F07A01F025FD754AD8F80030128C9A61FB
S31590028810002CE5D104A9D8F80000EAF7F5FF07463F
S3159002882018B10021112001F067FD724B724AD3F8FC
S3159002883080301B6893421ED0183293421BD0183256
S31590028840934218D01832934215D01832934212D0CE
S31590028850183293420FD0183293420CD01832934268
S3159002886009D002F55672934205D01832934202D03D
S3159002887018329342FFD05C68DFF8A0A1C4F180045D
S31590028880DFF89CB17F34634204F07F0403F07F03E8
S3159002889058BF5C42DAF8003004F18005ED1A6B425B
S315900288A005F07F0503F07F0358BF5D42002D30DC53
S315900288B0CAF80040002F79D1049B1B685B89002B74
S315900288C0A8D04E4C01220321F07A276000934C4B9C
S315900288D001F0BEFC0DF10E0205A90498ECF776F9AB
S315900288E0BDF80E30002B55D10498ECF79BF9002871
S315900288F0F0DA0498ECF72AF923680122032100930F
S31590028900F07A404B01F0A4FC84E70A20E7F720FEB8
S315900289103CE73D4B01220321F07A0095002701F0B6
S3159002892097FCDAF8003001335A4203F07F0302F0E3
S315900289307F0258BF5342354AD15C0133FF290ABFA1
S315900289407A1C3A460BF80710571C0BF802105A423B
S3159002895003F07F0302F07F0258BF5342013D01D0DC
S315900289607E2FE8DD2A4B012203210097F07A01F04F
S315900289706FFC00233A46594600930123D8F800002B
S31590028980EAF7FEFD0746002890D000210C2001F060
S31590028990B3FC8BE7059B5A1C05921878FFF798FE55
S315900289A0BDF80E30013BADF80E3099E703373FF430
S315900289B031AF0122174BF07A114601F049FCD8F8F3
S315900289C00000EAF7E9FDD8F80000EAF7C7FC04E7E9
S315900289D0E42000247D290024B5C502909029002424
S315900289E0F44D0390CCC50290F3C502906027002403
S315900289F01DC602903C7100241000024048270024B4
S31590028A008EC60290B0C6029045C602908CD90030AE
S31590028A1068C60290D4C60290642700244427002494
S31590028A206827002438B50E4B0E4D1C682B689C4265
S31590028A3003D10D4B00221A6038BDD8BF80240B4952
S31590028A400B48E21A194492B2FCF7BEFC634204F058
S31590028A507F0403F07F0358BF5C422C60ECE700BFB3
S31590028A6054270024502700244C2700240CD9003088
S31590028A703C7100240A2380F3080030B5B0FBF3F072
S31590028A800A4D002305FB03F49842D4BF2E223D22C1
S31590028A90B4F1333F98BF7C22CA5401331A2BF1D1D9
S31590028AA03E230B5400238B7630BD00BFCDCCCCCC6D
S31590028AB008B501F0F5FB002803480CBF3C213E2186
S31590028AC0BDE80840FEF7C8B87FF3029070B52F4C08
S31590028AD02F4B21682F4A02392F4801298CBF114604
S31590028AE01946FEF7B9F82368023B012B4CD82B4C5A
S31590028AF02B482178FEF7B0F823782A4D13F0010F10
S31590028B0029492A4818BF2946294EFEF7A5F82378FF
S31590028B10284813F0020F0CBF31462946FEF79CF8FF
S31590028B202378254913F0040F244B254818BF19467C
S31590028B30FEF792F82378234813F0080F0CBF3146BC
S31590028B402946FEF789F823781F4913F0100F1F4B19
S31590028B501F4818BF1946FEF77FF823781D4913F070
S31590028B60200F1D4B1D4818BF1946FEF775F8217840
S31590028B701B48C1F38011FEF76FF821781948C9098D
S31590028B80BDE87040FEF768B870BD00BF901C002427
S31590028B90AAF30290B4F3029025F402908C1C00245E
S31590028BA041F40290CFF30290D3F3029064F40290D0
S31590028BB0E6F3029082F40290FCF30290E9F30290BB
S31590028BC0A0F40290BEF402901AB7029013B70290E4
S31590028BD0DCF402901BF402900BF40290FAF40290E9
S31590028BE018F5029036F50290484B494A2DE9F3471B
S31590028BF01968484B484800290CBF11461946474CFC
S31590028C00FEF72AF8464B474A1968474B47480029C8
S31590028C100CBF11461946FEF71FF8217800296ED12E
S31590028C204348FEF719F82378412B6CD194F821200A
S31590028C30642540494048FEF70FF894F822203F49B0
S31590028C403F48FEF709F8A18C4FF4A4723D48DFF82D
S31590028C501C814A43DFF81891B2FBF5F2FDF7FCFF4F
S31590028C6094F8283094F8272094F826103648FDF781
S31590028C70F3FFA38D3548009394F82B3094F82A206D
S31590028C8094F82910324CFDF7E7FF32482178FDF728
S31590028C90E3FFA2883048B2FBF5F105FB1122254687
S31590028CA092B22F46FDF7D8FF62880A232B480024FA
S31590028CB0B2FBF3F103FB112292B2FDF7CDFF2848E6
S31590028CC0FDF7CAFF2E4604F1030A4046FDF7C4FF9C
S31590028CD03B78A34205DDF3792146B2794846FDF702
S31590028CE0BBFF013402365445F2D10C2C05F1060530
S31590028CF0E8D11C4802B0BDE8F047FDF7ADBF1A486F
S31590028D00FDF7AAFF8FE702B0BDE8F087342C002466
S31590028D1054F5029058F502907EF502903621002481
S31590028D20302C002470F502905FF5029090F5029037
S31590028D30A2F5029037210024E8F5029047210024FB
S31590028D40FCF5029010F602902AF602904BF60290EB
S31590028D501821002473F6029085F602909EF60290F0
S31590028D60BCF6029008D40290BFF50290E6F6029005
S31590028D70F6F6029008B501F0A3FA20B10348BDE8D1
S31590028D800840FDF769BF0248F9E700BF05F7029070
S31590028D9038F702902DE9F0418EB01B220021274C24
S31590028DA06846274E01F0A0FA1B22002107A801F07F
S31590028DB09BFA0123234F2360FDF7A0FEDFF89080F4
S31590028DC02148FDF749FF4FF4FA60E7F7C1FBFDF73B
S31590028DD0B5FE30B1FDF792FE002323600EB0BDE8DA
S31590028DE0F081012001F0A4FA6946FFF743FE0120C3
S31590028DF001F09EFA6A4601463046FDF72DFF3D6820
S31590028E0007A92846FFF736FE0A4640462946FDF749
S31590028E1023FF01F001FA00280CBF2E25432501F00D
S31590028E20E7F90028294609480CBF2E225222FDF75F
S31590028E3013FFC820E7F78CFBC9E700BF2027002461
S31590028E4074F702901C2700245AF7029096F7029024
S31590028E5088F702902DE9F04389B01B220021344E07
S31590028E6001A8344D01F040FA0123DFF8DC8033602B
S31590028E70FDF744FE3048FDF7EFFE4FF4FA60E7F750
S31590028E8067FB2E4F00232B80FDF758FE044630B128
S31590028E90FDF734FE0023336009B0BDE8F083C820A5
S31590028EA0E7F756FBB5F8009001A9C9F307194846AA
S31590028EB0FFF7E0FD0A4640464946FDF7CDFE396882
S31590028EC001AB1F4800FB04F20134B2F1333F8CBF71
S31590028ED02E227C22152C03F8012BF3D100238DF838
S31590028EE0193043F2104399420BDC43F63C43ADF8FA
S31590028EF0043001AA1348FDF7AFFE00232B803B6096
S31590028F00C2E743F6DF33994205DD3E238DF81730EB
S31590028F108DF81830EDE7A1F55F536422383B93FB49
S31590028F20F2F320335E226B4403F8122CE1E700BF82
S31590028F3020270024142700245AF702907420002434
S31590028F40CDCCCCCCAEF702909DF70290F8B5194CE9
S31590028F50012364252370237833B10A20E7F7F8FAC0
S31590028F60013DF8D12378FBB9134C144E144D154F8D
S31590028F70226831681448FDF76FFE2A6839681348EB
S31590028F80FDF76AFE33683A682168D21A2B68104850
S31590028F905B1A4FF47A7193FBF1F30E4901FB02319E
S31590028FA0BDE8F840FDF758BE0B48FDF755FE257013
S31590028FB0F8BD00BFC01C0024B01C0024B41C0024C1
S31590028FC0B81C0024BC1C0024C2F70290DCF7029065
S31590028FD0F6F7029040420F001AF802902DE9F341FB
S31590028FE040F2FF724FF001113748F5F79FFB60B9D7
S31590028FF03548F5F7B9F8044638B9334D0021284675
S31590029000F4F788FD50B10A2C03D13048FDF724FEBF
S315900290101EE001200134E7F79BFAEFE70A2CF4D021
S315900290202948F4F703FE2A4B81B250201A8CB3F8E2
S315900290304030891A9B1A4143264891FBF3F11E311F
S31590029040052301EBC10292FBF3F22032FDF704FEF7
S315900290500124214E00219020334622462746DFF8EE
S315900290608080CDE9004401F093F996F9001005232A
S315900290701A4801EBC10292FBF3F22032FDF7ECFDA6
S3159002908065000123032202219035ADB2284601F0F4
S31590029090B7F898B13346012200212846CDE90077E8
S315900290A001F076F996F900200521404602EBC203BB
S315900290B093FBF1F321462033FDF7CEFD0134082CC4
S315900290C0DED102B0BDE8F0819078002466F8029075
S315900290D000E8F11F47F802904CDA003086F80290C9
S315900290E0A5F802901FB500230DF10B0103A8039377
S315900290F08DF80B3001F03CF99DF80B3023B10F48F7
S31590029100FDF7AAFD04B010BD039840F6B8340C4B97
S31590029110B0FBF3F103FB11000A4BB0FBF3F203FB36
S315900291201200B0FBF4F304FB130032240390B0FB5D
S31590029130F4F000900448FDF78FFDE3E7C5F802903E
S3159002914000EB410020BF0200F4F802907FB50024A4
S31590029150274D284E28480394CDE90144FDF77CFD1E
S31590029160013415F8011F3046FDF776FD052CF7D12F
S31590029170224B234893F82E10FDF76EFD03AA02A9FF
S3159002918001A801F085F8019B23B91E48FDF764FDFD
S3159002919004B070BD1C48FDF75FFD039B1B48002B76
S315900291A014BF64210A21FDF757FD194A194B0299FA
S315900291B01948002914BF11461946FDF74DFDFEF7D1
S315900291C0F1F901461548FDF747FDFEF7F1F901461B
S315900291D01348FDF741FDFEF7F1F901461148FDF7F7
S315900291E03BFDFEF7F1F901460F48FDF735FDCFE756
S315900291F0B829002439F9029022F902909029002484
S31590029200E70B039040F9029075F9029096F9029055
S315900292101DF9029018F90290B5F90290D6F90290CA
S31590029220F0F902900AFA029024FA029000B5ADF58E
S31590029230177D4FF416720021684601F055F80648DC
S31590029240FDF70AFD6846E9F71BFA6846FDF72AFD1F
S315900292500DF5177D5DF804FB3EFA02902DE9F0417B
S315900292608AB028220021274C6846274D01F03CF807
S315900292700123264E2360FDF741FC254F2548FDF735
S31590029280EBFC4FF4FA60E7F763F9FDF757FC80467B
S3159002929030B1FDF733FC002323600AB0BDE8F081BC
S315900292A028222E21684601F01FF87C231A49412272
S315900292B08DF800308DF8213020238DF824808DF89A
S315900292C0223051F8043B93FBF5F30133202BA8BFD0
S315900292D02023012BB8BF012328336B4403F8282C93
S315900292E00132D2B2512AECD1336813B142238DF8AE
S315900292F023303A6869460948FDF7AEFCC820E7F77D
S3159002930027F9C2E720270024A08601009026002490
S315900293108C2600245AF7029094260024F2A30290F7
S315900293202DE9FF47474B1B682BB9474804B0BDE868
S31590029330F047FDF791BCFDF7E1FB4448FDF78CFC45
S315900293404FF4FA60E7F704F9414D0023414EDFF8F6
S315900293502081DFF82091404F2B603360FDF7EEFBC2
S3159002936020B104B0BDE8F047FDF7C8BBD8F800308D
S315900293709BBB2B686BB3D9F800404FF47A60374A9F
S315900293804FF0280A04F0030CB4FBF2F1B4FBF0F3AD
S3159002939002FB114200FB1343B2FBF0F219209B0829
S315900293A000FB0CFCE01949BF2D482B24001B2D24F1
S315900293B0B0FBFAFE0AFB1E004FF0190A0AFB00F0F8
S315900293C0CDE900C4CDE902E02648FDF745FC00232D
S315900293D02B60C820E7F7BCF8C0E73368002BF8D0BB
S315900293E0214B0446013453F8042B192C1044F9D11D
S315900293F090FBF4FEDFF880A04FF47A6C04FB1E0417
S31590029400164A82444FF47A70BEFBFCF3BEFBF2F12D
S31590029410444364200CFB13E302FB11E20EF0030EAD
S315900294209B08CDF804A0B4FBF0F4FA2000FB0E449E
S315900294300E48B2FBFCF20094FDF70EFC002333605B
S31590029440C7E700BF342C00244AFA02905AF70290DA
S31590029450282C0024A864002400A69DFD00093D0046
S31590029460005A62027DFA029044640024B0FA029095
S31590029470AC640024C0080024003665C40023022888
S3159002948013B50C4601930FD1486800F065FE01AA08
S315900294906168204800F00CFF019B43B11E48FDF71E
S315900294A0DBFB002002B010BD01230193F6E70138E1
S315900294B00C28F6D8DFE800F0070A0D101316191CCF
S315900294C01F2225282B00FFF7F3FAEAE7FFF7FEFAA9
S315900294D0E7E7FFF789FBE4E7FFF74CFCE1E7FFF7E5
S315900294E059FCDEE7FFF7B6FCDBE7FFF72FFDD8E77F
S315900294F0FFF774FDD5E7FFF7F5FDD2E7FFF726FEF6
S31590029500CFE7FFF793FECCE7FFF7A8FEC9E7FFF791
S3159002951007FFC6E77C070024B0BA02902DE9FF4701
S3159002952080460E4617469946EBF704FB0546A0B9C8
S315900295302C460146042000F0DFFE19480122032141
S31590029540CDE9017473885BBA9BB20093154B807B0D
S3159002955000F07EFE04B0BDE8F087BCB22146EBF780
S3159002956007FB224631462868EDF780F90446824683
S3159002957038B10021062000F0BFFE2846EBF7E6FA46
S31590029580DBE74B4608F114022946D8F81000E9F7B2
S315900295907BFF04460028F0D051460720EBE700BF38
S315900295A07D2900249302039037B5002200BA0C4617
S315900295B0104D486111462020E9F766FE0E4B206158
S315900295C0012200900221A87B00F042FE04F11401D0
S315900295D045222069E9F7F6FE2369012202210093CA
S315900295E0064BA87B00F034FE236941F288329A61D9
S315900295F003B030BD7D290024B9020390D7020390AF
S315900296002DE9F04190B049BA044617460DF10A0881
S315900296103622ADF80810014640461E4600F0B4FDCB
S31590029620204600F0A9FE012F044600F1030518D04A
S31590029630022F1DD0002402AB1148012203211D44A2
S31590029640104BCDE90085807B00F002FE4523224631
S3159002965002A93046FFF762FF0023338110B0BDE8BE
S31590029660F08102AB08490C34581900F0A9FDE2E7E3
S3159002967002AB06490934581900F0A2FDDBE700BF98
S315900296807D29002408030390F902039002030390B4
S315900296902DE9F04F0446006989B047F2305243688B
S315900296A0002606A99A82ADF81660CDE90666EAF713
S315900296B0ABF8054688B13146122000F01DFE022312
S315900296C0012244486381A5811146434BCDE9005658
S315900296D0807B00F0BDFD002609E0069B1B685E8933
S315900296E0A6F10408B8F5007F0BD905236381069885
S315900296F008B1EBF72BFA304609B0BDE8F08F042398
S31590029700F4E7364F0DF1160207A90698EBF75EFAC3
S31590029710BDF81690079978194A464D4400F024FEF2
S315900297200698EBF77FFA0028ADB2EBDAB7F802901B
S315900297304FF0000B2748012299FA99F5284B00968B
S3159002974003211FFA85FACDE901AB807B00F080FDFB
S315900297503A787B7803EB0223069A9BB2032B6380BB
S315900297601DD1B9F5807F928907D1A28023895A1C8F
S31590029770924508D1043E2581B9E7A18891421CBF42
S315900297805E466381F2E7534506D1002117204FF0DA
S31590029790FF3600F0B1FDAAE7062363819BE7042B0F
S315900297A00ED1042EA1D19389B9F1000F02D1A380D3
S315900297B0258190E7A2889A421CBF03236381F7E72B
S315900297C0052B9CD10123464663817B885BBAA38194
S315900297D08DE700BF7D29002427030390F4290024F6
S315900297E04703039007B5018900228388019249BAFB
S315900297F00422ADF806100DEB02018DF80520FFF755
S315900298008DFE03B05DF804FB03890A4608490133CD
S31590029810043230B400259BB20D700325CB704D7087
S315900298201D0A03818D70838830BCFFF777BE00BF17
S31590029830F429002410B588B00446202200216846F7
S3159002984000F052FD63890522023B8DF80120934276
S3159002985025D8DFE803F003060A1D2422114901A840
S3159002986009E011498DF80320F9E704230F498DF891
S3159002987003300DEB030000F0A3FC01A800F07CFD81
S31590029880A388421D69462046FFF748FE08B010BDE0
S31590029890042307498DF80330EBE70649DFE70649CB
S315900298A0DDE700BF740303907C0303908603039065
S315900298B091030390A3030390B003039010B504465B
S315900298C0006908B1E9F74AFD204618220021BDE851
S315900298D0104000F009BD00004189828909B922BB76
S315900298E070474B1E072B20D8DFE803F004090D10B2
S315900298F01316191C0E4B01210E48FDF7ADB9022124
S315900299000D48FDF7A9B903210C48FAE704210C4842
S31590029910F7E705210B48F4E706210B48F1E7072103
S315900299200A48EEE708210A48EBE70A48E9E700BF4A
S31590029930F8290024C1030390E603039003040390DD
S315900299402204039042040390690403908F040390C7
S31590029950B4040390DA04039010B5094C094A2368BB
S315900299600948D15CFDF778F9236801335A4203F02E
S31590029970030302F0030258BF5342236010BD00BF97
S31590029980A0630024204A0390000503902DE9F04F2E
S31590029990AFB00C461822002106900AA800F0A4FC4B
S315900299A0502200211AA800F09FFC2822002110A81C
S315900299B000F09AFC24B128222146784800F0CCFC8B
S315900299C0764B1E78002E3DD17548FDF745F9CDE9C7
S315900299D00066CDE90466BDF83230724D002B40F038
S315900299E0C281009B64245C436F4B1B68012B14BF9E
S315900299F04FF000734FF48003B4FBF3F4F4F748F896
S31590029A004FF47A73801B22460099B0FBF3F36748B2
S31590029A10FDF722F901232B60069B022B0CD1019BA9
S31590029A2013B16348FDF718F901996248FDF714F9E5
S31590029A30019B0BB100232B600AA8FFF73FFF2FB0C3
S31590029A40BDE8F08F069B012B0DD1574B5A481B68E8
S31590029A50012B14BFD2211E21FDF7FEF8574A002191
S31590029A60069800F0D5FB564C5648616900F0E0FB2B
S31590029A7060690AA90024FFF797FD01220AAB4748BD
S31590029A8011462546FFF7BCFD2746F4F701F800F18B
S31590029A90FA03064602940793CDE90044CDE90444BD
S31590029AA00AA8FFF7F5FD059B814601330593BDF89C
S31590029AB03230002B40F04A810AA8FFF793FEBDF898
S31590029AC03230002B40F04281B9F1FF3FE8D0039348
S31590029AD03D4BDFF8F8E0196800239C461A46039836
S31590029AE0814529DC0BB1384B1960039B99454CD0C3
S31590029AF072BBB9F5007F2EE103981EF800A00130E3
S31590029B00AAF120080390B8F1400F09D807F1B803DB
S31590029B10114601376B4403F850AC01239C46DEE7AD
S31590029B20BAF10D0F02D0BAF10A0FD8D1B1FA81F279
S31590029B30012152090B46D2E74F2F04DD002BD7D0D5
S31590029B40214B1960D4E7002AD6D00BB11E4B19606F
S31590029B50049B1AA8013304930123099300F00CFC89
S31590029B600D280ED99DF86830532B0AD19DF869308D
S31590029B70029303F0FB03332B2AD0029B302B00F087
S31590029B80AC800723ADF8323079E0B9F5007FAFDAD1
S31590029B90BCF1000FDCD1002ADAD11CE7A8630024BD
S31590029BA004050390A463002428270024B10503909A
S31590029BB0F7050390FF050390470503905999029084
S31590029BC090290024820503909C630024F82900249E
S31590029BD04FF0080809AB012202210DF16A0000F04C
S31590029BE0CFFA099B07461AA8002B4FEA580B0CBFCF
S31590029BF04FF0070A4FF0000A00F0BEFBBB1CCBF1F8
S31590029C00000BB0EB430F07EB0B0418BF4FF0070A9C
S31590029C10013CBAF1000FB4D1012209AB41461BA80F
S31590029C2000F0AEFACBF1000BFFB205465246D300D6
S31590029C30013225FA03F393453B44DFB2F7D1099BF0
S31590029C40002B9ED008F1B8030DEB0308A8F14C083F
S31590029C50544545DA099B002B93D0FF2F91D14FF0B3
S31590029C600003ADF83230029B332B08D1B5F1006F69
S31590029C7056D36219454B9A4243D805F5F015BDF86D
S31590029C803270F7B9029B332B1BD1009B2246234499
S31590029C900093069B012B45D110A93D4800F064FB29
S31590029CA0224629463A4800F05FFAF3F7F1FE079BFF
S31590029CB0984206D900993748FCF7CEFF079BFA33AC
S31590029CC00793502200211AA8002700F00DFBBDF839
S31590029CD03230002B3FF4FCAE0BE74FF0040879E7E5
S31590029CE009AB40460122022100F04AFA10ABC0B2FB
S31590029CF008F102080AF8030038440AF1010AC7B2C9
S31590029D00A6E7B5F1104F0BD3234B1B68012B234BC0
S31590029D1018BF6FF0DC439A4202D805F1E045AEE7F0
S31590029D2008232FE729461A4800F05AFA184910AA2A
S31590029D303B46A342B9DA12F8010B013311F8017BC3
S31590029D4087421EBF019801300190F2E7B9F5007F74
S31590029D5003D0B9F1FF3F7FF43EAEBDF83230002B0F
S31590029D603FF49EAE37E60E48FCF776FF0AA8FFF759
S31590029D70B3FD0C48FCF770FF0B48DDE90412FCF7C3
S31590029D806BFF1AA90948FCF767FF53E6FFFF010824
S31590029D9050DF00309D05039028270024FFFF3F9057
S31590029DA008D402901C0603903F0603906006039027
S31590029DB001282DE9F04FC8BF002399B0D8BF0123DF
S31590029DC0054648680E46019300F0C6F9019C9CB977
S31590029DD001AA7168AD4800F06BFA012802D1AC1E57
S31590029DE018BF0124019B022843EA040307D1032DDD
S31590029DF00BDD43F0010308E000200446F2E7032856
S31590029E00F5D0042803D1042DF3D1002208E00528C9
S31590029E1001D1022DF8E70628F7D1AA1E18BF012212
S31590029E20032D42EA03020CBFB168002101924AB1A6
S31590029E309748FCF711FF9748FCF70EFF9648FCF7F8
S31590029E400BFF66E00138062863D8DFE810F00700BA
S31590029E5079007D007F00CD0018017601002418223A
S31590029E60002108A800F040FA282200210EA800F04E
S31590029E703BFA2146142203A8029400F035FA2822CE
S31590029E802146864800F030FA854C86490EA800F0A5
S31590029E901BFA85490EA800F093F96169834800F090
S31590029EA0C7F9606908A9FFF77FFB012208AB0EA8E4
S31590029EB01146FFF7A5FB08A8FFF7EAFB044608A898
S31590029EC0FFF70AFDBDF82A303BBBB4F5007F27D0D9
S31590029ED008A8FFF787FCBDF82A3043BB03AA02A95C
S31590029EE07348FCF74FFE282205996C4800F04CF90E
S31590029EF0704A71497148FCF7AFFE7148DDE9031269
S31590029F00FCF7AAFE65496F48FCF7A6FE08A8FFF77C
S31590029F10D5FC002019B0BDE8F08FB4F5007F06D1CC
S31590029F20052308A8ADF82A30FFF784FCD3E76648E4
S31590029F30FCF792FE28220021584800F0D5F9E5E771
S31590029F400120FFF723FDE4E70220FAE70123F468F4
S31590029F500EA9B0680E9300F013FA0EA90646204693
S31590029F6000F00EFA0E9B0546002B39D1574866E74C
S31590029F70371957484FF0000B3946FCF76DFE3946B4
S31590029F80544F10225348B84600F02AF90BF1010BB0
S31590029F9018F8011B5046FCF75FFEBBF1100FF5D186
S31590029FA04FF00008DFF85891DFF858B14A48FCF7AD
S31590029FB053FE17F8011B08F1010819F8010010F079
S31590029FC0170F584608BF2E21FCF746FEB8F1100F20
S31590029FD0EFD110344148FCF73FFEA542C8D898E726
S31590029FE00024DFF824A1F8E73D4C3E482368DFF8C9
S31590029FF0E480012BDFF8149114BFD2211E21FCF7C5
S3159002A0002BFE394A0021012000F002F92368002430
S3159002A0103648012B2646254614BF4FF000774FF45B
S3159002A0208007FCF719FE4FF480722946404600F0ED
S3159002A030D7F8284A002312F8011B0133FF2918BFCB
S3159002A0400134B3F5807FF6D106FB07F36422B3FBA6
S3159002A050F2F39D4204D331460A364846FCF7FCFD9C
S3159002A06005F58075AF42DED82148FCF7F5FD21460D
S3159002A0702048FCF7F1FD204B00221A6049E71E4B5F
S3159002A0801B68002B44D11D48D9E600BFF008002476
S3159002A0906B060390B7060390FC060390A863002410
S3159002A0A090290024DCA70290BDA302908305039019
S3159002A0B0F8290024320703903D0703904307039043
S3159002A0C05B0703907307039088070390C107039079
S3159002A0D0AF07039050DF0030BE07039008D402907A
S3159002A0E0282700244705039059990290E007039088
S3159002A0F0FE07039007080390A46300242A0803909E
S3159002A100656C049001050390B7070390F4070390DA
S3159002A1100C48FCF7A1FD0C48FCF79EFD0B48FCF79A
S3159002A1209BFD0B48FCF798FDC820F3F7B7FC01207E
S3159002A13000F0DEF800F0D0F8EBE60648FCF7B2FD48
S3159002A140E7E600BF4C08039089080390B108039094
S3159002A150F40803902D0903905FF800F0A9630008B4
S3159002A1605FF800F0F10200085FF800F0D13F0008B6
S3159002A1705FF800F0713900085FF800F0817B000803
S3159002A1805FF800F0696200085FF800F03BA90008EA
S3159002A1905FF800F0817D00085FF800F0890D0008F5
S3159002A1A05FF800F0718000085FF800F069360008E9
S3159002A1B05FF800F0C13600085FF800F029840008C5
S3159002A1C05FF800F0F9A800085FF800F0D90D0008D2
S3159002A1D05FF800F031A400085FF800F0B17D000846
S3159002A1E05FF800F0193F00085FF800F039070008A1
S3159002A1F05FF800F0013100085FF800F0D18800089E
S3159002A2005FF800F0C93500085FF800F0797B000826
S3159002A2105FF800F0593E00085FF800F0E930000858
S3159002A2205FF800F0413700085FF800F04DA700088C
S3159002A2305FF800F0914200085FF800F017A9000855
S3159002A2405FF800F029A700085FF800F0412F000898
S3159002A2505FF800F0996600085FF800F09528000014
S3159002A2605FF800F009AB00085FF800F0D1600008D3
S3159002A2705FF800F0796000085FF800F0797E0008D8
S3159002A2805FF800F0915900085FF800F0510F00084E
S3159002A2905FF800F0C93600085FF800F0D153000865
S3159002A2A05FF800F0193100085FF800F0010E00081F
S3159002A2B05FF800F0016100085FF800F03936000897
S3159002A2C05FF800F0313100085FF800F0EFB5000852
S3159002A2D05FF800F0216A00085FF800F09928000004
S3159002A2E05FF800F0E92F00085FF800F0E9A800088F
S3159002A2F05FF800F0813A00085FF800F041540008D8
S3159002A3005FF800F069B400085FF800F0993600082B
S3159002A3105FF800F079A800085FF800F0F163000892
S3159002A3205FF800F0B10D00085FF800F08136000882
S3159002A3305FF800F0490D00085FF800F0018A000806
S3159002A3405FF800F0516700085FF800F01980000886
S3159002A3505FF800F0B97F00085FF800F031630008FB
S3159002A3605FF800F095A800085FF800F0FFB50008C6
S3159002A3705FF800F01D1800005FF800F00503000872
S3159002A3805FF800F0D16200085FF800F029640008D7
S3159002A3905FF800F0493500085FF800F0F17B00089D
S3159002A3A05FF800F0E16500085FF800F0D907000851
S3159002A3B0566F746572322D324B5F534E002E7478FF
S3159002A3C07400526573746F72652066696C65206954
S3159002A3D0732025730A0073657420257320256C6497
S3159002A3E02E256C642E256C642E256C640A0073658A
S3159002A3F0742025732025640A0073657420257320C2
S3159002A40025730A00536F7272792C207468697320CF
S3159002A410636F6D6D616E642069736E2774206176C9
S3159002A42061696C61626C6520696E2067756573748B
S3159002A430206D6F64652E0A004261636B75702066AB
S3159002A440696C652077696C6C2062652025730A00B9
S3159002A4506D797374617469636970006D79737461EF
S3159002A460746963736E006D797374617469636777E7
S3159002A470006D79737461746963646E730074667443
S3159002A480706164647200677073626175640067706C
S3159002A4907365646765006775657374707764007237
S3159002A4A06F6F74707764006D796E616D65006D790A
S3159002A4B069706D6F64650073326E706F727400733B
S3159002A4C0326E7074696D650072786D6F6465007234
S3159002A4D07373696D6F646500436F6E4574685278E5
S3159002A4E05461736B3A2053746172740D0A00436F10
S3159002A4F06E736F6C655461736B3A206E6574636F9D
S3159002A5006E6E5F6E65772028307825382E387829DA
S3159002A5100D0A00436F6E736F6C655461736B3A20CC
S3159002A52057616974696E6720666F72206120636FE6
S3159002A5306E6E656374696F6E0D0A00436F6E736F0C
S3159002A5406C655461736B3A2054656C6E65742043E6
S3159002A5506F6E6E656374696F6E20282564290D0A85
S3159002A56000436F6E736F6C655461736B3A20476FDD
S3159002A57074204461746120282564290D0A00436F72
S3159002A5806E736F6C655461736B3A2054696D656F27
S3159002A590757420636865636B2E2E2E0D0A00436FC9
S3159002A5A06E736F6C655461736B3A20436F6E736F03
S3159002A5B06C65206C696E6B2074696D656F7574211C
S3159002A5C00D0A00436F6E736F6C655461736B3A201C
S3159002A5D0436F6E6E656374696F6E20636C6F73659D
S3159002A5E0642E0D0A00436F6E736F6C655461736BC4
S3159002A5F03A20436F6D6D616E64207461626C652062
S3159002A6006F766572666C6F77210D0A004C6F67677D
S3159002A610696E67206F75742E2E2E0A000C00436F9A
S3159002A6206E736F6C655461736B3A205461736B20D1
S3159002A6304576656E74202825642C25642C2725631F
S3159002A64027290D0A00436F6E736F6C655461736BA5
S3159002A6503A205461736B204576656E742028256482
S3159002A6602C25642C307825322E3278290D0A005901
S3159002A6706F75206861766520616C74657265642079
S3159002A68073657474696E677320696E206D656D6FFC
S3159002A690727920746861742068617665206E6F7431
S3159002A6A0206265656E20736176656420746F204EB4
S3159002A6B0564D2E0A005468657365207365747469E5
S3159002A6C06E67732077696C6C206265206C6F737409
S3159002A6D020696620796F75207265626F6F74206E3D
S3159002A6E06F772E0A00456E74657220227965732201
S3159002A6F02028696E206C6F77657220636173652975
S3159002A70020746F20636F6E6669726D2C20616E790C
S3159002A7107468696E6720656C736520746F206162D8
S3159002A7206F72742E0A00796573004F4B2C206E65FA
S3159002A730766572206D696E642E2E2E0A0041626FC6
S3159002A7407274696E67210A005265626F6F74696EE0
S3159002A750672E2E2E0A00486D6D2C206469646E2732
S3159002A76074207265626F6F7420666F7220736F6D5C
S3159002A7706520726561736F6E2E2E2E0A00726F6F50
S3159002A78074004775657374002A3E00436F6E736F4B
S3159002A7906C655461736B3A2053746172740D0A003E
S3159002A7A0436F6E736F6C655461736B3A20534D2091
S3159002A7B04576656E7420282564290D0A00FFFB01F3
S3159002A7C0FFFB03FFFE220057656C636F6D65207475
S3159002A7D06F2074686520002700272000566F7465E5
S3159002A7E072322D324B00202853657269616C202398
S3159002A7F025642C2053572052657620302E303852BD
S3159002A8002C20323032362D30382D3235290A0055E9
S3159002A8107365726E616D653A200050617373776FDE
S3159002A82072643A20005741524E494E472120576151
S3159002A830746368646F672064697361626C65642E81
S3159002A8400A004772656574696E6773204D61737409
S3159002A8506572210A0067756573740047726565743F
S3159002A860696E6773204775657374210A0072657302
S3159002A870657400666163746F72790052657365746C
S3159002A88074696E67204E564D20746F2066616374AC
S3159002A8906F72792073657474696E677320616E64E2
S3159002A8A0207265626F6F74696E672E2E2E0A00494A
S3159002A8B06E76616C696420757365726E616D652FD3
S3159002A8C070617373776F72640A006C6F676F7574D9
S3159002A8D0006578697400436F6D6D616E64206E6F6A
S3159002A8E0742061207265636F676E697A65642E0A59
S3159002A8F0456E7465722068656C7020666F7220630F
S3159002A9006F6D6D616E64206C6973740A00436F6E2D
S3159002A910736F6C655461736B3A204E6577205374EE
S3159002A9206174652025640D0A00436F6D6D616E64D6
S3159002A93073206172653A202873686F7274637574B6
S3159002A94020696E20706172656E7468657369732989
S3159002A9500A00202D20257320282573290A00202AF3
S3159002A9603E2070726F6D7074206D65616E73207586
S3159002A9706E73617665642073657474696E67732C01
S3159002A980203E206D65616E7320616C6C20736574D8
S3159002A99074696E67732073617665642E0A00436FDD
S3159002A9A06D6D616E64206E6F7420666F756E642E27
S3159002A9B0202054797065202768656C702720666F11
S3159002A9C07220612066756C6C20636F6D6D616E642A
S3159002A9D0206C6973742E0A0073686F7700457874D9
S3159002A9E0656E6465642068656C7020697320666F15
S3159002A9F072207365742F73686F7720636F6D6D61C4
S3159002AA006E64206F6E6C792E0A0053796E7461783B
S3159002AA10206572726F722C202768656C702720668B
S3159002AA206F72206C697374206F6620636F6D6D61AF
S3159002AA306E6473206F72202768656C70205B636FFB
S3159002AA406D6D616E645D20666F722073796E74614E
S3159002AA50780A007265626F6F74202D207265626F3C
S3159002AA606F7420746865206465766963650A0072FE
S3159002AA7065626F6F74006C6F676F7574202D204CD2
S3159002AA806F67206F7574206F662074686520746591
S3159002AA90726D696E616C2073657373696F6E0A006D
S3159002AAA068656C70202D2068656C70207769746873
S3159002AAB020636F6D6D616E64730A202768656C7092
S3159002AAC027206C6973747320616C6C20636F6D6D53
S3159002AAD0616E64730A202768656C70205B636F6D84
S3159002AAE06D616E645D2073686F777320636F6D6DB1
S3159002AAF0616E642073796E7461780A00686C700076
S3159002AB0068656C7000636C73202D20636C6561724E
S3159002AB10207468652073637265656E0A2053656E4C
S3159002AB206420414E53492F565431303020464620A8
S3159002AB3028666F726D20666565642920746F20633E
S3159002AB406C656172207468652073637265656E0ABE
S3159002AB5000636C730043434D49566F7465720041AE
S3159002AB60534C33566F7465004D61737465725F43CF
S3159002AB706F6E74726F6C006E3063616C6C2E64795A
S3159002AB806E646E732E6E6574004E6F7420612072C1
S3159002AB9065636F676E697A6564204449414C207398
S3159002ABA0657474696E67206F72206D697373696ECE
S3159002ABB0672F657874726120617267756D656E74C0
S3159002ABC02C20656E746572202773686F772064698E
S3159002ABD0616C2720666F72206C6973742E0A00531B
S3159002ABE06F7272792C206E6F7420616363657373D2
S3159002ABF069626C65207769746820677565737420DD
S3159002AC006C6F67696E2E0A004449414C20536572F7
S3159002AC10766572204950202869662073746174693A
S3159002AC2063293A00556E617574686F72697A6564C4
S3159002AC30206368616C6C656E6765207261746520CD
S3159002AC40286D73293A004449414C205365727665C2
S3159002AC50722055445020506F72743A202020202042
S3159002AC6020202020202020005472616E736D69741A
S3159002AC70206275666665722064656C617920286DBE
S3159002AC8073293A00436F6D7072657373696F6E3A8A
S3159002AC90005061636B65742054696D696E67204DCF
S3159002ACA06F64653A004449414C20536572766572E9
S3159002ACB0204950204163717569736974696F6E207A
S3159002ACC06D6F64653A00486F737420506173737741
S3159002ACD06F72643A00566F746572204368616C6C49
S3159002ACE0656E676520737472696E673A00566F7403
S3159002ACF065722050617373776F72643A004449416A
S3159002AD004C20536572766572204651444E3A0052F3
S3159002AD10657374617274696E67204449414C20630D
S3159002AD206F6D6D732E2E2E0A0054686520706172B7
S3159002AD30616D6574657220796F75206A757374207A
S3159002AD406368616E67656420726571756972657311
S3159002AD502061207265626F6F7420746F2074616BCC
S3159002AD6065206566666563742E0A00536176696E20
S3159002AD70672073657474696E6773206669727374FB
S3159002AD8020776F756C64206265206120676F6F64AF
S3159002AD90206964656120746F6F2E00556E736176BB
S3159002ADA06564206368616E67657320617265206C65
S3159002ADB06F7374206F6E207265626F6F7421203A82
S3159002ADC0290A00526573657474696E6720475053F9
S3159002ADD02053796E632E2E2E0A00202020202020CA
S3159002ADE020202020204449414C205365727665727A
S3159002ADF020495020286966207374617469632920FA
S3159002AE002D20253132732028253373293A002020AC
S3159002AE10202020204449414C207365727665722029
S3159002AE204950206163717569736974696F6E206D9B
S3159002AE306F6465202D20253132732028253373299E
S3159002AE403A2025730A00202020202020202020202E
S3159002AE50202020204449414C205365727665722009
S3159002AE607265736F6C766564204950202D2025316A
S3159002AE7032732028253373293A002020202020205F
S3159002AE8020202020202020202020204449414C2090
S3159002AE905365727665722055445020506F727420B5
S3159002AEA02D20253132732028253373293A202564A3
S3159002AEB00A002020202020556E617574686F726991
S3159002AEC07A6564206368616C6C656E6765207261F1
S3159002AED0746520286D7329202D2025313273202800
S3159002AEE0253373293A2025640A00547820427566E0
S3159002AEF06665722F53696D756C63617374206C61AC
S3159002AF00756E63682044656C617920286D7329207B
S3159002AF102D20253132732028253373293A20256432
S3159002AF202E25362E36640A0020202020202020202E
S3159002AF302020202020202020202020202020202079
S3159002AF402020436F6D7072657373696F6E202D202A
S3159002AF50253132732028253373293A2025730A0026
S3159002AF602020202020202020202020202020202049
S3159002AF702020205061636B65742054696D696E67F9
S3159002AF80204D6F6465202D2025313273202825337C
S3159002AF9073293A2025730A00202020202020202081
S3159002AFA02020202020202020202020202020202009
S3159002AFB0486F73742050617373776F7264202D207B
S3159002AFC0253132732028253373293A2025730A00B6
S3159002AFD020202020202020202020202020202020D9
S3159002AFE020202020202020566F7465722050617395
S3159002AFF073776F7264202D20253132732028253382
S3159002B00073293A2025730A00202020202020202010
S3159002B01020202020202020566F746572204368617C
S3159002B0206C6C656E676520737472696E67202D20ED
S3159002B030253132732028253373293A2025730A0045
S3159002B0402020202020202020202020202020202068
S3159002B05020202020204449414C2053657276657207
S3159002B060204651444E202D202531327320282533F7
S3159002B07073293A2025730A004469616C20736574BA
S3159002B08074696E6720636F6D6D616E64206E6F7406
S3159002B09020666F756E642E2020547970652027681D
S3159002B0A0656C702073686F77206C6F63616C272074
S3159002B0B0666F7220612066756C6C206C6973742E53
S3159002B0C00A006469616C2069706D6F6465006469D9
S3159002B0D0616C20636F6D7072657373696F6E0064D5
S3159002B0E069616C207061636B657474696D696E6772
S3159002B0F0006469616C20756E6175746872617465BD
S3159002B100006469616C20706F7274006469616C206E
S3159002B1107478646C79006469616C20737461746983
S3159002B120636970006469616C20766F746572636896
S3159002B130616C006469616C20766F74657270776475
S3159002B140006469616C20686F7374707764006469D7
S3159002B150616C206671646E006469616C20737461BF
S3159002B1607469636970205B6970616464725D202D95
S3159002B170204449414C20736572766572204950206D
S3159002B1806164647265737320286966206469616C70
S3159002B1902069706D6F646520697320737461746938
S3159002B1A063290A006469616C2061637475616C69D4
S3159002B1B070202D205265736F6C76656420444941E8
S3159002B1C04C204950206164647265737320287368B9
S3159002B1D06F77206F6E6C79290A006469616C2070B2
S3159002B1E06F7274205B706F72746E756D5D202D2018
S3159002B1F04449414C207365727665722049502050BD
S3159002B2006F72740A006469616C20756E61757468F8
S3159002B21072617465205B6D735D202D20556E61752C
S3159002B22074686F72697A6564207265747279207235
S3159002B23061746520283130302D31303030306D7365
S3159002B240290A006469616C207478646C79205B6D5C
S3159002B250735D202D205472616E736D6974206465DE
S3159002B2606C617920666F7220627566666572696E28
S3159002B2706720616E642073696D756C636173742067
S3159002B2806C696E6575702E0A20202044656C617912
S3159002B2902063616E20626520646F776E20746F20E2
S3159002B2A06E73207573696E6720666C6F6174696ED2
S3159002B2B06720706F696E7420666F726D61740A0092
S3159002B2C06469616C20636F6D7072657373696F6E7A
S3159002B2D0205B756C61777C616470636D5D202D2057
S3159002B2E0436F6D7072657373696F6E206D6F64656F
S3159002B2F02E20204E6F74652C207468652044494137
S3159002B3004C0A202020736572766572206465746596
S3159002B310726D696E657320746869732C20736F20E1
S3159002B3207468697320636F6D6D616E642069736E64
S3159002B330277420757365642E0A006469616C2070A7
S3159002B34061636B657474696D696E67205B67707C07
S3159002B3506770737C66616B656770735D202D205094
S3159002B36061636B65742074696D657374616D702029
S3159002B3706D6F64650A202D206770202D2047656EBB
S3159002B3806572616C20507572706F7365207061631F
S3159002B3906B65742074696D696E670A202D206770DB
S3159002B3A073202D204750532D74696D65642070610A
S3159002B3B0636B6574730A202D2066616B6567707383
S3159002B3C0202D20416E206578706572696D656E7468
S3159002B3D0616C206D6F64652E204E6F742075736557
S3159002B3E066756C2D2D7965740A006469616C2069A5
S3159002B3F0706D6F6465205B7374617469637C646E4F
S3159002B400735D202D204D6574686F6420746F207271
S3159002B41065736F6C766520746865204449414C204B
S3159002B420495020616464726573732E0A202D2073CD
S3159002B4307461746963202D207573652061646472EA
S3159002B44065737320696E206469616C20737461748C
S3159002B4506963207365747474696E670A202D20641B
S3159002B4606E73202D2075736520646E7320616E64F1
S3159002B470204651444E20746F2066696E642064693A
S3159002B480616C20495020616464726573730A00642A
S3159002B49069616C20686F7374707764205B707764EF
S3159002B4A05D202D2054686973206973207468652025
S3159002B4B073686172656420686F73742070617373C8
S3159002B4C0776F726420666F72207468652064696112
S3159002B4D06C0A202020736572766572202831362098
S3159002B4E06368617273206D6178290A006469616C80
S3159002B4F020766F7465726368616C205B6368616CB9
S3159002B5005D202D2054686520566F746572322063D3
S3159002B51068616C6C656E676520737472696E67207C
S3159002B520283136206368617273206D6178290A002A
S3159002B5306469616C20766F746572707764205B7053
S3159002B54077645D202D20546869732069732074682E
S3159002B5506520756E697175652070657220766F7457
S3159002B56065722070617373776F726420666F722052
S3159002B5707468650A2020206469616C20736572760E
S3159002B580657220283136206368617273206D617806
S3159002B590290A006469616C206671646E205B706131
S3159002B5A074685D202D20466F722020444E53206C85
S3159002B5B06F6F6B75702C2074686973206973207431
S3159002B5C06865207061746820746F2073656E64205C
S3159002B5D0746F0A202020444E5320746F2072657334
S3159002B5E06F6C766520746F20616E2049502061647D
S3159002B5F0647265737320666F72207468652044491D
S3159002B600414C207365727665720A006469616C209A
S3159002B61072657374617274202D2054686973206404
S3159002B620697361626C6573204449414C20636F6D06
S3159002B6306D7320666F722061626F75742035207308
S3159002B64065636F6E647320746F0A202020666F7232
S3159002B650636520612072652D6E65676F746961748A
S3159002B660696F6E20776974682074686520444941D1
S3159002B6704C207365727665722E20204D6F73746CB2
S3159002B6807920666F720A202020746573742F646520
S3159002B69062756767696E6720707572706F7365738E
S3159002B6A00A00737461746963007374610067656EEE
S3159002B6B06572616C0067656E0066616B6567707333
S3159002B6C00066677073006D756C6177006164706374
S3159002B6D06D007369700061637475616C6970006165
S3159002B6E06970007561720074786400636D700070A1
S3159002B6F0746D0069706D006368610076707700689A
S3159002B70070770070727400726573746172740072ED
S3159002B710737400414450434D004D754C617700441B
S3159002B72069616C496E5461736B3A20537461727499
S3159002B7300D0A004469616C496E5461736B3A2044F8
S3159002B74049414C2073657276657220444E53204C63
S3159002B7506F6F6B7570206661696C6564210D0A0066
S3159002B7604469616C496E5461736B3A206E65746379
S3159002B7706F6E6E5F6E6577202825382E3878290D84
S3159002B7800A004469616C496E5461736B3A206E6526
S3159002B79074636F6E6E5F636F6E6E65637420282539
S3159002B7A0382E3878290D0A004469616C5461736B9E
S3159002B7B03A2044652D417574686F72697A65642082
S3159002B7C06279204449414C210D0A004469616C54C6
S3159002B7D061736B3A20417574686F72697A656421F8
S3159002B7E020282573290D0A004469616C5461736B94
S3159002B7F03A204449414C206661696C6564206368CD
S3159002B800616C6C656E67652F726573706F6E73652A
S3159002B810210D0A004469616C5461736B3A20527827
S3159002B820417574683A2054696D65203D20307825BB
S3159002B830382E38782C20486F737420466C616720B6
S3159002B840427974653A20307825322E32780D0A0084
S3159002B8504469616C5461736B3A20754C61772054DC
S3159002B860782054533A2025752E25303975206465F3
S3159002B8706C7461202536640D0A004469616C5461CA
S3159002B880736B3A2053656E64696E6720417574686E
S3159002B890206C656E2025640D0A004469616C5461C2
S3159002B8A0736B3A20754C61772052782054533A2024
S3159002B8B025752E253039752064656C746120253680
S3159002B8C0640D0A004469616C4F75745461736B3AE6
S3159002B8D02053746172740D0A0025372E37732563CF
S3159002B8E00025382E387325630025342E34642E3085
S3159002B8F0004469616C5461736B3A204C6F73742087
S3159002B9004449414C2053657276657220636F6D6D22
S3159002B91073210D0A004C5749503A204C696E6B20A0
S3159002B92069732075702025730D0A004C5749503A59
S3159002B930204C696E6B20697320646F776E0D0A00D6
S3159002B94045746865726E65745461736B3A2053746C
S3159002B9506172740D0A00457468546F705461736B0A
S3159002B9603A20507265204D595F4C5749505F496E47
S3159002B97069740D0A00457468546F705461736B3A1A
S3159002B98020506F7374204D595F4C5749505F496EE2
S3159002B99069740D0A0047505320444D4120726573D5
S3159002B9A0746172740D0A004750532044656C746139
S3159002B9B0204F4F42212025640D0A004750532054B0
S3159002B9C0696D3220495251203A20434331203D201D
S3159002B9D025752064656C74612025640D0A004750B4
S3159002B9E05320446174613A2025322E32642F2532D7
S3159002B9F02E32642F25322E32642025322E32643A2C
S3159002BA0025322E32643A25322E32642E25332E3347
S3159002BA10642055543A2025750D0A00475053204408
S3159002BA206174613A2025732563202573256320412D
S3159002BA306C743A25642053743A25630D0A00475074
S3159002BA405320446174613A204F4B20253264204240
S3159002BA5053202532642042432025326420492025F2
S3159002BA6032640D0A004750532049535231202538EB
S3159002BA702E38780D0A00475053205541525420498A
S3159002BA805251202533642D25336420282533642989
S3159002BA9020222573220D0A0024474E524D4300243C
S3159002BAA0474E474741002447504753560025730057
S3159002BAB0496E76616C696420706172616D657465B8
S3159002BAC0722C207365652068656C702E0A0041752C
S3159002BAD064696F205061636B6574204A69747465FA
S3159002BAE07220486973746F6772616D0A0020206DC7
S3159002BAF07320202020636F756E7420677261706860
S3159002BB000A002533642D25336420253564200020D0
S3159002BB1020203E25336420253564200041756469D2
S3159002BB206F205061636B6574204E6574776F726B8C
S3159002BB302044656C617920486973746F6772616D90
S3159002BB400A002020206D732020202020636F756EBE
S3159002BB50742067726170680A003D3D3D3D3D3D3DF2
S3159002BB603D3D203D3D3D3D3D203D3D3D3D3D3D3DA7
S3159002BB703D3D3D3D3D3D3D3D3D3D3D3D3D3D3D3D5D
S3159002BB803D3D3D3D3D3D3D3D3D3D3D3D3D3D3D3D4D
S3159002BB903D3D3D3D3D3D3D3D3D3D3D0A00253464A7
S3159002BBA02D253464202535642000202020203E2532
S3159002BBB0346420253564200073746F70006E65744A
S3159002BBC064656C6179202D205B73746172747C73E9
S3159002BBD0746F707C72657365747C73686F775D2021
S3159002BBE0417564696F207061636B6574206E6574CC
S3159002BBF0776F726B2064656C6179206D6561737580
S3159002BC0072657220636F6E74726F6C730A20202055
S3159002BC1020202020202020207374617274202D20F1
S3159002BC207374617274206D6561737572696E670A59
S3159002BC30202020202020202020202073746F702026
S3159002BC402D2073746F70206D6561737572696E675E
S3159002BC500A20202020202020202020207265736533
S3159002BC6074202D20726573657420636F756E74658A
S3159002BC7072730A2020202020202020202020736802
S3159002BC806F77202D2073686F77206E657464656C6C
S3159002BC90617920686973746F6772616D0A006E6468
S3159002BCA06C006E657464656C6179006A697474651A
S3159002BCB072202D205B73746172747C73746F707CC6
S3159002BCC072657365747C73686F775D20417564697C
S3159002BCD06F207061636B6574206A697474657220F3
S3159002BCE06D6561737572657220636F6E74726F6C37
S3159002BCF0730A2020202020202020207374617274E1
S3159002BD00202D207374617274206D656173757269EA
S3159002BD106E670A20202020202020202073746F70C6
S3159002BD20202D2073746F70206D6561737572696EC4
S3159002BD30670A2020202020202020207265736574B7
S3159002BD40202D20726573657420636F756E746572AB
S3159002BD50730A20202020202020202073686F7720CD
S3159002BD602D2073686F77206A69747465722068698A
S3159002BD7073746F6772616D0A006A6974006A697496
S3159002BD80746572004772656574696E677320667230
S3159002BD906F6D20204954434D202073706163652155
S3159002BDA020307825382E38780A0031304D003130DF
S3159002BDB0304D0048445800464458004B535A383048
S3159002BDC038313A204C696E6B207570202825732F76
S3159002BDD02573292E0D0A004D61696E5461736B208D
S3159002BDE03A2054782F5278205050532825642C2587
S3159002BDF0642C25642C25642C25642C25642C2564BE
S3159002BE00202F2025642C25642C25642C25642C2532
S3159002BE10642C25642C2564292000207C20435055CF
S3159002BE2020256425250D0A004D61696E5461736B58
S3159002BE30203A2053746172740D0A004E6F2061721B
S3159002BE4067756D656E74732C207472792068656C53
S3159002BE5070206D74727370692E0A0042616420704C
S3159002BE606172616D657465722C2074727920686551
S3159002BE706C70206D74727370692E0A00466F722010
S3159002BE807478642074686520706172616D657465FA
S3159002BE907220697320612031362D6269742068653B
S3159002BEA07820286E6F203078292076616C75652E01
S3159002BEB00A0056616C75652077696C6C2062652004
S3159002BEC073656E74206F6E206E657874204D545231
S3159002BED020726571756573742E0A004C61737420B5
S3159002BEE07265636569766564205350492076616C04
S3159002BEF075652066726F6D20746865204D54523A4E
S3159002BF0020307825342E34782E0A0054696D657364
S3159002BF1074616D702025642C2025646D7320616791
S3159002BF206F2C0A00576967676C696E67204F505489
S3159002BF305F4952512E2E2E0A004E6F2072657370F3
S3159002BF406F6E7365206166746572203120736563C6
S3159002BF506F6E642C20676976696E672075702E0AFB
S3159002BF60004D54523230303020726573706F6E6469
S3159002BF7065642077697468696E2025646D730A001A
S3159002BF804D5452205350492057726974652C20762D
S3159002BF90616C20726563656976656420776173204A
S3159002BFA0307825342E34780D0A004D545220535051
S3159002BFB04920526561642C2076616C2073656E749B
S3159002BFC02077617320307825342E34780D0A0072EA
S3159002BFD0786400727478006D7472737069202D2083
S3159002BFE05B74786420232323237C7278647C727436
S3159002BFF0785D0A202020202020202020747864203A
S3159002C0002D204461746120746F2073656E6420776D
S3159002C01068656E207265717565737465642C20749B
S3159002C02068656E20342068657820646967697473E0
S3159002C0300A202020202020202020727864202D2083
S3159002C0405265706F7274206C617374207265636549
S3159002C0506976656420646174610A2020202020201C
S3159002C060202020727478202D2041736B204D5452DB
S3159002C07020746F207265717565737420747864206C
S3159002C080646174610A006D7370006D747273706985
S3159002C090004772656574696E67732066726F6D206C
S3159002C0A05350494E4F522073706163652120307808
S3159002C0B025382E38780A00506172616D6574657202
S3159002C0C0206D757374206265207365742C20737964
S3159002C0D06E63206F722073686F772E0A004E6565C5
S3159002C0E0642073697820617267756D656E74732CBE
S3159002C0F0207365652068656C700A004572726F726E
S3159002C100732073657474696E6720746865205254DF
S3159002C110432074696D652C20636865636B2070613A
S3159002C12072616D65746572730A0052544320546944
S3159002C1306D6520736574210A00475053206E6F74A3
S3159002C140206C6F636B65642120286E6F7420736513
S3159002C1507474696E6720525443290A004572726F4D
S3159002C16072732073657474696E6720746865205261
S3159002C17054432074696D65210A00525443205469D0
S3159002C1806D652073796E632764207769746820479A
S3159002C1905053210A00252E32642F252E32642F25E4
S3159002C1A02E32642000252E32643A252E32643A25A8
S3159002C1B02E3264205554430A0073796E630072746A
S3159002C1C063202D205B7365747C73796E637C7368D0
S3159002C1D06F775D0A2020202020202073796E6320BD
S3159002C1E02D2073657473205254432066726F6D20AE
S3159002C1F04750532074696D650A2020202020202004
S3159002C200736574207979206D6D2064642068682046
S3159002C2106D6D207373202D207365742052544320C4
S3159002C2206D616E75616C6C790A2020202020202029
S3159002C230202020202055736520323420686F757235
S3159002C2402074696D652C2070726566657261626C88
S3159002C25079205554430A2020202020202073686F8D
S3159002C26077202D2073686F77732052544320746918
S3159002C2706D650A00727463005350494E4F522052B4
S3159002C280454D5320496E666F3A20307825322E32CC
S3159002C290782C20307825322E32780A005350494E27
S3159002C2A04F52204465766963653A204D5832354C33
S3159002C2B0333233330A005350494E4F5220446576F7
S3159002C2C06963653A204D5832354C32353634350AE3
S3159002C2D0005350494E4F5220446576696365204D0E
S3159002C2E0697373696E672F756E7265636F676E6930
S3159002C2F07A6564210A005350494E4F522045726125
S3159002C30073653A20307825382E38780A005350498A
S3159002C3104E4F522045726173653A20446F6E650A9C
S3159002C320005350494E4F522020526561643A203054
S3159002C3307825382E3878206C656E2025640A00534D
S3159002C34050494E4F522057726974653A203078257B
S3159002C350382E3878206C656E2025640A0053504931
S3159002C3604E4F522057726974653A20446F6E650A31
S3159002C370005350494E4F522020526561644F54509B
S3159002C3803A20307825382E3878206C656E202564D0
S3159002C3900A005350494E4F52204C6F636B696E6739
S3159002C3A0204F54502E2E2E0A005350494E4F522053
S3159002C3B05365637572697479205265672062656602
S3159002C3C06F726520307825322E32780A00535049A2
S3159002C3D04E4F522053656375726974792052656720
S3159002C3E020616674657220307825322E32780A0082
S3159002C3F05350494E4F52204F5450204C6F636B65A9
S3159002C400640A005350494E4F52204F54502064694B
S3159002C410646E2774206C6F636B210A0053657232C7
S3159002C4204E657452785461736B3A20527820574F06
S3159002C4304E54282564290D0A00536572324E65744E
S3159002C44052785461736B3A20527820444F2825646F
S3159002C450290D0A00536572324E657452785461738F
S3159002C4606B3A20527820444F4E54282564290D0A5F
S3159002C47000536572324E657452785461736B3A20EA
S3159002C480436F6E74726F6C2025640D0A0053657249
S3159002C490324E657452785461736B3A204E657720AA
S3159002C4A042617564726174653A2025640D0A00537F
S3159002C4B06572324E657452785461736B3A204E654A
S3159002C4C077206461746120626974733A2025640DE1
S3159002C4D00A00536572324E657452785461736B3AA0
S3159002C4E0204E6577205061726974793A2025730DD2
S3159002C4F00A00536572324E657452785461736B3A80
S3159002C500204E65772053746F7020426974733A2077
S3159002C51025730D0A00536572324E657452785461D2
S3159002C520736B3A2053422825642C25642C25642962
S3159002C5300D0A00536572324E657452785461736B6C
S3159002C5403A205342204F7074696F6E2028256429D1
S3159002C550204E6F742068616E646C65642E0D0A00BD
S3159002C560536572324E657452785461736B3A2054A5
S3159002C5707820444F282564290D0A00536572324E5D
S3159002C580657452785461736B3A20547820444F4EB6
S3159002C59054282564290D0A00536572324E657452E9
S3159002C5A0785461736B3A2052782057494C4C28251F
S3159002C5B064290D0A00536572324E6574527854613D
S3159002C5C0736B3A2053746172740D0A00536572321A
S3159002C5D04E657452785461736B3A206E6574636FCC
S3159002C5E06E6E5F6E65772028307825382E387829DA
S3159002C5F00D0A00536572324E657452785461736BAC
S3159002C6003A2057616974696E6720666F722061205D
S3159002C610636F6E6E656374696F6E0D0A0053657211
S3159002C620324E657452785461736B3A2054656C6ECF
S3159002C630657420436F6E6E656374696F6E202825EC
S3159002C64064290D0A00536572324E657452785461AC
S3159002C650736B3A205541525420527820646174612A
S3159002C66020282564290D0A00536572324E6574524C
S3159002C670785461736B3A2055415254205278204433
S3159002C6804D41206F757420282564290D0A00536543
S3159002C69072324E657452785461736B3A20476F7456
S3159002C6A0204950204461746120282564290D0A008E
S3159002C6B0536572324E657452785461736B3A205553
S3159002C6C041525420547820646174613A202825643A
S3159002C6D0290D0A00536572324E657452785461730D
S3159002C6E06B3A20436F6E6E656374696F6E20636CEE
S3159002C6F06F73656420627920636C69656E740D0A46
S3159002C700005175657279004E6F6E65004F646400D4
S3159002C7104576656E0025732025642E25642E256444
S3159002C7202E25640A004E6F742061207265636F67CE
S3159002C7306E697A656420706172616D657465722C3A
S3159002C740207472792068656C702073686F772E0AF0
S3159002C75000566F7465723220495020416464726546
S3159002C76073733A00566F74657232205375626E65B2
S3159002C770743A00566F7465723220476174657761B8
S3159002C780792049503A00566F7465723220444E535E
S3159002C7903A0042656C6F7720697320612073756DDC
S3159002C7A06D617279206F6620746865207573657203
S3159002C7B02045746865726E65742073657474696ECB
S3159002C7C067732D2D75736564206F72206E6F742E4C
S3159002C7D00A00202D20566F7465723220537461744C
S3159002C7E069632049502041646472657373203A00EC
S3159002C7F0202D2020202020566F746572322053748B
S3159002C80061746963205375626E6574203A00202DB7
S3159002C81020566F746572322053746174696320472F
S3159002C820617465776179204950203A00202D202045
S3159002C830202020202020566F746572322053746116
S3159002C84074696320444E53203A00202D20566F740B
S3159002C8506572322049502061637175697369746992
S3159002C8606F6E206D6F64653A002A2A2A205374618E
S3159002C8707469632073657474696E677320617265F7
S3159002C8802069676E6F72656420696E2044484350D2
S3159002C890206D6F64652E202A2A2A0A00456E7465D9
S3159002C8A07220277374617475732065746865726EED
S3159002C8B065742720746F20736565207265736F6C3B
S3159002C8C0766564206164647265737365732E0A007B
S3159002C8D0544654502053657276657220416464645E
S3159002C8E0726573733A004750532052656365697651
S3159002C8F06572206261756420726174653A0025736F
S3159002C9002025750A00566F746572322073657269B6
S3159002C910616C206E756D6265723A00566F746572BF
S3159002C92032204861726477617265205265766973C6
S3159002C930696F6E3A2025642E25322E32640A00479C
S3159002C94075657374204C6F67696E20506173737747
S3159002C9506F72643A00526F6F74204C6F67696E20E3
S3159002C96050617373776F72643A00566F746572731F
S3159002C970206E616D652028666F7220434C49293A74
S3159002C980002537733A2025730A004C6F6767696EE4
S3159002C99067206C6576656C7320617265206E6F6E2A
S3159002C9A0652C206D616A6F722C20737570706F7230
S3159002C9B0742C20616E6420696F2E0A004E6F746526
S3159002C9C02074686174206C6F6767696E67206C6506
S3159002C9D076656C7320617265206E6F7420736176D2
S3159002C9E06564206163726F7373207265626F6F7490
S3159002C9F0732E0A00566F746572322D324B20526531
S3159002CA007620312E31300A0053706F6E736F7265D5
S3159002CA10642062793A0A005761796E652028573008
S3159002CA20415250290A00436F6C6F7261646F2043C2
S3159002CA306F6E6E656374696F6E2028636F6C636F39
S3159002CA406E2E6F7267290A00526F636B79204D6F53
S3159002CA50756E7461696E2048616D2028726D686189
S3159002CA606D2E6F7267290A0044657369676E20742A
S3159002CA7065616D3A0A00202042656E20284B43324A
S3159002CA80564A57290A002044617665202857413133
S3159002CA904A484B290A0020446F756720284B324139
S3159002CAA044290A004A616D657320284B49304B4EE2
S3159002CAB0290A00204A65666620284B304A53432944
S3159002CAC00A00204D61726B20284E3743544D290A35
S3159002CAD0002057696C6C20284E30584741290A002D
S3159002CAE04F70656E20536F757263652048617264EC
S3159002CAF0776172650A004F70656E20536F75726327
S3159002CB006520536F6674776172650A0047505320A9
S3159002CB103150505320616374697665206564676508
S3159002CB203A00416E616C6F672050726F6265205356
S3159002CB306F757263653A00536572324E6574204919
S3159002CB405020506F72743A00536572324E6574205B
S3159002CB50527820506F6C6C2054696D6520286D73E5
S3159002CB60293A005365652067707362617564206126
S3159002CB706E6420677073656467650A005278204414
S3159002CB806574656374204D6F64653A0052535349D8
S3159002CB90204D6574686F643A0042656C6F772061C8
S3159002CBA072652074686520616E616C6F672052535E
S3159002CBB053492076616C75657320666F7220616E3B
S3159002CBC02052535349206F66203020616E64203282
S3159002CBD035352E0A005468652064426D2076616C64
S3159002CBE075652069732070657220746865204D544E
S3159002CBF0522D3230303020737065632066726F6DBD
S3159002CC002074686520766F6C746167652E0A00528F
S3159002CC10535349202041444320566F6C747320200D
S3159002CC2064426D0A003D3D3D3D203D3D3D3D203DEA
S3159002CC303D3D3D3D203D3D3D3D0A0020202030209A
S3159002CC40253464202532642E25322E3264202534F2
S3159002CC50640A002032353520253464202532642E2C
S3159002CC6025322E3264202534640A005643584F20CA
S3159002CC7043616C6962726174696F6E2056616C75FC
S3159002CC80653A00446562756720466C616720256443
S3159002CC90203D2025640A0043757272656E742048A1
S3159002CCA0414C2054696D657374616D7020287329A7
S3159002CCB03A202537642E25332E33640A0054696D43
S3159002CCC0657374616D702873292020202054696DD4
S3159002CCD0652041676F202020202020204944202073
S3159002CCE020446174612028646563292044617461DB
S3159002CCF02028686578290A003D3D3D3D3D3D3D3DF4
S3159002CD003D3D3D3D203D3D3D3D3D3D3D3D3D3D3DD8
S3159002CD10203D3D3D3D3D3D3D3D3D3D203D3D3D3DE5
S3159002CD203D3D3D3D3D3D203D3D3D3D3D3D3D3D3DB8
S3159002CD303D0A00202537642E25332E33642025376D
S3159002CD40642E25332E3364202531306420253130EC
S3159002CD506420307825382E38780A004E6F20457632
S3159002CD60656E7473210A004265206177617265204F
S3159002CD70746861742074696D657374616D707320E3
S3159002CD80726F6C6C206F766572206576657279200B
S3159002CD903439206461797320287E312C3330302CDB
S3159002CDA0303030207365636F6E6473292E0A004C9F
S3159002CDB06F675B2532645D3D2533642C2000416CA0
S3159002CDC06C206572726F72206C6F6720656E7472DA
S3159002CDD069657320617265207A65726F210A0049CE
S3159002CDE06E76616C696420495020616464726573E1
S3159002CDF0730A002573206E6F772025642E25642E84
S3159002CE0025642E25640A00496E76616C6964206FEA
S3159002CE1072206F7574206F662072616E6765206EE0
S3159002CE20756D6265722C2072616E676520697320DA
S3159002CE30256420746F2025642E0A002573206E6F58
S3159002CE40772025750A002573206E6F772025752E1B
S3159002CE5025362E36750A00496E76616C69642070A5
S3159002CE606172616D657465722E0A506172616D654B
S3159002CE70746572732063616E2062653A2000257331
S3159002CE8020002573206E6F772025730A00496E76EF
S3159002CE90616C696420706172616D657465722E0A47
S3159002CEA0506172616D65746572732063616E206202
S3159002CEB0653A206F6E2F6F66662C20747275652F99
S3159002CEC066616C73652C206F7220312F300A005385
S3159002CED06F7272792C207468697320706172616DB9
S3159002CEE0657465722069736E2774206368616E67D4
S3159002CEF06561626C652E0A004D697373696E67206F
S3159002CF00706172616D657465720A00537472696EAE
S3159002CF106720746F6F206C6F6E670A004E6F742075
S3159002CF2061207265636F676E697A6564207061725B
S3159002CF30616D657465722C207472792068656C7067
S3159002CF40207365742E0A004D697373696E67207338
S3159002CF50657474696E6720666F7220746865207056
S3159002CF606172616D657465720A005446545020531D
S3159002CF70657276657220416464726573733A00478E
S3159002CF805053204261756420726174653A006C6FE9
S3159002CF90636B00506172616D657465727320617224
S3159002CFA0652073657269616C206E756D626572201B
S3159002CFB02833322D626974292C206D616A6F722032
S3159002CFC04857205265762028302D323535292C2027
S3159002CFD0616E64206D696E6F722048572052657635
S3159002CFE02028302D3939290A00506172616D657495
S3159002CFF06572206572726F72732E0A00492068619B
S3159002D00076652053657269616C206E756D62657284
S3159002D01020256420616E642048617264776172652E
S3159002D020205265762025642E253032640A00497393
S3159002D0302074686973207768617420796F75207798
S3159002D040616E7420746F2070726F6772616D206961
S3159002D0506E746F204F54503F0A00544849532049EA
S3159002D0605320495252455645525349424C452121E5
S3159002D0700A3D3D3D3D3D3D3D3D3D3D3D3D3D3D3D7B
S3159002D0803D3D3D3D3D3D3D0A00412072616E646FDE
S3159002D0906D697A6564204D4143204164647265737B
S3159002D0A0732077696C6C20616C736F206265206760
S3159002D0B0656E65726174656420616E6420736176D3
S3159002D0C0656420696E204F54502E0A00456E746531
S3159002D0D0722022796573222028696E206C6F77659B
S3159002D0E07220636173652920746F20636F6E66691F
S3159002D0F0726D2E0A0050726F6772616D6D696E67FE
S3159002D100204F54502E2E2E0A0050726F626C656D0F
S3159002D11073206372656174696E6720746865204DC9
S3159002D120414320416464726573732C2061626F720D
S3159002D13074696E672E2E2E0A00506C656173652097
S3159002D1407265626F6F7420666F722073657474690C
S3159002D1506E677320746F2074616B65206566666571
S3159002D16063742E0A00566F746572322049502041BC
S3159002D17063717569736974696F6E206D6F64653AD0
S3159002D18000506172616D657465727320617265207B
S3159002D1904D6F64756C6520616E6420646562756717
S3159002D1A0206C6576656C2028747970652073686F3B
S3159002D1B077206C6F6767696E6720746F20736565F9
S3159002D1C02073657474696E6773292E0A00506172B2
S3159002D1D0616D65746572206572726F7220287479BA
S3159002D1E070652073686F77206C6F6767696E6720CA
S3159002D1F0746F2073656520706172616D6574657276
S3159002D20073292E0A004750532044657669636573E5
S3159002D21020737570706F7274656420617265206C8C
S3159002D2206976346620616E64206D386E2E0A0046E9
S3159002D2306F722025732C2042617564207365742069
S3159002D240746F2025642C206564676520736574204D
S3159002D250746F2025732E0A00536572324E657420C0
S3159002D260527820506F6C6C2074696D6520286D73AE
S3159002D270293A005278204465746563743A000A53D9
S3159002D280657420796F75722073657276696365200D
S3159002D2906D6F6E69746F7220746F206120314B4886
S3159002D2A07A20746F6E65207769746820334B487A5A
S3159002D2B020646576696174696F6E2E0A0050726594
S3159002D2C07373202761272061667465722061646A90
S3159002D2D0757374696E6720746865207369676E6189
S3159002D2E06C20666F722061207265636569766572DD
S3159002D2F02073656E7369746976697479206F662096
S3159002D30031322064422053494E41442E0A005072D3
S3159002D3106573732027712720616674657220696E22
S3159002D3206372656173696E67207468652067656E5E
S3159002D330657261746F722062792032352064422E52
S3159002D3400A0050726573732027732720746F2073B7
S3159002D3506176652074686520726573756C74732046
S3159002D36028796F752063616E207072657373207170
S3159002D37020616E642061206D756C7469706C652095
S3159002D38074696D65732C206C617374206F6E652061
S3159002D39075736564292E0A00507265737320277817
S3159002D3A02720746F2061626F727420746865207092
S3159002D3B0726F6365737320616E64206B656570200E
S3159002D3C06F6C642076616C7565732E0A0050726577
S3159002D3D0737320616E79206B657920746F207374F4
S3159002D3E06172742E2054686520532F4E20626172AA
S3159002D3F020697320746865726520666F72206775FE
S3159002D4006964616E63652E0A0A002573202564207D
S3159002D410005253534920323535202866756C6C205C
S3159002D420717569657429207365742E0A0052535377
S3159002D430492030202861756469626C65292073657C
S3159002D440742E0A00596F7572206E6F697365205239
S3159002D4505353492073657474696E672069732068A3
S3159002D4606967686572207468616E2066756C6C2057
S3159002D4707175696574696E67210A00596F752070B6
S3159002D480726F6261626C7920676F742027712720B0
S3159002D490616E6420276127206261636B7761726493
S3159002D4A0732E0A0041626F7274696E67207769748F
S3159002D4B0686F7574206D616B696E67206368616EC3
S3159002D4C06765732E0A00416E616C6F6720525353E3
S3159002D4D0492063616C6962726174696F6E20636FD1
S3159002D4E06D706C6574652E0A0052656D656D626528
S3159002D4F07220746F20736176652073657474696E99
S3159002D500677320666F72207468656D20746F2062EF
S3159002D51065207065726D616E656E742E0A00564353
S3159002D520584F2063616C6962726174696F6E20767E
S3159002D530616C7565206973206E6F772025750A0078
S3159002D540496E76616C6964206F72206F7574206F74
S3159002D550662072616E6765206E756D6265722C20AB
S3159002D56072616E676520697320302D363535333595
S3159002D5702E0A0053706563696679206E6F20766114
S3159002D5806C756520746F20757365206C6F6F702053
S3159002D59076616C7565206F7220612073696E676C17
S3159002D5A0652031362D6269742076616C75652E0A16
S3159002D5B000466C616720706172616D657465727305
S3159002D5C02061726520666C6167206E756D62657208
S3159002D5D02028302D25642920616E642076616C7531
S3159002D5E0652028302D323535290A00506172616DD9
S3159002D5F065746572206572726F722028747970658F
S3159002D6002073657420666C61677320746F207365EE
S3159002D6106520706172616D6574657273292E0A0058
S3159002D6205468697320636F6D6D616E64206861736F
S3159002D630206E6F20706172616D65746572732120C0
S3159002D6400044617461204C6F6767657220656E74E1
S3159002D650726965732068617665206265656E20637E
S3159002D6606C65617265642E0A004572726F72204C07
S3159002D6706F6720636F756E746572732068617665E5
S3159002D680206265656E20636C65617265642E0A0020
S3159002D6904E6F20657874656E6465642068656C70FB
S3159002D6A020666F72207468617420636F6D6D616E0F
S3159002D6B0640A2F005365742F53686F7720636F6DDA
S3159002D6C06D616E64206E6F7420666F756E642E2027
S3159002D6D02054797065202768656C702073686F771F
S3159002D6E02720666F7220612066756C6C206C697358
S3159002D6F0742E0A004572726F72204C6F676765725C
S3159002D7003A204572724C6F675B25645D3D25640DC8
S3159002D7100A004E2F410A006D7973746174696369C8
S3159002D72070205B6970616464725D202D20566F74FF
S3159002D7306572322049502061646472657373202841
S3159002D7406966206D7969706D6F646520697320735F
S3159002D7507461746963290A006D797374617469637B
S3159002D760736E205B6970616464725D202D20566FC2
S3159002D77074657232207375626E65742028696620AC
S3159002D7806D7969706D6F64652069732073746174C5
S3159002D7906963290A006D7973746174696367772086
S3159002D7A05B6970616464725D202D20566F74657238
S3159002D7B032206761746577617920616464726573FA
S3159002D7C07320286966206D7969706D6F646520692A
S3159002D7D07320737461746963290A006D7973746135
S3159002D7E0746963646E205B6970616464725D202DF6
S3159002D7F020566F7465723220444E5320616464726F
S3159002D80065737320286966206D7969706D6F64659A
S3159002D81020697320737461746963290A006D79694A
S3159002D820706D6F6465205B737461746963207C208C
S3159002D830646863705D2054686520566F74657232B1
S3159002D84073206C6F63616C204950206163717569B6
S3159002D850736974696F6E206D6F64650A006574688A
S3159002D86065726E6574202D2053686F772073756D7F
S3159002D8706D657279206F66204574686E65726E6505
S3159002D880742073657474696E6773202873686F77F2
S3159002D890206F6E6C79290A006D7973657269616C75
S3159002D8A06E756D202D2053686F772074687573207E
S3159002D8B0566F74657232732073657269616C206EED
S3159002D8C0756D626572202873686F77206F6E6C79BA
S3159002D8D0290A006D796877726576202D2053686FD4
S3159002D8E077207468697320566F74657232732068F4
S3159002D8F061726477617265207265766973696F6E1B
S3159002D900202873686F77206F6E6C79290A00677585
S3159002D910657374707764205B70617373776F7264EA
S3159002D9205D202D20546865206775657374206C6F31
S3159002D93067696E2070617373776F726420283135D0
S3159002D9402063686172616374657273206D61782970
S3159002D9500A00726F6F74707764205B70617373776D
S3159002D9606F72645D202D2054686520726F6F7420EB
S3159002D9706C6F67696E2070617373776F726420281B
S3159002D98031352063686172616374657273206D616B
S3159002D99078290A006C6F6767696E67205B626C6FA5
S3159002D9A0636B2076616C7565205D202D20456E61D6
S3159002D9B0626C65206465627567206C6F6767696ED5
S3159002D9C06720627920626C6F636B2E2020426C6FA7
S3159002D9D0636B73206172653A0A202D2020202062A3
S3159002D9E06F6F74203A20426F6F742070726F636506
S3159002D9F073730A202D206D61696E617070203A20D2
S3159002DA004D61696E2073657175656E6365720A20E4
S3159002DA102D2020657468617070203A20457468657F
S3159002DA20726E65742073657175656E6365720A2090
S3159002DA302D206574686C776970203A204C7749502E
S3159002DA4020646961676E6F73746963730A202D200F
S3159002DA506B737A38303831203A2045746865726E25
S3159002DA6065742050485920646961676E6F73746952
S3159002DA7063730A202D20636F6E736F6C65203A2054
S3159002DA80436F6E736F6C6520696E746572666163BF
S3159002DA90650A202D2020202020693263203A2049D1
S3159002DAA0324320696E746572666163650A202D2021
S3159002DAB02020206469616C203A204449414C2069B7
S3159002DAC06E746572666163650A202D20202020207F
S3159002DAD0677073203A2047505320696E7465726658
S3159002DAE06163650A202D202074656C6E6574203AF8
S3159002DAF02074656C6E657420696E74657266616376
S3159002DB00650A202D2020206C6F63616C203A204C90
S3159002DB106F63616C207265706561746572206D6F5A
S3159002DB2064652073657175656E6365720A202D2032
S3159002DB30736572326E6574203A20524643323231A0
S3159002DB403720696E7465726661636520746F20749E
S3159002DB5068652072657065617465720A202D202051
S3159002DB607370696E6F72203A20535049204E6F72CD
S3159002DB7020647269766572730A202D20207370690B
S3159002DB806D7472203A204D545232303030205350B8
S3159002DB904920696E746572666163650A202D20203C
S3159002DBA0202074667470203A205446545020647231
S3159002DBB0697665720A0A202D202020207663786F76
S3159002DBC0203A205643584F206472697665720A0A43
S3159002DBD02056616C75657320666F72206C6F6767ED
S3159002DBE0696E6720696E666F726D6174696F6E2079
S3159002DBF06172653A0A202D202020206E6F6E652074
S3159002DC003A204C6F6767696E672064697361626CCC
S3159002DC1065642028666F72207468617420626C6FE6
S3159002DC20636B290A202D2020206D616A6F72203A3B
S3159002DC30204D616A6F72206576656E747320286DC9
S3159002DC4061696E6C7920736572696F7573206572FE
S3159002DC50726F7273290A202D20737570706F7274A9
S3159002DC60203A204D6F72652064657461696C6564B3
S3159002DC70206C6F6767696E6720286E6F74206A756D
S3159002DC8073742065726F7273290A202D20202020CA
S3159002DC902020696F203A2076657279206C6F772002
S3159002DCA06C6576656C20696F0A0063726564697447
S3159002DCB073202D20476976696E6720637265646961
S3159002DCC0742077686572652069742069732064751B
S3159002DCD06521202873686F77206F6E6C79290A0008
S3159002DCE0677073646576205B6C697634667C6D3892
S3159002DCF06E5D202D205468652047505320626175D1
S3159002DD006420616E642061637469766520656467D8
S3159002DD1065206279206D6F64756C650A0067707311
S3159002DD2062617564205B62617564726174655D207F
S3159002DD302D2047505320696E746572666163652023
S3159002DD406261756420726174650A006770736564B6
S3159002DD506765205B726973696E67207C2066616C69
S3159002DD606C696E675D202D20475053203150505379
S3159002DD702061637469766520656467650A007072CE
S3159002DD806F6265205B706F696E745D202D2053659E
S3159002DD9074732074686520696E7465726E616C2006
S3159002DDA0616E616C6F672070726F6265206F7574B9
S3159002DDB07075742E2020506F696E7473206172652F
S3159002DDC03A0A202D202020206E6F6E65203A205030
S3159002DDD0726F6265206469736162656C640A202D54
S3159002DDE0202020207278696E203A20526177207620
S3159002DDF0616C75652066726F6D2041444320696E31
S3159002DE007075740A202D202020727864656D203AF0
S3159002DE1020506F73742064652D656D7068617369A7
S3159002DE20730A202D207278766F696365203A2050A6
S3159002DE306F737420766F69636562616E642066693A
S3159002DE406C7465720A202D20202074787372632078
S3159002DE503A2041732064656C6976657265642062C6
S3159002DE607920746865204449414C207365727665C1
S3159002DE70722028706F7374206465636F6D7072651B
S3159002DE807373696F6E290A202D2020202074787072
S3159002DE906C203A2041667465722043544353532052
S3159002DEA061646465722028696620656E61626C653C
S3159002DEB064290A202D20207478746F6E65203A208A
S3159002DEC04166746572205465737420546F6E652032
S3159002DED061646465722028696620656E61626C650C
S3159002DEE064290A202D20202074786F7574203A2098
S3159002DEF041732073656E7420746F20746865204434
S3159002DF0041430A202D2020727373736967203A2049
S3159002DF10486967682D70617373207369676E616C67
S3159002DF20207573656420746F2064657465726D697B
S3159002DF306E652061626F76652D62616E64205253C2
S3159002DF4053492076616C75650A202D202072737371
S3159002DF506C766C203A20525353492076616C7565E3
S3159002DF6020286E6F7420617564696F2C20616E61D2
S3159002DF706C6F6720726570726573656E7461746991
S3159002DF806F6E206F662052535349290A0073326E80
S3159002DF90706F7274205B706F72746E756D5D202DEA
S3159002DFA0204D5452323030302073657269616C2044
S3159002DFB0696E7465726661636520495020706F72EE
S3159002DFC074202864656661756C742069732032309A
S3159002DFD03030290A0073326E7074696D65205B6DFC
S3159002DFE0735D202D204D545232303030207365723D
S3159002DFF069616C20706F727420495020706F6C6CDE
S3159002E000696E672074696D65202864656661756CB2
S3159002E01074206973203130306D73290A0072786DDD
S3159002E0206F6465205B6F66667C636F727C637463F4
S3159002E03073737C636F7263746373737C6F6E5D20AC
S3159002E0402D2053657473207768617420636F6E64B4
S3159002E0506974696F6E73206D616B6520666F72204D
S3159002E060610A76616C69642052782028616E642018
S3159002E070676574732072657472616E736D69747478
S3159002E0806564290A56616C6964206D6F64657320B4
S3159002E0906172653A0A202D2020202020206F666624
S3159002E0A0203A204E6F7468696E67202852782077DE
S3159002E0B0696C6C206E657665722062652076616CFD
S3159002E0C06964290A202D202020202020636F722047
S3159002E0D03A204F6E6C7920612076616C6964204D8E
S3159002E0E054523230303020434F52207369676E61FA
S3159002E0F06C2074726967676572732052780A202D54
S3159002E100202020206374637373203A204F6E6C79BB
S3159002E11020612076616C6964204D545232303030E1
S3159002E120204354435353207369676E616C20747213
S3159002E1306967676572732052780A202D20636F7221
S3159002E1406374637373203A20426F746820434F520C
S3159002E15020616E64204354435353206D757374202B
S3159002E16062652076616C696420746F207472696747
S3159002E1706765722052780A202D20202020202020A8
S3159002E1806F6E203A20527820616C7761797320768F
S3159002E190616C696420282121212920666F7220747E
S3159002E1A0657374696E672E2054782074696D656FF5
S3159002E1B075742069732064697361626C65640A0080
S3159002E1C0727373696D6F6465205B616E616C6F6764
S3159002E1D07C6870665D202D20525353492076616C7F
S3159002E1E0756520736F757263652E2020536F7572F5
S3159002E1F06365206172653A0A202D20616E616C6FAB
S3159002E20067202D204D54523230303020525353498C
S3159002E210207369676E616C2070696E0A202D206882
S3159002E2207066202D2055707065722062616E642032
S3159002E2306E6F697365206C6576656C202873696D5F
S3159002E240696C617220746F20566F7465722F525486
S3159002E250434D290A202020546869732069732073DC
S3159002E26074696C6C206265696E672066696E65205A
S3159002E27074756E65640A00727863616C202D205203
S3159002E2805353492063616C6962726174696F6E203F
S3159002E29070726F636573732E0A007663786F766118
S3159002E2A06C202D205643584F2043616C69627261EF
S3159002E2B074696F6E2076616C75652E0A006D796E43
S3159002E2C0616D65205B6E616D655D202D204F70746A
S3159002E2D0696F6E616C206E616D6520746F207075CA
S3159002E2E07420696E2066726F6E74206F66207468F1
S3159002E2F06520636F6D6D616E642070726F6D707460
S3159002E3002E0A20202048616E647920696620796FF2
S3159002E310752068617665206D616E7920566F746599
S3159002E32072327320616E64206E656564206120721C
S3159002E330656D696E646572207768696368206F6E31
S3159002E3406520796F750A202020617265206C6F674F
S3159002E35067656420696E20746F2E00666C616773C0
S3159002E360205B666C61676E756D2076616C75655D16
S3159002E370202D20466F7220646562756767696E67A5
S3159002E38020707572706F7365732E20205468657352
S3159002E39065206172652065696768740A2020206627
S3159002E3A06C61677320746861742063616E20626524
S3159002E3B0207365742062792074686520757365721E
S3159002E3C0206F7220696E7465726E616C6C792E2004
S3159002E3D0205468656972207573652077696C6C0A3A
S3159002E3E02020206368616E6765206F76657220745F
S3159002E3F0696D652C206F6E6C7920757365206966E0
S3159002E4002061736B656420746F20646F20736F2034
S3159002E4106279206120646576656C6F7065722E0AEA
S3159002E42000646C6F67676572205B6E6F20706172B5
S3159002E430616D735D202D2054686520566F746572E8
S3159002E440322068617320616E20696E7465726E61A6
S3159002E4506C2064617461206C6F6767657220666F69
S3159002E460720A2020207265616C2D74696D65206434
S3159002E4706562756767696E672E20204572726F7244
S3159002E48020636F64657320616E642074696D657331
S3159002E49074616D7073206172652073746F726564B6
S3159002E4A020696E20610A2020204649464F206275D7
S3159002E4B0666665722E2020546865206D65616E6968
S3159002E4C06E6773206F662074686520636F646573E8
S3159002E4D02077696C6C2076617279206265747765B3
S3159002E4E0656E0A2020206669726D77617265207268
S3159002E4F0656C6561736573206173206E656564737F
S3159002E5002061726973652E2020546869732069733D
S3159002E51020666F7220646576656C6F706572732083
S3159002E5206F6E6C792E0A20202D2073686F77206487
S3159002E5306C6F676765722073686F7773207468650E
S3159002E54020636F6E74656E7473206F66207468654F
S3159002E5502064617461206C6F6767657220464946D4
S3159002E5604F2E0A20202D2073657420646C6F676786
S3159002E570657220636C65617273206F75742074681E
S3159002E580652064617461206C6F676765720A0074B6
S3159002E59066707461646472205B6970616464725DB2
S3159002E5A0202D20536574732074686520495020612C
S3159002E5B064647265737320666F7220746865205402
S3159002E5C0465450207365727665720A005365747369
S3159002E5D02F73686F777320706172616D657465725F
S3159002E5E07320666F7220746865204449414C2028D6
S3159002E5F041534C2920636F6D6D756E6963617469C1
S3159002E6006F6E730A202D20456E746572202773688B
S3159002E6106F77206469616C2720746F20736565201B
S3159002E620616C6C2074686520706172616D65746549
S3159002E63072730A202D20456E746572202768656C68
S3159002E640702073686F77206469616C205B70617269
S3159002E650616D5D2720666F722064657461696C7363
S3159002E660206F6E206120737065636966696320709E
S3159002E6706172616D657465720A00536574732F7366
S3159002E680686F777320706172616D657465727320BD
S3159002E690666F7220746865206C6F63616C20726518
S3159002E6A07065617465722066756E6374696F6E7358
S3159002E6B00A202D20456E746572202773686F772025
S3159002E6C06C6F63616C2720746F2073656520616C33
S3159002E6D06C2074686520706172616D657465727381
S3159002E6E00A202D20456E746572202768656C70200D
S3159002E6F073686F77206C6F63616C205B7061726177
S3159002E7006D5D2720666F72206120737065636966FE
S3159002E710696320706172616D657465720A006572D3
S3159002E720726C6F6773205B6E6F20706172616D732E
S3159002E7305D202D2054686520566F7465723220686C
S3159002E740617320616E20696E7465726E616C20656C
S3159002E75072726F7220616363756D756C61746F729C
S3159002E7600A202020666F722072617265206572722D
S3159002E7706F72732E20546865726520697320616E7C
S3159002E780206172726179206F66206572726F722053
S3159002E790636F756E746572732E20546865206D650D
S3159002E7A0616E696E670A2020206F66207468652004
S3159002E7B0636F6465732077696C6C207661727920D9
S3159002E7C06265747765656E206669726D776172654A
S3159002E7D02072656C6561736573206173206E6565E1
S3159002E7E064732061726973652E0A202020546869C9
S3159002E7F07320697320666F7220646576656C6F709C
S3159002E800657273206F6E6C792E0A20202D207368A4
S3159002E8106F77206572726C6F67732073686F777308
S3159002E8202074686520636F6E74656E7473206F666C
S3159002E83020746865206572726F72206C6F67676567
S3159002E84072732E0A20202D20736574206572726C65
S3159002E8506F677320636C65617273206F7574207431
S3159002E8606865206572726F72206C6F676765720A4F
S3159002E87000616C6C202D2053686F777320616C6CED
S3159002E880207468652073686F7720636F6D6D616E13
S3159002E89064730A006C69763466006D386E006E6F2A
S3159002E8A06E65007278696E00727864656D00727832
S3159002E8B0766F696365007478737263007478706CAE
S3159002E8C0007478746F6E650074786F7574007273E5
S3159002E8D073736967007273736C766C006E6F6E00F9
S3159002E8E06D616A6F72006D616A00737570706F7296
S3159002E8F0740073757000696F006D61696E617070F6
S3159002E90000657468617070006574686C77697000F0
S3159002E9106B737A3830383100636F6E736F6C650043
S3159002E920693263006469616C0074656C6E6574002B
S3159002E9306C6F63616C00736572326E65740073708E
S3159002E940696E6F72007370696D747200746674701A
S3159002E950007663786F006D7369006D7364006C6FF7
S3159002E96063006469610074616400677073646576BC
S3159002E970006764760067626400676564006D696D1E
S3159002E9800065746865726E657400657468006D7969
S3159002E99073657269616C6E756D006D736E006D79DB
S3159002E9A06877726576006D68770067707700727027
S3159002E9B077006C6F6767696E670070726F62650049
S3159002E9C0707262007332700073327400637265649F
S3159002E9D0697473006372640072786D0072736D006D
S3159002E9E0727863616C00727863007663786F766191
S3159002E9F06C00766376006D6E6D00666C616773006F
S3159002EA00666C6700646C6F6767657200646C67001A
S3159002EA106572726C6F67730065726C007365742FA2
S3159002EA2073686F77202D2073657474696E67205BA7
S3159002EA3076616C75655D204368616E67652F736854
S3159002EA406F7720566F746572322073657474696E2F
S3159002EA50670A203D3D3D3D3D3D3D3D3D3D3D3D3D74
S3159002EA60202D204E4554574F524B205345545449CE
S3159002EA704E4753203D3D3D3D3D3D3D3D3D3D3D3D1A
S3159002EA803D3D3D3D3D3D3D3D3D3D0A202020206D95
S3159002EA9079737461746963697020286D736929202A
S3159002EAA02D20566F746572322049502061646472CB
S3159002EAB06573732028696620737461746963290A81
S3159002EAC0202020206D79737461746963736E202897
S3159002EAD06D736E29202D20566F7465723220537590
S3159002EAE0626E6574202869662073746174696329FD
S3159002EAF00A202020206D7973746174696367772088
S3159002EB00286D736729202D20566F746572322047BF
S3159002EB1061746577617920495020286966207374FB
S3159002EB2061746963290A2020206D7973746174690E
S3159002EB3063646E7320286D736429202D20566F743A
S3159002EB4065723220444E5320416464726573732019
S3159002EB5028696620737461746963290A20202020CB
S3159002EB6020206D7969706D6F646520286D696D29B5
S3159002EB70202D20566F746572322049502061637140
S3159002EB807569736974696F6E206D6F64650A20206A
S3159002EB902020202065746865726E657420286574DD
S3159002EBA06829202D20566F74657232204950207341
S3159002EBB0756D6D617279202873686F77206F6E6CB0
S3159002EBC079290A202020202020746674706164645A
S3159002EBD072202874616429202D2054465450207343
S3159002EBE0657276657220616464726573730A202019
S3159002EBF0206D7973657269616C6E756D20286D737F
S3159002EC006E29202D20566F74657232207365726953
S3159002EC10616C206E756D626572202873686F7720BD
S3159002EC206F6E6C79290A202020202020206D796829
S3159002EC307772657620286D687729202D20566F7415
S3159002EC406572322048617264776172652052657688
S3159002EC506973696F6E202873686F77206F6E6C790F
S3159002EC60290A2020202020202073326E706F727421
S3159002EC70202873327029202D20536572324E657486
S3159002EC8020495020506F72740A2020202020207331
S3159002EC90326E7074696D65202873327029202D202A
S3159002ECA0536572324E657420527820506F6C6C2088
S3159002ECB074696D6520286D73290A202020202020F2
S3159002ECC06775657374707764202867707729202D2D
S3159002ECD0204775657374206C6F67696E20706173D7
S3159002ECE073776F72640A20202020202020726F6F23
S3159002ECF074707764202872707729202D20526F6F56
S3159002ED0074206C6F67696E2070617373776F72642B
S3159002ED100A203D3D3D3D3D3D3D3D3D3D3D3D3D20F8
S3159002ED202D204449414C2C204C4F43414C2C20479A
S3159002ED30505320414E44204D4953432053455454F9
S3159002ED40494E4753203D3D3D3D0A2020202020201C
S3159002ED50202020206469616C202864696129202D15
S3159002ED60205B706172616D2076616C75655D204481
S3159002ED7049414C2073657276657220736574746925
S3159002ED806E67730A2020202020202020206C6F633B
S3159002ED90616C20286C6F6329202D205B70617261F3
S3159002EDA06D2076616C75655D206C6F63616C206D0C
S3159002EDB06F64652073657474696E67730A20202088
S3159002EDC020202020206770736465762028676476F9
S3159002EDD029202D2047505320706172616D732062F5
S3159002EDE079206465766963650A2020202020202098
S3159002EDF067707362617564202867626429202D208A
S3159002EE0047505320696E74657266616365206261CC
S3159002EE10756420726174650A202020202020206764
S3159002EE20707365646765202867656429202D20477D
S3159002EE30505320696E7465726661636520315050D5
S3159002EE405320656467652028726973696E672F66B9
S3159002EE50616C6C696E67290A202020202020202070
S3159002EE6072786D6F6465202872786D29202D2052F4
S3159002EE7065636569766520616374697665206D6FF1
S3159002EE8064650A202020202020727373696D6F6456
S3159002EE9065202872736D29202D2052535349206480
S3159002EEA06574656374206D6F64650A202020202046
S3159002EEB020202020727863616C2028727863292042
S3159002EEC02D20525353492063616C69627261746951
S3159002EED06F6E0A202020202020207663786F76613C
S3159002EEE06C202876637629202D205643584F20434E
S3159002EEF0616C6962726174696F6E2076616C756518
S3159002EF000A202020202020206C6F6767696E672078
S3159002EF10286C6F6729202D205B626C6F636B20765D
S3159002EF20616C75655D20446562756767696E672079
S3159002EF306C6F67676572206C6576656C0A20202017
S3159002EF4020202020202070726F62652028707262C5
S3159002EF5029202D20416E616C6F672070726F6265F9
S3159002EF6020736F757263650A20202020202020204E
S3159002EF7020666C6167732028666C6729202D204471
S3159002EF806562756720666C6167730A20202020206F
S3159002EF902020646C6F676765722028646C672920ED
S3159002EFA02D2044617461206C6F676765720A202018
S3159002EFB020202020206572726C6F677320286572FC
S3159002EFC06C29202D204572726F72206C6F67730ABE
S3159002EFD020202020202020206D796E616D652028CA
S3159002EFE06D6E6D29202D20566F7465727320636F36
S3159002EFF06D6D616E642070726F6D7074206E616D4E
S3159002F000650A20202020202020637265646974732B
S3159002F010202863726429202D2050726F6A6563746A
S3159002F02020637265646974730A2020202020202050
S3159002F03020202020616C6C2028616C6C29202D2068
S3159002F040416C6C20706172616D73202873686F7762
S3159002F050206F6E6C79290A00616E616C6F67006130
S3159002F0606E6100687066006265773100626577321C
S3159002F07000636F720063746300636F726374637389
S3159002F080730063637400646863700066616C6C6994
S3159002F0906E670066616C00726973696E6700726969
S3159002F0A0730066616C7365007472756500493243CC
S3159002F0B052646D3A20307825322E32782C2564208F
S3159002F0C0004E564D20636F727275707421204162A4
S3159002F0D06F727465642E0A004932435264313A2043
S3159002F0E0307825322E32782C2564200049324352CC
S3159002F0F064323A20307825322E32782C25642C25AB
S3159002F1006420004932435057723A20307825322E85
S3159002F11032782C2564200070617373776F72640065
S3159002F1206775727500466972737420706172616D4B
S3159002F13065746572206D757374206265207361764D
S3159002F140652C2072656C6F61642C206F72206475D9
S3159002F1506D702E0A00436F6D6D616E64206F6E6CDA
S3159002F1607920617661696C61626C6520696E207244
S3159002F1706F6F74206D6F64652E0A0042616420730E
S3159002F180746172742F656E642061646472657373C0
S3159002F19065730A00496E76616C696420706172616A
S3159002F1A06D7320666F722064756D7020636F6D6DDE
S3159002F1B0616E642E0A0049324344756D703A202579
S3159002F1C0642C307825332E337820002573203A200C
S3159002F1D03E25733C0A00446F6E652E20256420629C
S3159002F1E07974657320726561642F77726974746538
S3159002F1F06E2E0A00736176650072656C6F616400AB
S3159002F2006261636B757000726573746F7265006488
S3159002F210756D700073657474696E6773202D2073B3
S3159002F2206176657C72656C6F61647C6261636B7595
S3159002F230707C726573746F72657C64756D700A20EA
S3159002F2402073617665202020202D20536176657388
S3159002F2502063757272656E742073657474696E67D5
S3159002F2607320746F204E564D0A202072656C6F6122
S3159002F2706420202D204469736361726473206375E0
S3159002F2807272656E742073657474696E67732061A9
S3159002F2906E642072656C6F6164732066726F6D2006
S3159002F2A04E564D0A20206261636B757020202D2088
S3159002F2B04261636B732075702073657474696E67AF
S3159002F2C07320746F2054465450207365727665721B
S3159002F2D00A2020726573746F7265202D20526573B1
S3159002F2E0746F7265732073657474696E6773206642
S3159002F2F0726F6D2054465450207365727665720A09
S3159002F300202064756D70205B737461727420656ED3
S3159002F310645D202D2064756D7073204E564D2E209F
S3159002F3204966206E6F2073746172742F656E642CB9
S3159002F3302064656661756C7420697320302D323550
S3159002F340352E0A5365652055736572732047756924
S3159002F350646520746F20726573657420746F20667D
S3159002F3606163746F72792064656661756C74732ECD
S3159002F3700A00656E760073657474696E67730054DD
S3159002F38068652031345620737570706C7920697374
S3159002F390202563207468652031312E395620746891
S3159002F3A0726573686F6C642E0A00436F6E6E656346
S3159002F3B0746564004E6F7420436F6E6E65637465F8
S3159002F3C06420286C6F63616C206D6F6465290059A7
S3159002F3D06573004E6F202864652D656D7068617344
S3159002F3E0697A656429004E6F005965732028646FA7
S3159002F3F06E27742066696C74657229004E6F202898
S3159002F40066696C746572206974290047656E6572C7
S3159002F410616C20507572706F73650047505320541B
S3159002F420696D6564004449414C20436F6E6E656315
S3159002F43074696F6E2073746174653A2025730A0A33
S3159002F440002020202020202020204449414C204684
S3159002F4506C61672042797465203A20307825322E85
S3159002F46032780A0020202020202020202020466C5E
S3159002F470617420417564696F202831293A20257379
S3159002F4800A0020202053656E6420417564696F20BE
S3159002F490416C77617973202832293A2025730A00C4
S3159002F4A0202020446F6E27742066696C74657220E2
S3159002F4B043544353532834293A2025730A004D6105
S3159002F4C0737465722054696D696E6720536F757295
S3159002F4D06365202838293A2025730A0020202020A7
S3159002F4E020202020417564696F20436F64656320F4
S3159002F4F0283136293A2025730A0020202020202000
S3159002F500202054696D696E67204D6F64652028339B
S3159002F51032293A2025730A002020202020202020FC
S3159002F52020202052657365727665642028363429C8
S3159002F5303A2025640A002020202020202020202006
S3159002F54052657365727665642028313238293A207D
S3159002F55025640A004E6F74204C6F636B6564004796
S3159002F56050532053796E6368726F6E697A65640040
S3159002F5704C6F63616C204372797374616C002020C6
S3159002F580202047505320315050533A2025730A0079
S3159002F59053616D706C6520436C6F636B3A20257373
S3159002F5A00A002020475053205374617475733A2091
S3159002F5B04E6F204E4D454120446174612E0A0020C3
S3159002F5C020475053205374617475733A20222563F1
S3159002F5D0222028413D56616C69642C20563D496E25
S3159002F5E076616C6964290A002020204C6F6E6769E7
S3159002F5F0747564653A20257325630A0020202020BD
S3159002F6004C617469747564653A20257325630A00A2
S3159002F61020202020416C7469747564653A202564B3
S3159002F6206D202825646674290A00202020205554CE
S3159002F6304320446174653A2025322E32642F253256
S3159002F6402E32642F25322E32640A00202020205535
S3159002F65054432054696D653A2025322E32643A25F8
S3159002F660322E32643A25322E32642E25332E33646C
S3159002F6700A0A0020202023206F6620536174733A71
S3159002F6802025640A00202020202020202048444F54
S3159002F690503A2025642E25322E32646D0A0020209F
S3159002F6A0202020202053706565643A2025642E25FB
S3159002F6B0312E31646B7473203A290A0020205361EB
S3159002F6C074205369676E616C3A205B4348232C2001
S3159002F6D0536174232C20534E525D20666F722031F3
S3159002F6E032206D6178000A202020202020202020C0
S3159002F6F02020202020005B2532642025326420259C
S3159002F70032645D2000414320686173206661696CB2
S3159002F71065642C207265706561746572206D75736F
S3159002F72074206265206F6E206261747465727920AE
S3159002F730706F776572210A005265706561746572A1
S3159002F7402072756E6E696E67206E6F726D616C6CEB
S3159002F75079206F6E2041432E0A0050726573732092
S3159002F760616E79206B657920746F2073746F702E39
S3159002F7702E2E0A0052535349204144433A202533B0
S3159002F7806420253236732000485046202533642063
S3159002F79025323673200025632025630A004175645D
S3159002F7A0696F3A2025336420253236732000336BF5
S3159002F7B0487A2043616C3A2025356420253231738C
S3159002F7C00A004449414C2054696D653A2531302EE0
S3159002F7D03130752E25392E39750D0A0020204D5956
S3159002F7E02054696D653A2531302E3130752E253982
S3159002F7F02E39750D0A004C6F63616C207673204426
S3159002F80049414C2054696D652064656C7461202869
S3159002F8107573293A2025640D0A0053796E63204345
S3159002F8206865636B206661696C65642C206E6F20D7
S3159002F8304449414C20736572766572207265737085
S3159002F8406F6E73652E0A004D43552074656D706513
S3159002F8507261747572653A2020253264432C202594
S3159002F8603364462E0A004572726F72207265616425
S3159002F870696E67204D43552074656D70657261742B
S3159002F8807572652E0A005043422074656D706572DA
S3159002F89061747572653A2020253264432C20253393
S3159002F8A064462E0A004578742074656D706572619F
S3159002F8B07475726525643A20253264432C2025336B
S3159002F8C064462E0A00557074696D65203E39393446
S3159002F8D02064617973212028746861742773206D7E
S3159002F8E07920747261636B657273206C696D697449
S3159002F8F0292E0A00557074696D653A202564206434
S3159002F9006179732025322E32643A25322E32643A48
S3159002F91025322E32642E0A0048616C660046756C5A
S3159002F9206C0020566F74657232204D4143204164BB
S3159002F9306472657373203A200025322E32783A002B
S3159002F94020202020202045746865726E6574206C94
S3159002F950696E6B203A20446973636F6E6E65637449
S3159002F96065642C204C696E6B204E6F7420416374D3
S3159002F9706976650A002020202020204574686572E9
S3159002F9806E6574206C696E6B203A20436F6E6E655D
S3159002F990637465640A00202020436F6E6E656374FB
S3159002F9A0696F6E205370656564203A202564204DF8
S3159002F9B06269740A002020436F6E6E656374696F84
S3159002F9C06E204475706C6578203A202573204475B4
S3159002F9D0706C65780A005265736F6C76656420491F
S3159002F9E0502061646472657373203A2025730A000D
S3159002F9F02020205265736F6C766564204E65746D17
S3159002FA0061736B203A2025730A0020202052657379
S3159002FA106F6C7665642047617465776179203A20C8
S3159002FA2025730A00202020202020205265736F6CB7
S3159002FA3076656420444E53203A2025730A00537407
S3159002FA40617473206172653A0A005468697320730F
S3159002FA5074617475732072657175697265732061CC
S3159002FA60206C6F636B656420475053207369676E91
S3159002FA70616C20746F20776F726B2E0A00436C6FE5
S3159002FA80636B2028584F293A202532642C25332E31
S3159002FA9033642C25332E33642E25322E326420285D
S3159002FAA0256325642E25332E336470706D290A00E2
S3159002FAB0436C6F636B20285643584F293A20253260
S3159002FAC0642C25332E33642C25332E33642E253223
S3159002FAD02E3364487A20282564707062290A003190
S3159002FAE0347600706F7765720070777200727373F6
S3159002FAF069007273690073796E0072746F73007223
S3159002FB00786666740074656D7072007470720075B2
S3159002FB107074696D65007570740031306D687A0025
S3159002FB2031306D00737461747573202D205B3130A2
S3159002FB306D687A7C3134767C6469616C7C657468B4
S3159002FB4065726E65747C6770737C706F7765727C14
S3159002FB50727373697C72746F737C72786666747CE6
S3159002FB6073796E637C74656D70727C757074696DF1
S3159002FB70655D0A53686F7720566F7465723220738B
S3159002FB80746174757320696E666F0A202020202036
S3159002FB902020202031306D687A202831306D29203E
S3159002FBA02D2031304D487A20636C6F636B206672DC
S3159002FBB0657175656E637920287673204750532058
S3159002FBC031505053290A20202020202020202031F5
S3159002FBD03476202D20636865636B2031345620730A
S3159002FBE07570706C790A20202020202020202064B5
S3159002FBF069616C202D20636865636B204449414C92
S3159002FC0020636F6E6E656374696F6E207374617430
S3159002FC1075730A2020202020202020206574686594
S3159002FC20726E6574202865746829202D2045746843
S3159002FC3065726E657420706F7274207374617475D8
S3159002FC40730A202020202020202020677073202DE8
S3159002FC5020636865636B2047505320737461747593
S3159002FC60730A202020202020202020706F77657232
S3159002FC70202870777229202D20636865636B207225
S3159002FC806570656174657220414320706F77657205
S3159002FC900A2020202020202020206C6576656C206A
S3159002FCA0286C766C29202D20436865636B20616EE3
S3159002FCB0616C6F6720696E707574206C6576656C81
S3159002FCC00A20202020202020202072737369202869
S3159002FCD072736929202D20646973706C617920276B
S3159002FCE06C6976652720525353492076616C756507
S3159002FCF00A20202020202020202072746F73202D2D
S3159002FD002052544F53207461736B20435055207583
S3159002FD1074696C697A6174696F6E0A20202020205A
S3159002FD2020202020727866667420286666742920C0
S3159002FD302D20464654206F66205278207369676E4E
S3159002FD40616C20286465627567206F6E6C79290AEA
S3159002FD5020202020202020202073796E6320287373
S3159002FD60796E29202D20636865636B204750532056
S3159002FD707673204449414C2073796E630A20202081
S3159002FD8020202020202074656D7072202874707255
S3159002FD9029202D20636865636B204D43552F504370
S3159002FDA0422074656D70657261747572650A202061
S3159002FDB020202020202020757074696D652028757A
S3159002FDC0707429202D2074696D652073696E636540
S3159002FDD0206C61737420626F6F740A00737461741D
S3159002FDE07573005465737420546F6E6520646973DD
S3159002FDF061626C65642E2028536574206C65766505
S3159002FE006C20746F20656E61626C65290A00546578
S3159002FE10737420546F6E6520656E61626C65642E94
S3159002FE200A00416D706C6974756465202564252598
S3159002FE302066756C6C207363616C650A0046726508
S3159002FE407175656E6379202564487A0A004E4F541F
S3159002FE50453A205465737420546F6E6520736574A9
S3159002FE6074696E677320617265206E6F742070720A
S3159002FE7065736572766564206F6E207265626F6FC8
S3159002FE80742E0A00506172616D65746572206D758B
S3159002FE907374206265206F66662C206C6576656C3D
S3159002FEA0206F7220667265712E0A005465737420F3
S3159002FEB0546F6E652064697361626C65642E0A0084
S3159002FEC04C6576656C2073686F756C6420626520EC
S3159002FED0302D313030202870657263656E742066DD
S3159002FEE0756C6C207363616C65292E0A004C65767D
S3159002FEF0656C2073657420746F20256425252066B1
S3159002FF00756C6C207363616C650A004672657175D7
S3159002FF10656E63792073686F756C642062652031B3
S3159002FF202D343030302E0A004672657175656E63D7
S3159002FF30792073657420746F202564487A0A00527A
S3159002FF40782054657374206D6F6465206F66660AB7
S3159002FF500052782054657374206D6F6465207075B5
S3159002FF606C736520706572696F642032306D730AA6
S3159002FF700052782054657374206D6F646520707595
S3159002FF806C736520706572696F642038306D730A80
S3159002FF900052782054657374206D6F646520707575
S3159002FFA06C736520706572696F64203232306D733E
S3159002FFB00A0052782054657374206D6F64652033FD
S3159002FFC04B487A20646576696174696F6E206571B3
S3159002FFD07569760A0052782054657374206D6F6441
S3159002FFE065205246550A00506172616D657465725C
S3159002FFF0206D757374206265206F66662C2074700E
S3159003000032302C20747038302C2074703232302C6D
S31590030010206F7220646576336B2E0A0074703230CB
S315900300200074703830007470323230006465763301
S315900300306B00727874657374202D205B6F66667C93
S31590030040302D335D0A2020202020202020206F662B
S3159003005066202D2044697361626C657320746573A1
S3159003006074207369676E616C20286E6F726D616C14
S31590030070206F7065726174696F6E290A2020202043
S31590030080202020202030202D2053616D6520617320
S31590030090206F66660A2020202020202020203120F1
S315900300A02D2054696D696E672070756C7365206534
S315900300B076657279207061636B6574202832306D32
S315900300C073292E0A20202020202020202032202D24
S315900300D02054696D696E672070756C7365206576BB
S315900300E065727920347468207061636B6574202817
S315900300F038306D73292E0A2020202020202020209E
S3159003010033202D2054696D696E672070756C736505
S315900301102065766572792031317468207061636BDE
S31590030120657420283232306D73292E0A20202020C0
S31590030130202020202034202D20314B487A20746FA4
S315900301406E6520656D756C6174696E6720334B4877
S315900301507A20646576696174696F6E20283F3F25BE
S315900301602066756C6C207363616C650A0072787493
S3159003017000727874657374007478746F6E65202D4D
S31590030180205B6F66667C6C6576656C20237C6672F5
S31590030190657120235D0A2020202020202020206FB7
S315900301A06666202D2044697361626C65732074655D
S315900301B0737420746F6E6520286E6F726D616C20F8
S315900301C06F7065726174696F6E290A2020202020F2
S315900301D0202020206C6576656C202D20546F6E65EB
S315900301E020616D706C697475646520696E202566EF
S315900301F0756C6C207363616C652028302D313030BB
S31590030200290A202020202020202020202020202062
S31590030210202020456E61626C657320746F6E652035
S315900302206966206E6F7420656E61626C65642E0AD2
S3159003023020202020202020202066726571202D20EA
S31590030240546F6E65206672657175656E6379206904
S315900302506E20487A2028312D34303030290A2020D8
S31590030260202020202020206966206E6F20706172E6
S31590030270616D732C20746F6E652073657474696EEB
S3159003028067732077696C6C2062652073686F776EED
S315900302902E0A00544654503A2053656E74205544A2
S315900302A05020626C6F636B2025642C6C656E2025E1
S315900302B06420282564290D0A00544654503A206E2A
S315900302C06574636F6E6E5F6E657720283078253818
S315900302D02E3878290D0A00544654503A206E657488
S315900302E0636F6E6E5F636F6E6E656374202830788E
S315900302F025382E3878290D0A006E65746173636903
S3159003030069006F6374657400544654503A20525290
S31590030310512066696C6520272573272C206D6F64A1
S31590030320652025730D0A00544654503A205544507F
S31590030330204572726F722025642028256420627985
S31590030340746573290D0A00544654503A2055445007
S3159003035020526573706F6E7365202564206279747D
S3159003036065732C20626C6F636B202564202825644B
S31590030370290D0A0054696D656F75740054494420BC
S315900303804572726F7200426164206865616465723A
S3159003039000426164205061636B6574204C656E679F
S315900303A074680042616420532D5265636F726400D2
S315900303B0556E6578706563746564204572726F7265
S315900303C00054465450206572726F72202825642E0D
S315900303D025642920536572766572204572726F7211
S315900303E02025732E0A0054465450206572726F72FC
S315900303F0202825642E2564292054696D656F7574AC
S315900304002E0A0054465450206572726F7220282526
S31590030410642E25642920544944204572726F722EA6
S315900304200A0054465450206572726F7220282564D0
S315900304302E25642920426164206865616465722E65
S315900304400A0054465450206572726F7220282564B0
S315900304502E25642920426164205061636B65742064
S315900304604C656E6774682E0A005446545020657224
S31590030470726F72202825642E256429204261642098
S31590030480426C6F636B206E756D6265722E0A0054B3
S31590030490465450206572726F72202825642E256407
S315900304A02920426164205352454320666F726D61E1
S315900304B0742E0A0054465450206572726F72202827
S315900304C025642E2564292042616420535245432096
S315900304D0416464726573732E0A00544654502065C2
S315900304E072726F72202825642E25642920556E65B5
S315900304F078706563746564204572726F722E0A0014
S315900305000D256300506C6561736520656E74657225
S31590030510202775706461746520636865636B272013
S31590030520666972737420746F20636865636B207455
S3159003053068652076657273696F6E206F6E2073653A
S31590030540727665722E0A0045726173696E672064CE
S315900305506F776E6C6F616420666C6173682C207420
S315900305606869732063616E2074616B652075702072
S31590030570746F202564207365636F6E64732E2E2EBD
S315900305800A000D436F6E74616374696E67205446F7
S3159003059054502073657276657220617400256420C9
S315900305A062797465732070726F6365737365640D96
S315900305B0000A446F776E6C6F616420636F6D706C25
S315900305C06574652C20256420627974657320707236
S315900305D06F636573736564202825642525206F668C
S315900305E020666C6173682920696E20256420736583
S315900305F0636F6E64730A000A202A2A2A2A2000252A
S315900306006420666C6173682070726F6772616D6D3A
S31590030610696E67206572726F72730A004572726FA4
S31590030620727320646F776E6C6F6164696E67207402
S315900306306865206E657720696D6167652E0A004649
S3159003064061696C6564206174206C696E65202564AC
S3159003065020696E20736563746F722025642E0A0079
S315900306604C696E65203E25733C0A00466972737425
S3159003067020706172616D65746572206D75737420F7
S31590030680626520636865636B2C20646F776E6C6F0D
S3159003069061642C20786D6F64656D2C207665726924
S315900306A066792C2064756D702C206F722070726F32
S315900306B06772616D2E0A00466F7220646F776E6C57
S315900306C06F61642F7665726966792C20796F7520D0
S315900306D063616E2070726F7669646520616E206FB8
S315900306E07074696F6E616C206F76657272696465FA
S315900306F02066696C656E616D652E0A00466F722081
S3159003070064756D702C2070726F76696465206120B4
S31590030710686578207374617274696E672061646426
S315900307207265737320616E64206C656E6774682E50
S315900307300A00323032362D30382D323500302E3095
S3159003074038520052756E6E696E672076657273695C
S315900307506F6E3A2025732025730A002053657276AF
S3159003076065722076657273696F6E3A2025732025BC
S31590030770730A00205365727665722020202046699D
S315900307806C653A2025730A00556E61626C65207418
S315900307906F206F627461696E2076657273696F6E8E
S315900307A02066726F6D207365727665722E0A0025C8
S315900307B0382E38783A200025322E327820007C2045
S315900307C000416464726573732F6C656E67746820F9
S315900307D0706172616D65746572206572726F720075
S315900307E0566572696679696E672065726173652E5F
S315900307F02E2E0A0025326425252E2E2E0D003130FD
S315900308003025252E2E0A00566572696669636174D2
S31590030810696F6E20636F6D706C6574652C202564AB
S31590030820206572726F72732E0A004E6F20676F6F18
S315900308306420696D61676520696E20646F776E6C5D
S315900308406F616420666C6173682E0A000A0A50729F
S315900308506F6772616D6D696E672065786563757490
S3159003086061626C6520666C6173682E20205468699A
S315900308707320696E766F6C7665732074776F2072CA
S3159003088065626F6F74732E0A005468652070726F79
S31590030890636573732063616E2074616B65207570F5
S315900308A020746F203930207365636F6E64732E0ADC
S315900308B00054686520686561727462656174204C42
S315900308C0454420726576657273652D626C696E6BAD
S315900308D07320286D6F73746C79206F6E29206475FD
S315900308E072696E6720746869732070726F6365733B
S315900308F0732E0A004C6F6767696E6720696E666F21
S3159003090020697320617661696C61626C65206F6E94
S315900309102074686520646562756720706F7274735E
S3159003092020554152542070696E732E0A005468699B
S315900309307320666561747572652069732073746933
S315900309406C6C20756E64657220646576656C6F70E9
S315900309506D656E74210A0063686B00646F776E6CC5
S315900309606F616400646C640076657269667900767B
S31590030970657200646D70006572617365006572617E
S315900309800070726F6772616D0070726700786D6F39
S3159003099064656D00786D6400757064617465202D6F
S315900309A0205B636865636B7C646F776E6C6F616461
S315900309B07C7665726966797C70726F6772616D7C9D
S315900309C0786D6F64656D7C65726173657C64756DB6
S315900309D0705D20536F66747761726520757064617C
S315900309E074650A20202020202020202063686563D8
S315900309F06B202863686B29202D20636865636B20C1
S31590030A00666F72206E657765722076657273696F0D
S31590030A106E0A202020202020202020646F776E6C81
S31590030A206F61642028646C6429202D20646F776E2F
S31590030A306C6F6164206C61746573742076657273F0
S31590030A40696F6E0A202020202020202020786D6F49
S31590030A5064656D2028786D6429202D20446F776E08
S31590030A606C6F6164207573696E6720584D4F44456A
S31590030A704D2F4352430A20202020202020202076E9
S31590030A806572696679202876657229202D205665C8
S31590030A907269667920646F776E6C6F61640A202041
S31590030AA02020202020202070726F6772616D20288D
S31590030AB070726729202D202050726F6772616D20A6
S31590030AC0646F776E6C6F6164656420766572736923
S31590030AD06F6E0A20202020202020202065726173CB
S31590030AE065202865726129202D20457261736520E2
S31590030AF0646F776E6C6F616420666C6173680A20AD
S31590030B00202020202020202064756D702028646D7D
S31590030B1070295B616464725D205B6C656E5D202DEC
S31590030B202044756D7020646F776E6C6F6164206678
S31590030B306C61736820636F6E74656E747320286836
S31590030B40657820706172616D73290A00757064000F
S31590030B50757064617465002D532D0025346C64643F
S31590030B60444143002D412D005643584F203A2028A7
S31590030B702532642920253864487A49202538642EFD
S31590030B8025332E3364487A412025356450504220CC
S31590030B90253873202536644441430D0A005B25317D
S31590030BA0306C645D200028256429002025322E327E
S31590030BB078004C6F6767657232725461736B203A33
S31590030BC02053746172740D0A004952512042616335
S31590030BD06B75703A2025322E32782025322E327854
S31590030BE02025322E32782025322E32780A004F76FF
S31590030BF06572666C6F77486F6F6B3A205461736B4F
S31590030C002025730D0A004C6F6767657245746852A9
S31590030C10785461736B3A2053746172740D0A004C65
S31590030C206F6767657245746852785461736B3A203F
S31590030C306E6574636F6E6E5F6E6577202830782568
S31590030C40382E3878290D0A004C6F6767657245749C
S31590030C506852785461736B3A206E6574636F6E6EE7
S31590030C605F62696E64202825642C307825382E3887
S31590030C7078290D0A004C6F676765724574685278D8
S31590030C805461736B3A2057616974696E6720666F16
S31590030C9072206120636F6E6E656374696F6E0D0A61
S31590030CA0004C6F6767657245746852785461736BCD
S31590030CB03A2054656C6E657420436F6E6E656374EB
S31590030CC0696F6E20282564290D0A0048656C6C6F40
S31590030CD02C20576F726C642120286C6F676765723E
S31590030CE03272742C207761746368646F67206469C9
S31590030CF07361626C6564290D0A0053746172746939
S31590030D006E67204672656552544F532E2E2E0D0AEA
S31590030D1000536572324E657452785461736B4944CD
S31590030D20004C6F6745746852785461736B00436FD8
S31590030D306E45746852785461736B49440044696193
S31590030D406C496E5461736B4944004469616C4F7589
S31590030D50745461736B49440045746865726E657427
S31590030D605461736B494400436F6E736F6C65546142
S31590030D70736B4944004C6F67676572325461736B4A
S31590030D804944004D61696E5461736B4944005275D1
S31590030D906E6E696E67207465737420617373756D77
S31590030DA0696E672061206C6F6F706261636B2063FD
S31590030DB06F6E6E6563746F7220697320696E737458
S31590030DC0616C6C65642E2E2E0A00446174612064F6
S31590030DD069646E27742073656E642E202866616934
S31590030DE06C757265290A0044617461206E6F742074
S31590030DF072656365697665642E20286661696C758C
S31590030E007265290A00554152542053746174653AA8
S31590030E1020307825382E38780A004461746120731F
S31590030E20656E7420616E6420726563656976656428
S31590030E302E2E2E0A004461746120696E76616C6968
S31590030E4064202825642F323536206572726F72734B
S31590030E50290A00446174612076616C6964212028B3
S31590030E6070617373290A007875617274202D202836
S31590030E706E6F20706172616D73292052756E207446
S31590030E806865206C6F6F706261636B2074657374B1
S31590030E902E0A007875617274000A5741524E494E74
S31590030EA0473A20546865205265706561746572206F
S31590030EB063616C6C7369676E206F722070726F6377
S31590030EC06565642049442068617320636861726133
S31590030ED063746572730A6F7574736964652075704C
S31590030EE0706572206361736520412D5A2C20302DD5
S31590030EF0392C206F72202F2E0A54686973206D61E6
S31590030F0079206861766520756E707265646963741D
S31590030F1061626C6520726573756C74732E0A0A0030
S31590030F204E3043414C4C2F52004E6F7420612072C9
S31590030F3065636F676E697A6564206C6F63616C2015
S31590030F4073657474696E672C20656E746572202759
S31590030F5073686F77206C6F63616C2720666F72205E
S31590030F606C6973742E0A00566F74657232204C6FD7
S31590030F7063616C204D6F64653A00566F7465723287
S31590030F80204C6F63616C20435720537065656420D2
S31590030F902877706D293A00566F74657232204C6FBC
S31590030FA063616C20435443535320467265712028E2
S31590030FB0687A293A00566F74657232204C6F636172
S31590030FC06C2044652D456D7068617369733A00565C
S31590030FD06F74657232204C6F63616C205072652D0D
S31590030FE043572064656C617920286D73293A0056BE
S31590030FF06F74657232204C6F63616C20506F73749B
S315900310002D43572064656C617920286D73293A00C6
S31590031010566F74657232204C6F63616C204944201D
S3159003102073706163696E672028736563293A005606
S315900310306F74657232204C6F63616C2068616E6762
S315900310402074696D6520286D73293A00566F74650F
S315900310507232204C6F63616C2054782044656C61C6
S315900310607920286D73293A00566F74657232204C35
S315900310706F63616C20504C20746F6E6520766F6C35
S31590031080756D652028302D3130293A00566F746579
S315900310907232204C6F63616C2043572049443A0067
S315900310A0566F74657232204C6F63616C2050726F09
S315900310B0636565642049443A00202020202020203F
S315900310C0202020202020204C6F63616C204D6F647C
S315900310D065202D202538732028253373293A20251A
S315900310E0730A00204C6F63616C2049442043572058
S315900310F05370656564202877706D29202D202538D7
S31590031100732028253373293A2025640A002020204A
S3159003111020202020204C6F63616C2043544353530B
S315900311202046726571202D20253873202825337328
S31590031130293A2025730A00202020202020204C6F56
S3159003114063616C2044652D456D7068617369732086
S315900311502D202538732028253373293A2025730AA1
S3159003116000204C6F63616C205072652D4357206449
S31590031170656C617920286D7329202D20253873207D
S3159003118028253373293A2025640A004C6F63616CD2
S3159003119020506F73742D43572064656C61792028B2
S315900311A06D7329202D202538732028253373293AEA
S315900311B02025640A00204C6F63616C2049442049C2
S315900311C06E74657276616C202873656329202D2071
S315900311D02538732028253373293A2025640A00205D
S315900311E02020204C6F63616C2048616E67205469A0
S315900311F06D6520286D7329202D2025387320282589
S315900312003373293A2025640A0020202020204C6F2E
S3159003121063616C2054782044656C617920286D73E2
S3159003122029202D202538732028253373293A202504
S31590031230640A004C6F63616C204354435353206C90
S315900312406576656C2028302D313029202D20253860
S31590031250732028253373293A2025640A00202020F9
S31590031260202020204C6F63616C2063616C6C7369E2
S31590031270676E204944202D20253873202825337303
S31590031280293A2025730A0020202020202020204C54
S315900312906F63616C2050726F636565642049442067
S315900312A02D202538732028253373293A2025730A50
S315900312B0004C6F63616C2073657474696E67206309
S315900312C06F6D6D616E64206E6F7420666F756E645C
S315900312D02E202054797065202768656C702073687A
S315900312E06F77206C6F63616C2720666F7220612025
S315900312F066756C6C206C6973742E0A006C6F6361EF
S315900313006C206D6F6465006C6F63616C206377739B
S315900313107064006C6F63616C20706C6672657100AB
S315900313206C6F63616C206465656D7068006C6F6348
S31590031330616C207072656377006C6F63616C20706B
S315900313406F73746377006C6F63616C2069647469FF
S315900313506D65006C6F63616C2068616E6774696D0F
S3159003136065006C6F63616C207478646C79006C6F44
S3159003137063616C20706C6C6576656C006C6F6361F1
S315900313806C206964006C6F63616C2070726F63008C
S315900313904E2F41006C6F63616C206D6F6465205BAB
S315900313A06E6F6E657C73696D706C65787C747269AB
S315900313B0676765727C72657065617465725D202D71
S315900313C020536574732074686520726570656174C3
S315900313D06572206D6F6465207768656E20696E0A05
S315900313E02020206C6F63616C206D6F64652E2020C6
S315900313F04C6F63616C206D6F646573206172653A9F
S315900314000A202D206E6F6E65202D206469736162AC
S315900314106C65642E204966206E6F7420636F6E6EC2
S31590031420656374656420746F2061204449414C2040
S315900314307365727665722C2074686520566F746531
S3159003144072322069732073696C656E740A202D203D
S3159003145073696D706C6578202D204F6E6C7920734F
S31590031460656E647320646973636F6E6E65637420CF
S31590031470494420616E6420435720494420746F6E1B
S3159003148065730A202D2074726967676572202D2013
S315900314904F6E6C792073656E647320646973636FA2
S315900314A06E6E65637420494420746F6E650A202DB1
S315900314B0207265706561746572202D204265636F35
S315900314C06D65732061206C6F63616C2072657065C6
S315900314D0617465720A006C6F63616C2063777370D5
S315900314E064205B73706565645D20546865206C6FDA
S315900314F063616C2049446572204357207370656518
S315900315006420696E2057504D2028352D3530290A91
S31590031510006C6F63616C20706C66726571205B669C
S315900315207265715D202D20546865206C6F63616CC4
S3159003153020504C2028435443535329206672657197
S3159003154075656E63792E20546F2064697361626C3E
S31590031550652074686520746F6E652C0A202020734D
S3159003156065742074686520504C206C6576656C2094
S3159003157028706C6C6576656C2920746F20302E20EC
S315900315802056616C6964206672657175656E6369D0
S3159003159073206172653A0A20202036372E30203721
S315900315A0312E392037342E342037372E30203739A1
S315900315B02E372038322E352038352E342038382E93
S315900315C0352039312E352039342E382039372E347B
S315900315D0203130302E30203130332E352031303794
S315900315E02E320A2020203131302E39203131342EBB
S315900315F038203131382E38203132332E3020313263
S31590031600372E33203133312E38203133362E352051
S315900316103134312E33203134362E32203135312E3A
S3159003162034203135362E37203136322E320A202069
S31590031630203136372E39203137332E38203137390A
S315900316402E39203138362E32203139322E38203207
S3159003165030332E35203231302E37203231382E31F9
S31590031660203232352E37203233332E3620323431F0
S315900316702E38203235302E330A006C6F63616C201E
S315900316806465656D7068205B6F6E7C6F66665D20C2
S315900316902D20536574732044652D656D7068617351
S315900316A0697320666F72206C6F63616C206D6F64D3
S315900316B0650A006C6F63616C207072656377205B5B
S315900316C06D735D202D2044656C61792066726F6D14
S315900316D020617564696F20746F20435720746F6E11
S315900316E0657320283130302D3530306D73290A00DB
S315900316F06C6F63616C20706F73746377205B6D732B
S315900317005D202D2044656C617920626574776565EB
S315900317106E2070726F6365656420494420616E64C0
S315900317202053746174696F6E204944202831303098
S315900317302D35303030206D73290A006C6F63616CE0
S3159003174020696474696D65205B7365635D202D20E4
S3159003175054696D65206265747765656E204357207D
S31590031760494473202836302D363030736563290A01
S31590031770006C6F63616C2068616E6774696D652038
S315900317805B6D735D202D2044656C61792066726F65
S315900317906D206C61737420617564696F20746F201A
S315900317A05054542064652D617373657274696F6EBA
S315900317B020283130302D353030306D73290A006C46
S315900317C06F63616C207478646C79205B6D735D20B4
S315900317D02D20417564696F20696E2D6F7574206431
S315900317E0656C61792E202836302D3830306D73290B
S315900317F00A006C6F63616C20706C6C6576656C2007
S315900318005B255D202D20504C20746F6E65206C6592
S3159003181076656C2028302D33302028706572636589
S315900318206E742066756C6C207363616C6529290AE6
S31590031830006C6F63616C206964205B63616C6C738D
S3159003184069676E5D202D2054686520737461746991
S315900318506F6E204944202863616C6C7369676E29A7
S315900318600A006C6F63616C2070726F63205B7465A2
S3159003187078745D202D2050726F63656564204944AA
S31590031880202861742074686520656E64206F6620D5
S3159003189065616368207472616E736D697373696F42
S315900318A06E290A0036372E300037312E39003734F9
S315900318B02E340037372E300037392E370038322EF4
S315900318C0350038352E340038382E350039312E35DB
S315900318D00039342E380039372E34003130302E30DB
S315900318E0003130332E35003130372E3200313130DE
S315900318F02E39003131342E38003131382E380031BB
S3159003190032332E30003132372E33003133312E3885
S31590031910003133362E35003134312E33003134369F
S315900319202E32003135312E34003135362E37003193
S3159003193036322E32003136372E39003137332E3840
S31590031940003137392E39003138362E32003139325B
S315900319502E38003230332E35003231302E37003266
S3159003196031382E31003232352E37003233332E361C
S31590031970003234312E38003235302E330073696D90
S31590031980706C657800736D700074726967676572C1
S315900319900074726700726570656174657200727027
S315900319A074006D6F640063777300706C6600707279
S315900319B06300706F630069646C0068746D00706C8B
S315900319C06C0065746865726E65745F6C696E6B5F47
S315900319D0746872656164207461736B207374617249
S315900319E0740D0A002E2E2F4C5749502F546172674F
S315900319F065742F65746865726E657469662E630087
S31590031A00417373657274696F6E2022257322206603
S31590031A1061696C6564206174206C696E65202564C8
S31590031A2020696E2025730A004574684C696E6B00B5
S31590031A304574684966002E2E2F4D6964646C6577EC
S31590031A40617265732F54686972645F5061727479B9
S31590031A502F4C7749502F7372632F6170692F617082
S31590031A60695F6C69622E63006E6574636F6E6E5FF9
S31590031A70726563765F7463705F706275663A2069A8
S31590031A806E76616C696420636F6E6E006E657463C7
S31590031A906F6E6E5F636C6F73653A20696E76616C79
S31590031AA0696420636F6E6E0066726565696E672002
S31590031AB0636F6E6E20776974686F7574206672654E
S31590031AC065696E672070636200636F6E6E206861EE
S31590031AD073206E6F20726563766D626F7800636FA5
S31590031AE06E6E2D3E6163636570746D626F7820735D
S31590031AF0686F756C646E2774206578697374006378
S31590031B006F6E6E20686173206E6F206F705F636F68
S31590031B106D706C65746564006E6574636F6E6E5FED
S31590031B2062696E643A20696E76616C696420636F4C
S31590031B306E6E006E6574636F6E6E5F636F6E6E65C9
S31590031B4063743A20696E76616C696420636F6E6E16
S31590031B50006E6574636F6E6E5F6C697374656E3ACF
S31590031B6020696E76616C696420636F6E6E006E6534
S31590031B7074636F6E6E5F73656E643A20696E766199
S31590031B806C696420636F6E6E006E6574636F6E6EC0
S31590031B905F77726974653A20696E76616C696420C1
S31590031BA0636F6E6E006E6574636F6E6E5F77726948
S31590031BB074653A20696E76616C696420636F6E6EA4
S31590031BC02D3E7479706500646F5F777269746520D2
S31590031BD06661696C656420746F2077726974652099
S31590031BE0616C6C206279746573006E6574636F6E55
S31590031BF06E5F6163636570743A20696E76616C6932
S31590031C006420706F696E746572006E6574636F6E2F
S31590031C106E5F6163636570743A20696E76616C6911
S31590031C206420636F6E6E006E6574636F6E6E5F7223
S31590031C306563763A20696E76616C696420706F6924
S31590031C406E746572006E6574636F6E6E5F726563B4
S31590031C50763A20696E76616C696420636F6E6E0066
S31590031C6062756620213D204E554C4C006E6574631B
S31590031C706F6E6E5F676574686F737462796E616D0C
S31590031C80653A20696E76616C6964206E616D650054
S31590031C906E6574636F6E6E5F676574686F737462F7
S31590031CA0796E616D653A20696E76616C69642061BF
S31590031CB0646472002E2E2F4D6964646C657761722D
S31590031CC065732F54686972645F50617274792F4C8F
S31590031CD07749502F7372632F6170692F6170695FB3
S31590031CE06D73672E6300726563765F756470206D9E
S31590031CF075737420686176652061207063622061D4
S31590031D007267756D656E7400726563765F756470E0
S31590031D10206D757374206861766520616E2061729B
S31590031D2067756D656E7400726563765F7564703AF8
S31590031D30207265637620666F722077726F6E672066
S31590031D407063622100636F6E6E2D3E73746174656A
S31590031D50203D3D204E4554434F4E4E5F434F4E4E8E
S31590031D604543540028636F6E6E2D3E63757272659C
S31590031D706E745F6D736720213D204E554C4C292020
S31590031D807C7C20636F6E6E2D3E696E5F6E6F6E5FA9
S31590031D90626C6F636B696E675F636F6E6E65637418
S31590031DA000626C6F636B696E6720636F6E6E6563BB
S31590031DB074207374617465206572726F7200636FB9
S31590031DC06E6E20213D204E554C4C00636F6E6E2DEA
S31590031DD03E7374617465203D3D204E4554434F4E8A
S31590031DE04E5F575249544500636F6E6E2D3E637531
S31590031DF07272656E745F6D736720213D204E554CEC
S31590031E004C00636F6E6E2D3E7063622E746370200A
S31590031E10213D204E554C4C00636F6E6E2D3E63757F
S31590031E207272656E745F6D73672D3E6D73672E77F1
S31590031E302E6F6666736574203C20636F6E6E2D3EBF
S31590031E4063757272656E745F6D73672D3E6D73679E
S31590031E502E772E6C656E00636F6E6E2D3E63757274
S31590031E6072656E745F6D73672D3E6D73672E772EF5
S31590031E70766563746F725F636E74203E2030006C78
S31590031E807769705F6E6574636F6E6E5F646F5F770D
S31590031E90726974656D6F72653A20696E76616C6965
S31590031EA064206C656E677468210074686973206931
S31590031EB07320666F7220746370206E6574636F6EA1
S31590031EC06E73206F6E6C7900636F6E6E206D757393
S31590031ED07420626520696E207374617465204E4523
S31590031EE054434F4E4E5F434C4F53450070636220AD
S31590031EF0616C726561647920636C6F73656400438A
S31590031F006C6F73696E672061206C697374656E205C
S31590031F10706362206D6179206E6F74206661696C5F
S31590031F202100726563765F746370206D7573742098
S31590031F306861766520612070636220617267756D52
S31590031F40656E7400726563765F746370206D7573E6
S31590031F5074206861766520616E20617267756D6520
S31590031F606E740065727220213D204552525F4F4B2D
S31590031F7020756E68616E646C656400726563765FE6
S31590031F807463703A207265637620666F72207772F7
S31590031F906F6E67207063622100756E68616E646C04
S31590031FA06564206572726F7200696E61766C69649E
S31590031FB0206F705F636F6D706C657465645F736536
S31590031FC06D00636F6E6E2D3E63757272656E745F90
S31590031FD06D7367203D3D204E554C4C0065727220C3
S31590031FE0213D204E554C4C006E6574636F6E6E5F4B
S31590031FF0616C6C6F633A20756E646566696E656431
S31590032000206E6574636F6E6E5F747970650050436E
S3159003201042206D757374206265206465616C6C6F84
S315900320206361746564206F757473696465207468FD
S3159003203069732066756E6374696F6E0072656376F5
S315900320406D626F78206D7573742062652064656127
S315900320506C6C6F6361746564206265666F726520EC
S3159003206063616C6C696E6720746869732066756EBC
S315900320706374696F6E006163636570746D626F7884
S31590032080206D757374206265206465616C6C6F63F3
S3159003209061746564206265666F72652063616C6CBA
S315900320A0696E6720746869732066756E6374696F69
S315900320B06E00657870656374206E657770636220D1
S315900320C03D3D204E554C4C206F7220657272203DDB
S315900320D03D204552525F4F4B006E6574636F6E6E33
S315900320E0207374617465206572726F7200616C728D
S315900320F0656164792077726974696E67206F72205F
S31590032100636C6F73696E67007374617465210049BC
S315900321106E76616C6964206E6574636F6E6E2074FF
S31590032120797065006D73672D3E6D73672E772E6C90
S31590032130656E20213D203000646F5F676574686F1C
S31590032140737462796E616D65207374696C6C2069C2
S315900321506E2070726F67726573732121002E2E2F16
S315900321604D6964646C6577617265732F546869729F
S31590032170645F50617274792F4C7749502F737263F1
S315900321802F6170692F6E65746275662E63006E6536
S31590032190746275665F616C6C6F633A20696E766183
S315900321A06C69642062756600636865636B20746806
S315900321B061742066697273742070627566206361B8
S315900321C06E20686F6C642073697A65006E657462BD
S315900321D075665F646174613A20696E76616C696451
S315900321E020627566006E65746275665F646174617C
S315900321F03A20696E76616C69642064617461707467
S3159003220072006E65746275665F646174613A206983
S315900322106E76616C6964206C656E006E657462752A
S31590032220665F6E6578743A20696E76616C69642030
S31590032230627566002E2E2F4D6964646C65776172A4
S3159003224065732F54686972645F50617274792F4C09
S315900322507749502F7372632F6170692F7463706916
S31590032260702E630074637069705F746872656164DD
S315900322703A20696E76616C6964206D6573736167E4
S315900322806500496E76616C6964206D626F7800664D
S3159003229061696C656420746F2063726561746520EF
S315900322A074637069705F746872656164206D626F40
S315900322B078006661696C656420746F2063726561EA
S315900322C07465206C6F636B5F74637069705F636F23
S315900322D072650074637069705F7468726561640097
S315900322E02E2E2F4D6964646C6577617265732F54D6
S315900322F0686972645F50617274792F4C7749502F75
S315900323007372632F636F72652F646E732E630064AB
S315900323106E7320736572766572206F7574206F661F
S3159003232020617272617900617272617920696E645B
S315900323306578206F7574206F6620626F756E64730F
S3159003234000756E6B6E6F776E20646E735F746162E9
S315900323506C6520656E7472792073746174653A0046
S315900323602E2E2F4D6964646C6577617265732F5455
S31590032370686972645F50617274792F4C7749502FF4
S315900323807372632F636F72652F6D656D2E6300662F
S3159003239061696C656420746F2063726561746520EE
S315900323A06D656D5F6D75746578006D656D5F66724D
S315900323B065653A2073616E69747920636865636BAA
S315900323C020616C69676E6D656E74006D656D5F6691
S315900323D07265653A20696C6C6567616C206D656D95
S315900323E06F7279006D656D5F667265653A20696C8B
S315900323F06C6567616C206D656D6F72793A20646F59
S3159003240075626C652066726565006D656D5F667253
S3159003241065653A20696C6C6567616C206D656D6F57
S3159003242072793A206E6F6E2D6C696E6B65643A2085
S31590032430646F75626C65206672656500706C75670E
S315900324405F686F6C65733A206D656D203E3D2072B3
S31590032450616D00706C75675F686F6C65733A206D1C
S31590032460656D203C2072616D5F656E6400706C755E
S31590032470675F686F6C65733A206D656D2D3E7573F6
S315900324806564203D3D203000706C75675F686F6CA6
S3159003249065733A206D656D2D3E6E657874203C3D6F
S315900324A0204D454D5F53495A455F414C49474E45EB
S315900324B044006D656D5F7472696D3A206C656761F2
S315900324C06C206D656D6F7279006D656D5F74726961
S315900324D06D2063616E206F6E6C7920736872696E7E
S315900324E06B206D656D6F727900696E76616C696448
S315900324F0206E65787420707472006D656D5F6D6182
S315900325006C6C6F633A20616C6C6F63617465642065
S315900325106D656D6F7279206E6F742061626F7665EB
S315900325202072616D5F656E642E006D656D5F6D6182
S315900325306C6C6F633A20616C6C6F63617465642035
S315900325406D656D6F72792070726F7065726C79209C
S31590032550616C69676E65642E006D656D5F6D616C08
S315900325606C6F633A2073616E6974792063686563EF
S315900325706B20616C69676E6D656E74002E2E2F4DA0
S315900325806964646C6577617265732F546869726464
S315900325905F50617274792F4C7749502F7372632F02
S315900325A0636F72652F6D656D702E63006D656D70CB
S315900325B05F6D616C6C6F633A206D656D70207072A0
S315900325C06F7065726C7920616C69676E6564006D76
S315900325D0656D705F667265653A206D656D20707284
S315900325E06F7065726C7920616C69676E656400695A
S315900325F06E76616C696420706F6F6C20646573632B
S31590032600006D656D705F6D616C6C6F633A20747964
S315900326107065203C204D454D505F4D4158006D658A
S315900326206D705F667265653A2074797065203C209B
S315900326304D454D505F4D4158002E2E2F4D69646484
S315900326406C6577617265732F54686972645F5061C4
S315900326507274792F4C7749502F7372632F636F720D
S31590032660652F6E657469662E63006E657469665F21
S3159003267069737375655F7265706F7274733A206967
S315900326806E76616C6964206E65746966006E6574B6
S3159003269069665F6164643A20696E76616C696420E9
S315900326A06E65746966006E657469665F6164643AA3
S315900326B0204E6F20696E69742066756E6374696FB8
S315900326C06E20676976656E006E6574696620616CC7
S315900326D0726561647920616464656400746F6F20C8
S315900326E06D616E79206E65746966732C206D617861
S315900326F02E20737570706F72746564206E756D623B
S31590032700657220697320323535006E657469665F2C
S315900327107365745F75703A20696E76616C6964202F
S315900327206E65746966006E657469665F7365745FDA
S31590032730646F776E3A20696E76616C6964206E6514
S31590032740746966006E657469665F7365745F6C69B8
S315900327506E6B5F75703A20696E76616C6964206EF4
S3159003276065746966006E657469665F7365745F6C9C
S31590032770696E6B5F646F776E3A20696E76616C698A
S3159003278064206E65746966002E2E2F4D6964646CA1
S315900327906577617265732F54686972645F5061726D
S315900327A074792F4C7749502F7372632F636F7265C9
S315900327B02F706275662E6300696E76616C6964200C
S315900327C0706275665F7479706500696E6372656D24
S315900327D0656E745F6D61676E6974756465203C3D63
S315900327E020702D3E6C656E00706275665F667265CD
S315900327F0653A20702D3E726566203E2030007063E8
S315900328002D3E637573746F6D5F667265655F6675EE
S315900328106E6374696F6E20213D204E554C4C006952
S315900328206E76616C696420706275662074797065E2
S3159003283000706275665F616C6C6F633A2065727245
S315900328406F6E656F757320747970650070627566C7
S315900328505F7265616C6C6F633A207020213D204EE8
S31590032860554C4C00706275665F7265616C6C6F63F4
S315900328703A207120213D204E554C4C006D656D5F7D
S315900328807472696D2072657475726E6564207120B9
S315900328903D3D204E554C4C007062756620726566C0
S315900328A0206F766572666C6F7700286820213D20CD
S315900328B04E554C4C2920262620287420213D204E07
S315900328C0554C4C29202870726F6772616D6D6572D5
S315900328D02076696F6C617465732041504929007045
S315900328E02D3E746F745F6C656E203D3D20702D3E5A
S315900328F06C656E20286F66206C61737420706275A8
S315900329006620696E20636861696E2900702D3E6E3C
S31590032910657874203D3D204E554C4C00706275662B
S315900329205F636F70793A20746172676574206E6F16
S31590032930742062696720656E6F75676820746F206F
S31590032940686F6C6420736F75726365006F666673E8
S3159003295065745F746F203C3D20705F746F2D3E6C81
S31590032960656E006F66667365745F66726F6D203C05
S315900329703D20705F66726F6D2D3E6C656E00705F65
S31590032980746F20213D204E554C4C00706275665FE6
S31590032990636F7079282920646F6573206E6F742036
S315900329A0616C6C6F77207061636B6574207175656C
S315900329B07565732100706275665F636F70795F707A
S315900329C061727469616C3A20696E76616C69642090
S315900329D062756600706275665F636F70795F70612A
S315900329E0727469616C3A20696E76616C696420646D
S315900329F061746170747200706275665F74616B6501
S31590032A003A20696E76616C696420627566007062BD
S31590032A1075665F74616B653A20696E76616C6964FD
S31590032A20206461746170747200706275665F74611C
S31590032A306B653A20627566206E6F74206C6172675F
S31590032A406520656E6F75676800706275665F746101
S31590032A506B653A20696E76616C69642070627566FF
S31590032A6000646964206E6F7420636F707920616C63
S31590032A706C206461746100636865636B2070627532
S31590032A80665F736B697020726573756C74007062A0
S31590032A9075665F636F7079206661696C6564002EF5
S31590032AA02E2F4D6964646C6577617265732F5468D4
S31590032AB06972645F50617274792F4C7749502F73A2
S31590032AC072632F636F72652F7261772E63007261E3
S31590032AD0772070636220726563762063616C6C62A3
S31590032AE061636B20616C7465726564207062756650
S31590032AF0207061796C6F616420706F696E74657212
S31590032B0020776974686F757420656174696E672040
S31590032B107061636B65740043616E2774207265738D
S31590032B20746F726520686561646572207765206A43
S31590032B307573742072656D6F76656421002E2E2FE2
S31590032B404D6964646C6577617265732F54686972B5
S31590032B50645F50617274792F4C7749502F73726307
S31590032B602F636F72652F7463702E63007063622098
S31590032B70213D204E554C4C007463705F66726565BB
S31590032B803A204C495354454E007463705F62696EA4
S31590032B90643A20696E76616C69642070636200742E
S31590032BA063705F62696E643A2063616E206F6E6CC8
S31590032BB0792062696E6420696E20737461746520EE
S31590032BC0434C4F534544007463705F6C69737465EB
S31590032BD06E5F776974685F6261636B6C6F675F61E1
S31590032BE06E645F6572723A20696E76616C69642071
S31590032BF0706362007463705F6C697374656E5F77FC
S31590032C006974685F6261636B6C6F675F616E645FC3
S31590032C106572723A2070636220616C726561647941
S31590032C2020636F6E6E6563746564007463705F751D
S31590032C3070646174655F7263765F616E6E5F776E63
S31590032C40643A20696E76616C696420706362006E83
S31590032C5065775F7263765F616E6E5F776E64203CB5
S31590032C603D20307866666666007463705F7265634E
S31590032C707665643A20696E76616C696420706362E6
S31590032C8000646F6E27742063616C6C207463705F4D
S31590032C9072656376656420666F72206C697374657A
S31590032CA06E2D70636273007463705F7365675F63A1
S31590032CB06F70793A20696E76616C69642073656783
S31590032CC000696E76616C696420736F636B657420BB
S31590032CD0737461746520666F722072656376206380
S31590032CE0616C6C6261636B00696E76616C6964207A
S31590032CF0736F636B657420737461746520666F720A
S31590032D002073656E742063616C6C6261636B00699A
S31590032D106E76616C696420736F636B6574207374EC
S31590032D2061746520666F72206572722063616C6C44
S31590032D306261636B007463705F706F6C6C3A206949
S31590032D406E76616C69642070636200696E76616CFD
S31590032D50696420736F636B65742073746174652003
S31590032D60666F7220706F6C6C007463705F6E6578BB
S31590032D70745F6973733A20696E76616C69642070C7
S31590032D806362007463705F6566665F73656E645FA6
S31590032D906D73735F6E657469663A20696E76616C5E
S31590032DA06964206473745F6970007463705F636FA2
S31590032DB06E6E6563743A20696E76616C6964207091
S31590032DC06362007463705F636F6E6E6563743A20BB
S31590032DD0696E76616C69642069706164647200746B
S31590032DE063705F636F6E6E6563743A2063616E2082
S31590032DF06F6E6C7920636F6E6E6563742066726F07
S31590032E006D20737461746520434C4F53454400742D
S31590032E1063705F7063625F70757267653A20696EFF
S31590032E2076616C696420706362007463705F70632B
S31590032E30625F72656D6F76653A20696E76616C69CD
S31590032E406420706362007463705F7063625F72651F
S31590032E506D6F76653A20696E76616C6964207063EE
S31590032E60626C69737400756E73656E7420736567AF
S31590032E706D656E7473206C65616B696E6700756EB4
S31590032E8061636B6564207365676D656E7473206C9F
S31590032E9065616B696E67006F6F73657120736567A4
S31590032EA06D656E7473206C65616B696E6700746390
S31590032EB0705F6162616E646F6E3A20696E76616C63
S31590032EC069642070636200646F6E27742063616C1B
S31590032ED06C207463705F61626F72742F7463705F3A
S31590032EE06162616E646F6E20666F72206C69737433
S31590032EF0656E2D70636273007463705F616363655F
S31590032F0070745F6E756C6C3A20696E76616C6964E9
S31590032F1020706362007463705F6E657469665F693F
S31590032F20705F616464725F6368616E6765645F70A6
S31590032F3063626C6973743A20696E76616C69642016
S31590032F406F6C645F61646472007463705F636C6FCB
S31590032F5073655F73687574646F776E3A20696E767E
S31590032F60616C696420706362007063622D3E666C67
S31590032F7061677320262054465F5258434C4F5345FE
S31590032F8044007463705F667265655F6C697374659C
S31590032F906E3A20214C495354454E007463705F63D7
S31590032FA06C6F73653A20696E76616C6964207063A1
S31590032FB062007463705F726563765F6E756C6C3A6C
S31590032FC020696E76616C69642070636200746370C5
S31590032FD05F70726F636573735F72656675736564AD
S31590032FE05F646174613A20696E76616C696420707E
S31590032FF06362007463705F73687574646F776E3A17
S3159003300020696E76616C6964207063620074637084
S315900330105F736C6F77746D723A20616374697665CA
S31590033020207063622D3E737461746520213D204345
S315900330304C4F5345440A007463705F736C6F777497
S315900330406D723A20616374697665207063622D3E72
S31590033050737461746520213D204C495354454E0A3F
S31590033060007463705F736C6F77746D723A206163EB
S3159003307074697665207063622D3E737461746520FE
S31590033080213D2054494D452D574149540A007463B7
S31590033090705F736C6F7774696D723A207065727333
S315900330A0697374207469636B696E67207769746852
S315900330B020696E2D666C696768742064617461001B
S315900330C07463705F736C6F7774696D723A20706511
S315900330D07273697374207469636B696E6720776919
S315900330E0746820656D7074792073656E642062755B
S315900330F066666572007463705F736C6F77746D72D6
S315900331003A206D6964646C652074637020213D2058
S315900331107463705F6163746976655F7063627300ED
S315900331207463705F736C6F77746D723A20666972AD
S31590033130737420706362203D3D207463705F616396
S31590033140746976655F70636273007463705F736CA2
S315900331506F77746D723A2054494D452D57414954B2
S31590033160207063622D3E7374617465203D3D2054D7
S31590033170494D452D57414954007463705F736C6F85
S3159003318077746D723A206D6964646C6520746370AC
S3159003319020213D207463705F74775F706362730060
S315900331A07463705F736C6F77746D723A206669722D
S315900331B0737420706362203D3D207463705F7477EF
S315900331C05F70636273002E2E2F4D6964646C65770E
S315900331D0617265732F54686972645F506172747912
S315900331E02F4C7749502F7372632F636F72652F74C9
S315900331F063705F696E2E63007463705F6F6F735F46
S31590033200696E736572745F7365676D656E743A20E4
S31590033210696E76616C696420637365670074637025
S315900332205F70617273656F70743A20696E76616CC4
S31590033230696420706362007063622D3E736E645F8F
S3159003324071756575656C656E203E3D207062756619
S315900332505F636C656E286E6578742D3E7029007475
S3159003326063705F726563656976653A2076616C69AA
S3159003327064207175657565206C656E6774680074F6
S3159003328063705F726563656976653A2077726F6E70
S315900332906720737461746500696E7365672E702019
S315900332A0213D204E554C4C00696E73616E65206FBF
S315900332B0666673657421007062756620746F6F20FD
S315900332C073686F727421007463705F726563656966
S315900332D076653A207365676D656E74206E6F74209C
S315900332E07472696D6D656420636F72726563746CD5
S315900332F07920746F207263765F776E640A007463C5
S31590033300705F726563656976653A207365676D6507
S315900333106E74206E6F74207472696D6D656420632C
S315900333206F72726563746C7920746F206F6F7365B7
S31590033330712071756575650A007463705F72656354
S31590033340656976653A207463706C656E203E20726B
S3159003335063765F776E640A007463705F7265636504
S315900333606976653A206F6F736571207463706C65C7
S315900333706E203E207263765F776E640A0074637084
S315900333805F696E7075743A20696E76616C696420B4
S315900333907062756600702D3E6E65787420213D20AF
S315900333A04E554C4C00702D3E6C656E203D3D203045
S315900333B000702D3E746F745F6C656E203D3D20707A
S315900333C02D3E6E6578742D3E746F745F6C656E00DA
S315900333D07463705F696E7075743A2061637469760D
S315900333E065207063622D3E737461746520213D2060
S315900333F0434C4F534544007463705F696E707574A4
S315900334003A20616374697665207063622D3E7374A6
S3159003341061746520213D2054494D452D57414954AA
S31590033420007463705F696E7075743A206163746932
S315900334307665207063622D3E737461746520213DB9
S31590033440204C495354454E007463705F696E707592
S31590033450743A207063622D3E6E65787420213D2008
S3159003346070636220286265666F7265206361636824
S315900334706529007463705F696E7075743A20706322
S31590033480622D3E6E65787420213D207063622028FC
S3159003349061667465722063616368652900746370FD
S315900334A05F696E7075743A2054494D452D5741495D
S315900334B054207063622D3E7374617465203D3D2084
S315900334C054494D452D57414954007463705F696E55
S315900334D07075743A207063622D3E737461746520BF
S315900334E0213D20434C4F534544007063622D3E73F8
S315900334F06E645F71756575656C656E203E203000F0
S315900335006E6F207365676D656E7420746F20667237
S315900335106565007063622D3E6C697374656E657242
S315900335202D3E61636365707420213D204E554C4C4E
S31590033530007063622D3E726566757365645F646140
S315900335407461203D3D204E554C4C002E2E2F4D69D7
S3159003355064646C6577617265732F54686972645F8E
S3159003356050617274792F4C7749502F7372632F631E
S315900335706F72652F7463705F6F75742E63007463D7
S31590033580705F6F75747075745F7365676D656E74D0
S315900335905F627573793A20696E76616C696420739C
S315900335A06567007463705F706275665F707265615C
S315900335B06C6C6F633A20696E76616C696420706394
S315900335C062006E65656420756E636861696E656495
S315900335D02070627566007463705F6372656174656B
S315900335E05F7365676D656E743A20696E76616C6913
S315900335F06420706362007463705F6372656174655F
S315900336005F7365676D656E743A20696E76616C69F2
S3159003361064207062756600702D3E746F745F6C657E
S315900336206E203E3D206F70746C656E0063686563B3
S315900336306B20746861742066697273742070627506
S31590033640662063616E20686F6C6420737472756311
S3159003365074207463705F686472007463705F6F75CF
S31590033660747075745F616C6C6F635F686561646534
S31590033670723A20696E76616C696420706362007435
S3159003368063705F6F75747075745F66696C6C5F6FEA
S315900336907074696F6E733A20696E76616C69642093
S315900336A070627566007463705F6F75747075745F1E
S315900336B0636F6E74726F6C5F7365676D656E743AE4
S315900336C020696E76616C69642070627566007463B6
S315900336D0705F77726974653A20696E76616C696416
S315900336E020706362007463705F77726974653A20C1
S315900336F0617267203D3D204E554C4C202870726F69
S315900337006772616D6D65722076696F6C61746573AE
S315900337102041504929007463705F77726974653AE2
S31590033720207062756673206F6E207175657565205E
S315900337303D3E206174206C65617374206F6E6520C5
S315900337407175657565206E6F6E2D656D70747900F4
S315900337507463705F77726974653A206E6F207062D6
S31590033760756673206F6E207175657565203D3E2075
S31590033770626F74682071756575657320656D707475
S3159003378079006D73735F6C6F63616C2069732074DA
S315900337906F6F20736D616C6C00696E636F6E736986
S315900337A07374656E74206F76657273697A65207625
S315900337B0732E20737061636500696E636F6E7369B0
S315900337C07374656E74206F76657273697A65207605
S315900337D0732E206C656E007463705F77726974657F
S315900337E03A20524F4D2070627566732063616E6EF8
S315900337F06F74206265206F76657273697A6564006B
S31590033800756E73656E745F6F76657273697A65208C
S315900338106D69736D6174636820287063622D3E755C
S315900338206E73656E74206973204E554C4C290074E3
S3159003383063705F77726974653A20636865636B201A
S3159003384074686174206669727374207062756620F9
S3159003385063616E20686F6C642074686520636F6D16
S31590033860706C657465207365676C656E006F7665BD
S315900338707273697A65203D3D203000707265765F7C
S3159003388073656720213D204E554C4C007463705FE1
S3159003389077726974653A2063616E6E6F7420636F95
S315900338A06E636174656E617465207768656E20706A
S315900338B063622D3E756E73656E7420697320656DB4
S315900338C0707479007463705F77726974653A206572
S315900338D07874656E73696F6E206F66207265666520
S315900338E072656E6365207265717569726573207210
S315900338F065666572656E6365007463705F777269FA
S3159003390074653A2076616C69642071756575652076
S315900339106C656E677468007463705F73706C6974BA
S315900339205F756E73656E745F7365673A20696E76BD
S31590033930616C6964207063620043616E27742073BF
S31590033940706C6974207365676D656E7420696E74A7
S315900339506F206C656E67746820300073706C697441
S31590033960203C3D206D737300757365672D3E6C65C2
S315900339706E203E2030007463705F656E7175657559
S31590033980655F666C6167733A206E656564206569E9
S3159003399074686572205443505F53594E206F72205A
S315900339A05443505F46494E20696E20666C61677337
S315900339B0202870726F6772616D6D65722076696F7C
S315900339C06C617465732041504929007463705F6517
S315900339D06E71756575655F666C6167733A20696E1E
S315900339E076616C696420706362007463705F656E60
S315900339F071756575655F666C6167733A2063686513
S31590033A00636B207468617420666972737420706244
S31590033A1075662063616E20686F6C64206F70746C3A
S31590033A20656E007365672D3E746370686472206E6D
S31590033A306F7420616C69676E6564007463705F650B
S31590033A406E71756575655F666C6167733A20696EAD
S31590033A5076616C6964207365676D656E74206C65B9
S31590033A606E677468007463705F656E71756575656E
S31590033A705F666C6167733A20696E76616C696420E0
S31590033A807175657565206C656E677468007463708F
S31590033A905F73656E645F66696E3A20696E76616C74
S31590033AA0696420706362007463705F7265786D6990
S31590033AB0745F72746F5F707265706172653A206934
S31590033AC06E76616C696420706362007463705F7272
S31590033AD065786D69743A20696E76616C6964207055
S31590033AE06362007463705F7265786D69745F666113
S31590033AF073743A20696E76616C69642070636200B0
S31590033B007463705F7273743A20696E76616C6964DC
S31590033B10206C6F63616C5F6970007463705F72731E
S31590033B20743A20696E76616C69642072656D6F7400
S31590033B30655F6970007463705F73656E645F656DCE
S31590033B407074795F61636B3A20696E76616C6964B0
S31590033B5020706362007463705F6F75747075743AE6
S31590033B6020696E76616C69642070636200646F6E1F
S31590033B7027742063616C6C207463705F6F757470C7
S31590033B80757420666F72206C697374656E2D70639D
S31590033B90627300525354206E6F7420657870656318
S31590033BA0746564206865726521006F7074696F6EC1
S31590033BB073206E6F742066696C6C656400746370B1
S31590033BC05F7265786D69745F72746F5F636F6D6DA5
S31590033BD069743A20696E76616C69642070636200D9
S31590033BE07463705F7265786D69745F72746F3A20EF
S31590033BF0696E76616C696420706362007463705F4A
S31590033C006B656570616C6976653A20696E76616CF1
S31590033C10696420706362007463705F7A65726F5F24
S31590033C2077696E646F775F70726F62653A20696EBB
S31590033C3076616C696420706362002E2E2F4D6964E1
S31590033C40646C6577617265732F54686972645F50AB
S31590033C50617274792F4C7749502F7372632F636F08
S31590033C6072652F74696D656F7574732E63007379BE
S31590033C70735F74696D656F75743A2074696D656F5A
S31590033C80757420213D204E554C4C2C20706F6F6CD3
S31590033C90204D454D505F5359535F54494D454F55AC
S31590033CA05420697320656D7074790054696D656FDE
S31590033CB075742074696D6520746F6F206C6F6E6771
S31590033CC02C206D6178206973204C5749505F554974
S31590033CD04E5433325F4D41582F34206D7365637361
S31590033CE0002E2E2F4D6964646C6577617265732F10
S31590033CF054686972645F50617274792F4C77495036
S31590033D002F7372632F636F72652F7564702E6300C2
S31590033D107564705F696E7075743A20696E76616CBE
S31590033D2069642070627566007564705F696E7075FC
S31590033D30743A20696E76616C6964206E65746966FF
S31590033D40007564705F696E7075745F6C6F63616C98
S31590033D505F6D617463683A20696E76616C696420FD
S31590033D606E6574696600706275665F72656D6F766F
S31590033D70655F686561646572206661696C65640AEE
S31590033D80007564705F62696E643A20696E76616CE1
S31590033D90696420706362007564705F73656E6474A2
S31590033DA06F5F69665F7372633A20696E76616C6959
S31590033DB06420706362007564705F73656E64746F7C
S31590033DC05F69665F7372633A20696E76616C696444
S31590033DD02070627566007564705F73656E64746F48
S31590033DE05F69665F7372633A20696E76616C696424
S31590033DF0206473745F6970007564705F73656E6435
S31590033E00746F5F69665F7372633A20696E76616CED
S31590033E106964207372635F6970007564705F73651C
S31590033E206E64746F5F69665F7372633A20696E76C8
S31590033E30616C6964206E6574696600636865636B1B
S31590033E4020746861742066697273742070627566F3
S31590033E502063616E20686F6C6420737472756374EB
S31590033E60207564705F686472007564705F73656EC5
S31590033E7064746F5F69663A20696E76616C696420D3
S31590033E80706362007564705F73656E64746F5F6967
S31590033E90663A20696E76616C696420706275660015
S31590033EA07564705F73656E64746F5F69663A206953
S31590033EB06E76616C6964206473745F69700075646F
S31590033EC0705F73656E64746F5F69663A20696E7628
S31590033ED0616C6964206E65746966007564705F735E
S31590033EE0656E64746F3A20696E76616C696420704E
S31590033EF06362007564705F73656E64746F3A20696C
S31590033F006E76616C69642070627566007564705F25
S31590033F1073656E64746F3A20696E76616C6964201A
S31590033F206473745F6970007564705F73656E643AE9
S31590033F3020696E76616C6964207063620075647043
S31590033F405F73656E643A20696E76616C69642070FE
S31590033F50627566007564705F636F6E6E6563743ABF
S31590033F6020696E76616C6964207063620075647013
S31590033F705F636F6E6E6563743A20696E76616C6982
S31590033F806420697061646472007564705F726563BE
S31590033F90763A20696E76616C696420706362007507
S31590033FA064705F72656D6F76653A20696E76616C43
S31590033FB0696420706362002E2E2F4D6964646C656C
S31590033FC077617265732F54686972645F5061727416
S31590033FD0792F4C7749502F7372632F636F72652FC6
S31590033FE0697076342F646863702E630064686370B7
S31590033FF05F6F7074696F6E5F73686F72743A206FD8
S315900340007074696F6E735F6F75745F6C656E202BDA
S315900340102032203C3D20444843505F4F5054494FF3
S315900340204E535F4C454E00646863705F6F7074695E
S315900340306F6E3A206F7074696F6E735F6F75745F8E
S315900340406C656E202B2032202B206F7074696F6EF7
S315900340505F6C656E203C3D20444843505F4F5054FF
S31590034060494F4E535F4C454E00646863705F6F7063
S3159003407074696F6E5F627974653A206F7074696F55
S315900340806E735F6F75745F6C656E203C2044484316
S31590034090505F4F5054494F4E535F4C454E006468A2
S315900340A063705F6F7074696F6E5F6C6F6E673A2043
S315900340B06F7074696F6E735F6F75745F6C656E20E6
S315900340C02B2034203C3D20444843505F4F50544965
S315900340D04F4E535F4C454E00646863705F637265E1
S315900340E06174655F6D73673A206E657469662021A6
S315900340F03D204E554C4C00646863705F63726561F6
S3159003410074655F6D73673A206468637020213D2000
S315900341104E554C4C00646863705F63726561746559
S315900341205F6D73673A20636865636B207468617427
S3159003413020666972737420706275662063616E205F
S31590034140686F6C64207374727563742064686370AB
S315900341505F6D736700646863705F62696E643A202B
S315900341606E6574696620213D204E554C4C006468FB
S3159003417063705F62696E643A206468637020213D60
S31590034180204E554C4C00646863705F696E635F7034
S3159003419063625F726566636F756E7428293A206DE4
S315900341A0656D6F7279206C65616B00646863705F8F
S315900341B07063625F726566636F756E7428293A20C1
S315900341C0726566636F756E74206572726F72006442
S315900341D06863705F73656C6563743A206E65746922
S315900341E06620213D204E554C4C00646863705F7386
S315900341F0656C6563743A206468637020213D204E34
S31590034200554C4C006C656E203D3D2034006C656EBC
S31590034210203E3D206465636F64655F6C656E006CDC
S31590034220656E203D3D2031006F7665726C6F6164DB
S3159003423020696E2066696C652F736E616D65006388
S315900342406865636B206465636F64655F6964780012
S315900342506465636F64655F6C656E202525203420E5
S315900342603D3D2030006E65787420706275662077C8
S315900342706173206E756C6C006E6574696620616CF3
S3159003428072656164792068617320612073747275B5
S31590034290637420646863702073657400696E7661D5
S315900342A06C696420646863702D3E737461746500F1
S315900342B06E65746966206973206E6F742075702CB1
S315900342C0206F6C64207374796C6520706F72743F81
S315900342D0002E2E2F4D6964646C6577617265732F1A
S315900342E054686972645F50617274792F4C77495040
S315900342F02F7372632F636F72652F697076342F6590
S3159003430074686172702E63006172705F7461626C1F
S31590034310655B695D2E71203D3D204E554C4C006189
S3159003432072705F7461626C655B695D2E73746174A0
S3159003433065203D3D204554484152505F5354415466
S31590034340455F454D50545900636865636B207468A7
S3159003435061742066697273742070627566206361F6
S315900343606E20686F6C6420737472756374206574C1
S31590034370686172705F686472006E657469662D3EDB
S315900343806877616464725F6C656E206D7573742073
S315900343906265207468652073616D6520617320453D
S315900343A054485F4857414444525F4C454E20666F8C
S315900343B072206574686172702100697061646472B9
S315900343C020213D204E554C4C006574685F72657490
S315900343D020213D204E554C4C006E657469662D3EEA
S315900343E06877616464725F6C656E203D3D204554C9
S315900343F0485F4857414444525F4C454E0061727042
S315900344005F7461626C655B6172705F6964785D2EDF
S315900344107374617465203E3D204554484152505F04
S3159003442053544154455F535441424C4500747970FB
S3159003443065206F766572666C6F77006E6F2070611C
S31590034440636B65742071756575657320616C6C6FAC
S3159003445077656421002E2E2F4D6964646C657761B0
S315900344607265732F54686972645F50617274792FA1
S315900344704C7749502F7372632F636F72652F6970F0
S3159003448076342F69636D702E6300636865636B2062
S31590034490746861742066697273742070627566209D
S315900344A063616E20686F6C642069636D70206D65BF
S315900344B073736167650069636D705F696E70757418
S315900344C03A206D6F76696E6720722D3E7061796CB6
S315900344D06F616420746F2069636D70206865616491
S315900344E06572206661696C65640A0069636D705FC5
S315900344F0696E7075743A20726573746F72696E67BC
S31590034500206F726967696E616C20702D3E70617958
S315900345106C6F6164206661696C65640A002E2E2F48
S315900345204D6964646C6577617265732F54686972BB
S31590034530645F50617274792F4C7749502F7372630D
S315900345402F636F72652F697076342F6970342E637B
S3159003455000702D3E726566203D3D2031006368658F
S31590034560636B2074686174206669727374207062D9
S3159003457075662063616E20686F6C642073747275C0
S3159003458063742069705F686472002E2E2F4D696480
S31590034590646C6577617265732F54686972645F5052
S315900345A0617274792F4C7749502F7372632F636FAF
S315900345B072652F697076342F6970345F61646472A3
S315900345C02E63002E2E2F4D6964646C657761726538
S315900345D0732F54686972645F50617274792F4C7744
S315900345E049502F7372632F636F72652F6970763498
S315900345F02F6970345F667261672E630073616E69AB
S31590034600747920636865636B206C696E6B6564204F
S315900346106C697374007072657620213D206970729F
S3159003462000707265762D3E6E657874203D3D2069E7
S3159003463070720070627566735F6672656564202B2F
S3159003464020636C656E203C3D203078666666660016
S3159003465069705F72656173735F70627566636F7518
S315900346606E74203E3D2070627566735F66726565F3
S31590034670640070637220213D204E554C4C00636854
S3159003468065636B20667261676D656E747320646F84
S315900346906E2774206F7665726C6170006E6F2070F2
S315900346A0726576696F757320667261676D656E74F0
S315900346B02C2074686973206D7573742062652074F9
S315900346C0686520666972737420667261676D656E3C
S315900346D074210073616E69747920636865636B00F6
S315900346E076616C69646174655F64617461677261B4
S315900346F06D3A6E6578745F70627566213D4E554C62
S315900347004C0069705F72656173735F7062756663FF
S315900347106F756E74203E3D20636C656E006E6F748C
S31590034720206669727374616C74686F756768206AC2
S3159003473075737420656E71756575656400697034FB
S315900347405F6672616728293A207062756620746F76
S315900347506F2073686F72740074686973206E6565F1
S3159003476064732061207062756620696E206F6E6532
S315900347702070696563652100702D3E6C656E203EE1
S315900347803D20706F6666002E2E2F4D6964646C65AE
S3159003479077617265732F54686972645F506172743E
S315900347A0792F4C7749502F7372632F6E65746966B0
S315900347B02F65746865726E65742E63006E65746991
S315900347C0662D3E6877616464725F6C656E206D7565
S315900347D07374206265203620666F722065746865EF
S315900347E0726E65745F6F757470757421005245456A
S315900347F04E54206D616C6C6F63207375636365654E
S31590034800646564002F6275696C642F676E752D7489
S315900348106F6F6C732D666F722D73746D33325F3158
S31590034820332E332E72656C312E3230323430393228
S31590034830362D313731352F7372632F6E65776C69E9
S31590034840622F6E65776C69622F6C6962632F7374DE
S31590034850646C69622F72616E642E6300545A0047CA
S315900348604D54002531315B2D2B302D39412D5A6115
S315900348702D7A5D256E002531315B412D5A612D7A56
S315900348805D256E004D256875256E2E256875256EFA
S315900348902E256875256E002F256875256E3A256831
S315900348A075256E3A256875256E002C2066756E63A0
S315900348B074696F6E3A2000617373657274696F6E73
S315900348C02022257322206661696C65643A206669A5
S315900348D06C6520222573222C206C696E65202564D5
S315900348E0257325730A00232D302B2000686C4C000A
S315900348F06566674546470030313233343536373847
S3159003490039414243444546003031323334353637A4
S31590034910383961626364656600412D46612D663858
S315900349203930313233343536375D002B2D00303004
S315900349300078580058B10290A4B10290DAB102906F
S3159003494005B2029043B20290C0B202903AB302907B
S31590034950EAB302908FB40290ECB4029030B5029011
S3159003496093B502900BB60290333933363437364EBD
S315900349700031303435313838315700313735372EA9
S315900349803400000001C702905B45039033190390EE
S31590034990CD18039001C7029007C702900CC70290E7
S315900349A010C7029012D7029017D7029058D7029049
S315900349B095D70290DBD702901DD802905DD80290CE
S315900349C098D80290D3D802900ED9029052D90290D9
S315900349D094D90290AADC0290E0DC02901DDD02904D
S315900349E04BDD02907EDD02908DDF0290D5DF029043
S315900349F01DE00290C0E1029077E202909AE2029063
S31590034A00BDE202905BE3029021E402908FE502906F
S31590034A10CCE502907AE602901EE7029071E8029046
S31590034A202D5C7C2F010000000A000000640000004A
S31590034A30E803000010270000A086010040420F0003
S31590034A400000000050C30000A86100006842000007
S31590034A50C83200001027000028230000401F0000E2
S31590034A60581B00007017000088130000881300007D
S31590034A7088130000A00F0000A00F0000A00F0000F5
S31590034A80A00F0000D0070000D0070000D007000059
S31590034A90D0070000D0070000D0070000D007000021
S31590034AA0D007000010000000040000000000000082
S31590034AB0000000004000000002000000000000001B
S31590034AC000000000830D03900D7F0290FFFF00000E
S31590034AD0000000000001000000000000000000003C
S31590034AE0750D039071680008000000000000000037
S31590034AF0000200000000000000000000670D039014
S31590034B007570029000000000000000000002000093
S31590034B100000000000000000580D03908D74029071
S31590034B2000000000000000000002000000000000EA
S31590034B30000000004A0D0390512B0008000000006E
S31590034B4000000000000200000000000000000000CA
S31590034B503D0D0390012300080000000000000000B3
S31590034B600002000000000000000000002E0D0390DC
S31590034B70E9680290000000000000000000020000B7
S31590034B800000000000000000210D0390416A000818
S31590034B90000000000000000000020000000000007A
S31590034BA000000000110D039075870290000000002D
S31590034BB0000000000002000000000000000000005A
S31590034BC0000000000102030401020304060708091A
S31590034BD09013039094130390D61403901115039096
S31590034BE07A160390B3160390F01603903B1703902F
S31590034BF071170390BF170390F21703903118039020
S31590034C0062180390000610160006101601000200A3
S31590034C100400060008000A000C0010002000400063
S31590034C208000000108040204080101010101010347
S31590034C30070100002006180000010030D87C0024EC
S31590034C40301A039015010190030000000000000044
S31590034C50BC0200000000000000000000281A039028
S31590034C60B9000190FFFF0000000000000003000060
S31590034C70000000000000000049444C45000000007D
S31590034C800925630925750925750925750D0A0000FA
S31590034C900925750909257525250D0A00092575091F
S31590034CA0093C3125250D0A00B44C0390B54C03906D
S31590034CB0B64C0390000000008C4D0390804D0390FA
S31590034CC0744D0390684D03905C4D0390504D039043
S31590034CD0444D0390384D03902C4D0390204D0390F3
S31590034CE0144D0390084D0390FC4C0390F04C0390A5
S31590034CF060022000402301243C230124100020005D
S31590034D00486F0124446F012410000600507101245A
S31590034D104C71012410000800B8710124B471012468
S31590034D2010000800407201243C72012428000800F8
S31590034D30C8720124C4720124100004001074012463
S31590034D400C74012418000F00587401245474012420
S31590034D5020000500C8750124C475012410001000B5
S31590034D60707601246C7601241C0008007877012460
S31590034D70747701249C000400607801245C780124F4
S31590034D8020000400D87A0124D47A01241C0004005C
S31590034D90607B01245C7B0124F07B0124F47B01245A
S31590034DA0EC7B0124E87B012403060C183060780120
S31590034DB0020304050607070707070707FA0000001B
S31590034DC05D7F0190E803000091D10190E803000014
S31590034DD005C5019060EA000011BF0190F40100003F
S31590034DE085C00190E8030000F954019001031C0665
S31590034DF0FFFFFFFF00000000000000000000FFFF20
S31590034E00FFFFFFFF00000000000000000004000009
S31590034E10940C04909C4E0390E003000080000000E5
S31590034E20941804905C5603907000000010000000E4
S31590034E30141A04903C5703900C00000000080000DD
S31590034E40441A049054570390C007000000010000D1
S31590034E5044320490D4660390F000000020000000D2
S31590034E6044350490B46803901800000000100000C5
S31590034E70A4350490E4680390C00F0000000200007C
S31590034E80A465049064880390E0010000400000004C
S31590034E90A46B0490248C0390380000000800001043
S31590034EA010000008180000182000000428000014C1
S31590034EB03000000C3800001C40000002480000122D
S31590034EC05000000A5800001A600000066800001699
S31590034ED07000000E7800001E80000001880000110B
S31590034EE09000000998000019A0000005A80000157D
S31590034EF0B000000DB800001DC0000003C8000013E9
S31590034F00D000000BD800001BE0000007E800001754
S31590034F10F000000FF800001F0801801010018008B0
S31590034F201801801820018004280180143001800C18
S31590034F303801801C40018002480180125001800A8A
S31590034F405801801A60018006680180167001800EF0
S31590034F507801801E8801801190018009980180193B
S31590034F60A0018005A8018015B001800DB801801DB0
S31590034F70C0018003C8018013D001800BD801801B28
S31590034F80E0018007E8018017F001800FF801801F88
S31590034F9008024010100240081802401820024004EC
S31590034FA0280240143002400C3802401C480240123A
S31590034FB05002400A5802401A6002400668024016A0
S31590034FC07002400E7802401E8802401190024009FA
S31590034FD098024019A0024005A8024015B002400D60
S31590034FE0B802401DC0024003C8024013D002400BD2
S31590034FF0D802401BE0024007E8024017F002400F38
S31590035000F802401F0803C0101003C0081803C01805
S315900350102003C0042803C0143003C00C3803C01CFB
S315900350204803C0125003C00A5803C01A6003C0064F
S315900350306803C0167003C00E7803C01E8803C011A0
S315900350409003C0099803C019A003C005A803C0150F
S31590035050B003C00DB803C01DC803C013D003C00B63
S31590035060D803C01BE003C007E803C017F003C00FC3
S31590035070F803C01F080420101004200818042018F1
S31590035080280420143004200C3804201C48042012D1
S315900350905004200A5804201A600420066804201637
S315900350A07004200E7804201E880420119004200991
S315900350B098042019A0042005A8042015B004200DF7
S315900350C0B804201DC8042013D004200BD804201B39
S315900350D0E0042007E8042017F004200FF804201FAB
S315900350E00805A0101005A0081805A0182805A014F7
S315900350F03005A00C3805A01C4805A0125005A00A3F
S315900351005805A01A6005A0066805A0167005A00E9E
S315900351107805A01E8805A0119005A0099805A019E9
S31590035120A805A015B005A00DB805A01DC805A01328
S31590035130D005A00BD805A01BE005A007E805A0178E
S31590035140F005A00FF805A01F08066010100660086A
S3159003515018066018280660143006600C3806601C22
S31590035160480660125006600A5806601A680660166A
S315900351707006600E7806601E8806601190066009B8
S3159003518098066019A8066015B006600DB806601DEE
S31590035190C8066013D006600BD806601BE00660074E
S315900351A0E8066017F006600FF806601F0807E01020
S315900351B01007E0081807E0182807E0143007E00CFA
S315900351C03807E01C4807E0125007E00A5807E01A30
S315900351D06807E0167007E00E7807E01E8807E0116F
S315900351E09007E0099807E019A807E015B007E00DC6
S315900351F0B807E01DC807E013D007E00BD807E01BFC
S31590035200E807E017F007E00FF807E01F080810100B
S3159003521018081018280810143008100C3808101C99
S31590035220480810125008100A5808101A68081016E1
S315900352307008100E7808101E88081011900810092F
S3159003524098081019A8081015B008100DB808101D65
S31590035250C8081013D008100BD808101BE8081017AD
S31590035260F008100FF808101F0809901018099018E5
S31590035270280990143009900C3809901C480990120B
S315900352805009900A5809901A680990167009900E59
S315900352907809901E8809901198099019A809901574
S315900352A0B009900DB809901DC8099013D009900BB9
S315900352B0D809901BE8099017F009900FF809901FE9
S315900352C0080A5010180A5018280A5014300A500C1D
S315900352D0380A501C480A5012580A501A680A50162F
S315900352E0700A500E780A501E880A5011980A50195F
S315900352F0A80A5015B00A500DB80A501DC80A501383
S31590035300D00A500BD80A501BE80A5017F00A500FD0
S31590035310F80A501F080BD010180BD018280BD0146E
S31590035320300BD00C380BD01C480BD012580BD01A1C
S31590035330680BD016700BD00E780BD01E880BD0113D
S31590035340980BD019A80BD015B00BD00DB80BD01D58
S31590035350C80BD013D80BD01BE80BD017F00BD00F7C
S31590035360F80BD01F080C3010180C3018280C30147A
S31590035370380C301C480C3012580C301A680C301606
S31590035380700C300E780C301E880C3011980C301936
S31590035390A80C3015B00C300DB80C301DC80C30135A
S315900353A0D80C301BE80C3017F00C300FF80C301F6C
S315900353B0080DB010180DB018280DB014380DB01C88
S315900353C0480DB012580DB01A680DB016700DB00E88
S315900353D0780DB01E880DB011980DB019A80DB015A3
S315900353E0B80DB01DC80DB013D80DB01BE80DB0178E
S315900353F0F00DB00FF80DB01F080E7010180E701840
S31590035400280E7014380E701C480E7012580E701AAF
S31590035410680E7016780E701E880E7011980E70199D
S31590035420A80E7015B80E701DC80E7013D80E701B8B
S31590035430E80E7017F00E700FF80E701F080FF0102D
S31590035440180FF018280FF014380FF01C480FF012AD
S31590035450580FF01A680FF016780FF01E880FF01198
S31590035460980FF019A80FF015B80FF01DC80FF01389
S31590035470D80FF01BE80FF017F80FF01F1810081845
S31590035480281008143810081C481008125810081AC7
S31590035490681008167810081E8810081198100819B5
S315900354A0A8100815B810081DC8100813D810081BA3
S315900354B0E8100817F810081F18118818281188146F
S315900354C03811881C481188125811881A6811881641
S315900354D07811881E98118819A8118815B811881DF6
S315900354E0C8118813D811881BE8118817F811881FDB
S315900354F018124818281248143812481C5812481A79
S31590035500681248167812481E98124819A812481518
S31590035510B812481DC8124813D812481BE8124817E8
S31590035520F812481F1813C8182813C8143813C81C20
S315900355305813C81A6813C8167813C81E9813C8192F
S31590035540A813C815B813C81DD813C81BE813C817D2
S31590035550F813C81F181428183814281C5814281A16
S31590035560681428167814281E98142819A814281530
S31590035570B814281DD814281BE8142817F814281FC4
S315900355801815A8183815A81C5815A81A6815A8161A
S315900355907815A81E9815A819B815A81DD815A81B6F
S315900355A0E815A817F815A81F181668183816681C52
S315900355B05816681A7816681E98166819B816681DCC
S315900355C0D816681BE8166817F816681F1817E81890
S315900355D03817E81C5817E81A7817E81E9817E81929
S315900355E0B817E81DD817E81BF817E81F3818181CC2
S315900355F05818181A7818181E98181819B818181DC4
S31590035600D818181BF818181F3819981C5819981A6F
S315900356107819981EB819981DD819981BF819981FB8
S31590035620381A581C781A581EB81A581DD81A581B67
S31590035630F81A581F381BD81C781BD81EB81BD81DB0
S31590035640F81BD81F781C381EB81C381DF81C381F39
S31590035650781DB81EF81DB81FF81E781F08000002A3
S31590035660100000011800000320008000280080022B
S31590035670300080013800800348004002500040010A
S31590035680580040036000C0006800C0027000C0016B
S315900356907800C00388002002900020019800200320
S315900356A0A800A002B000A001B800A003C800600241
S315900356B0D0006001D8006003E800E002F000E0014A
S315900356C0F800E00308011002180110032801900264
S315900356D0300190013801900348015002580150035C
S315900356E06801D0027001D0017801D003880130029D
S315900356F098013003A801B002B801B003C801700243
S31590035700D8017003E801F002F801F00318020803C8
S315900357102802880238028803580248036802C8029E
S315900357207802C80398022803B802A803D80268032C
S31590035730F802E803380398037803D8030800400077
S3159003574010002000180060002800500038007000F8
S315900357505800680008000020100000101800003060
S315900357602000000828000028300000183800003870
S3159003577040000004480000245000001458000034F0
S315900357806000000C6800002C7000001C7800003C40
S3159003579080000002880000229000001298000032D8
S315900357A0A000000AA800002AB000001AB800003A28
S315900357B0C0000006C8000026D0000016D8000036A8
S315900357C0E000000EE800002EF000001EF800003EF8
S315900357D00801002110010011180100312001000970
S315900357E028010029300100193801003940010005CC
S315900357F04801002550010015580100356001000D40
S315900358006801002D7001001D7801003D80010003A1
S31590035810880100239001001398010033A001000B27
S31590035820A801002BB001001BB801003BC001000783
S31590035830C8010027D0010017D8010037E001000FF7
S31590035840E801002FF001001FF801003F08028020B5
S3159003585010028010180280302002800828028028C7
S31590035860300280183802803840028004480280242F
S3159003587050028014580280346002800C6802802C97
S315900358807002801C7802803C8802802290028012EB
S3159003589098028032A002800AA802802AB002801A57
S315900358A0B802803AC0028006C8028026D0028016CB
S315900358B0D8028036E002800EE802802EF002801E27
S315900358C0F802803E0803802110038011180380316B
S315900358D020038009280380293003801938038039EF
S315900358E0400380054803802550038015580380356F
S315900358F06003800D6803802D7003801D7803803DBF
S31590035900880380239003801398038033A003800B2E
S31590035910A803802BB003801BB803803BC00380078A
S31590035920C8038027D0038017D8038037E003800FFE
S31590035930E803802FF003801FF803803F080440207C
S3159003594010044010180440302004400828044028CE
S315900359503004401838044038480440245004401416
S31590035960580440346004400C6804402C7004401C76
S315900359707804403C880440229004401298044032B4
S31590035980A004400AA804402AB004401AB804403A36
S31590035990C0044006C8044026D0044016D8044036B6
S315900359A0E004400EE804402EF004401EF804403E06
S315900359B0080540211005401118054031200540097E
S315900359C028054029300540193805403948054025B2
S315900359D050054015580540356005400D6805402D26
S315900359E07005401D7805403D88054023900540137A
S315900359F098054033A005400BA805402BB005401BE6
S31590035A00B805403BC0054007C8054027D005401759
S31590035A10D8054037E005400FE805402FF005401FB5
S31590035A20F805403F0806C0201006C0101806C0307F
S31590035A302006C0082806C0283006C0183806C03885
S31590035A404806C0245006C0145806C0346006C00CDD
S31590035A506806C02C7006C01C7806C03C8806C02217
S31590035A609006C0129806C032A006C00AA806C02A9D
S31590035A70B006C01AB806C03AC806C026D006C016E5
S31590035A80D806C036E006C00EE806C02EF006C01E45
S31590035A90F806C03E0807C0211007C0111807C03189
S31590035AA02007C0092807C0293007C0193807C0390D
S31590035AB04807C0255007C0155807C0356007C00D65
S31590035AC06807C02D7007C01D7807C03D8807C0239F
S31590035AD09007C0139807C033A007C00BA807C02B25
S31590035AE0B007C01BB807C03BC807C027D007C0176D
S31590035AF0D807C037E007C00FE807C02FF007C01FCD
S31590035B00F807C03F080820201008201018082030F6
S31590035B1028082028300820183808203848082024D8
S31590035B2050082014580820346008200C6808202C4C
S31590035B307008201C7808203C8808202290082012A0
S31590035B4098082032A008200AA808202AB008201A0C
S31590035B50B808203AC8082026D0082016D808203638
S31590035B60E008200EE808202EF008201EF808203EB4
S31590035B700809202110092011180920312809202904
S31590035B80300920193809203948092025500920154C
S31590035B90580920356009200D6809202D7009201DAC
S31590035BA07809203D880920239009201398092033EA
S31590035BB0A009200BA809202BB009201BB809203B6C
S31590035BC0C8092027D0092017D8092037E009200FC4
S31590035BD0E809202FF009201FF809203F080AA02082
S31590035BE0100AA010180AA030280AA028300AA01874
S31590035BF0380AA038480AA024500AA014580AA03498
S31590035C00600AA00C680AA02C700AA01C780AA03C13
S31590035C10880AA022900AA012980AA032A80AA02A5B
S31590035C20B00AA01AB80AA03AC80AA026D00AA016A3
S31590035C30D80AA036E00AA00EE80AA02EF00AA01E03
S31590035C40F80AA03E080BA021100BA011180BA03147
S31590035C50280BA029300BA019380BA039480BA02587
S31590035C60500BA015580BA035600BA00D680BA02DFB
S31590035C70700BA01D780BA03D880BA023900BA0134F
S31590035C80980BA033A80BA02BB00BA01BB80BA03B73
S31590035C90C80BA027D00BA017D80BA037E00BA00FEB
S31590035CA0E80BA02FF00BA01FF80BA03F080C602069
S31590035CB0100C6010180C6030280C6028300C60189B
S31590035CC0380C6038480C6024500C6014580C6034BF
S31590035CD0680C602C700C601C780C603C880C6022FD
S31590035CE0900C6012980C6032A80C602AB00C601A63
S31590035CF0B80C603AC80C6026D00C6016D80C603687
S31590035D00E00C600EE80C602EF00C601EF80C603E02
S31590035D10080D6021100D6011180D6031280D602952
S31590035D20300D6019380D6039480D6025500D60159A
S31590035D30580D6035680D602D700D601D780D603DB2
S31590035D40880D6023900D6013980D6033A80D602B1A
S31590035D50B00D601BB80D603BC80D6027D00D601762
S31590035D60D80D6037E00D600FE80D602FF00D601FC2
S31590035D70F80D603F080EE020100EE010180EE0308C
S31590035D80280EE028300EE018380EE038480EE0244E
S31590035D90500EE014580EE034680EE02C700EE01CA2
S31590035DA0780EE03C880EE022900EE012980EE032D8
S31590035DB0A80EE02AB00EE01AB80EE03AC80EE02616
S31590035DC0D00EE016D80EE036E80EE02EF00EE01E6A
S31590035DD0F80EE03E080FE021100FE011180FE031A6
S31590035DE0280FE029300FE019380FE039480FE025E6
S31590035DF0500FE015580FE035680FE02D700FE01D3A
S31590035E00780FE03D880FE023900FE013980FE0336F
S31590035E10A80FE02BB00FE01BB80FE03BC80FE027AD
S31590035E20D00FE017D80FE037E80FE02FF00FE01F01
S31590035E30F80FE03F08101020181010302810102883
S31590035E4030101018381010384810102450101014B1
S31590035E50581010346810102C7010101C7810103CC9
S31590035E60881010229010101298101032A810102A31
S31590035E70B010101AB810103AC8101026D010101679
S31590035E80D8101036E810102EF010101EF810103E91
S31590035E9008111021181110312811102930111019D9
S31590035EA03811103948111025501110155811103505
S31590035EB06811102D7011101D7811103D8811102343
S31590035EC09011101398111033A811102BB011101BA9
S31590035ED0B811103BC8111027D0111017D8111037CD
S31590035EE0E811102FF011101FF811103F081290208F
S31590035EF01812903028129028301290183812903831
S31590035F004812902450129014581290346812902C80
S31590035F107012901C7812903C8812902298129032AC
S31590035F20A812902AB012901AB812903AC8129026D4
S31590035F30D0129016D8129036E812902EF012901E28
S31590035F40F812903E08139021181390312813902934
S31590035F503013901938139039481390255013901590
S31590035F60581390356813902D7013901D7813903DA8
S31590035F708813902398139033A813902BB013901BE8
S31590035F80B813903BC8139027D0139017D813903714
S31590035F90E813902FF013901FF813903F0814502096
S31590035FA01814503028145028301450183814503878
S31590035FB048145024581450346814502C7014501CA0
S31590035FC07814503C8814502298145032A814502AAE
S31590035FD0B014501AB814503AC8145026D014501608
S31590035FE0D8145036E814502EF014501EF814503E20
S31590035FF00815502118155031281550293015501968
S315900360003815503948155025581550356815502D63
S315900360107015501D7815503D88155023981550339B
S31590036020A815502BB015501BB815503BC8155027C3
S31590036030D0155017D8155037E815502FF015501F17
S31590036040F815503F0816D0201816D0302816D028A9
S315900360503016D0183816D0384816D0245816D0345F
S315900360606816D02C7016D01C7816D03C8816D02281
S315900360709816D032A816D02AB016D01AB816D03A97
S31590036080C816D026D816D036E816D02EF016D01EBF
S31590036090F816D03E0817D0211817D0312817D029D3
S315900360A03017D0193817D0394817D0255817D03507
S315900360B06817D02D7017D01D7817D03D8817D02329
S315900360C09817D033A817D02BB017D01BB817D03B3F
S315900360D0C817D027D817D037E817D02FF017D01F67
S315900360E0F817D03F08183020181830302818302861
S315900360F03818303848183024581830346818302CEB
S315900361007018301C7818303C881830229818303222
S31590036110A818302AB018301AB818303AC81830264A
S31590036120D8183036E818302EF018301EF818303E4E
S31590036130081930211819303128193029381930396E
S3159003614048193025581930356819302D7019301D76
S315900361507819303D8819302398193033A819302B84
S31590036160B019301BB819303BC8193027D8193037B6
S31590036170E819302FF019301FF819303F081AB0205C
S31590036180181AB030281AB028381AB038481AB024DA
S31590036190581AB034681AB02C701AB01C781AB03CDE
S315900361A0881AB022981AB032A81AB02AB81AB03AF6
S315900361B0C81AB026D81AB036E81AB02EF01AB01EFE
S315900361C0F81AB03E081BB021181BB031281BB02912
S315900361D0381BB039481BB025581BB035681BB02DFA
S315900361E0701BB01D781BB03D881BB023981BB03332
S315900361F0A81BB02BB81BB03BC81BB027D81BB03716
S31590036200E81BB02FF01BB01FF81BB03F081C702083
S31590036210181C7030281C7028381C7038481C702441
S31590036220581C7034681C702C781C703C881C702227
S31590036230981C7032A81C702AB81C703AC81C702619
S31590036240D81C7036E81C702EF01C701EF81C703E1D
S31590036250081D7021181D7031281D7029381D70393D
S31590036260481D7025581D7035681D702D781D703D1D
S31590036270881D7023981D7033A81D702BB81D703B15
S31590036280C81D7027D81D7037E81D702FF01D701F1D
S31590036290F81D703F081EF020181EF030281EF028B7
S315900362A0381EF038481EF024581EF034681EF02C21
S315900362B0781EF03C881EF022981EF032A81EF02A13
S315900362C0B81EF03AC81EF026D81EF036E81EF02EF9
S315900362D0F81EF03E081FF021181FF031281FF029F1
S315900362E0381FF039481FF025581FF035681FF02DD9
S315900362F0781FF03D881FF023981FF033A81FF02BCB
S31590036300B81FF03BC81FF027D81FF037E81FF02FB0
S31590036310F81FF03F1820083028200828382008381E
S3159003632048200824582008346820082C7820083CF4
S315900363308820082298200832A820082AB820083AEC
S31590036340C8200826D8200836E820082EF820083ECC
S315900363501821083128210829382108394821082588
S31590036360582108356821082D7821083D882108236E
S3159003637098210833A821082BB821083BC821082760
S31590036380D8210837E821082FF821083F18228830AA
S315900363902822882838228838482288245822883404
S315900363A06822882C7822883C98228832A822882AC8
S315900363B0B822883AC8228826D8228836E822882E98
S315900363C0F822883E18238831282388293823883948
S315900363D048238825582388356823882D7823883D34
S315900363E098238833A823882BB823883BC8238827E8
S315900363F0D8238837E823882FF823883F18244830F2
S315900364002824482838244838582448346824482C63
S315900364107824483C98244832A824482AB824483AF1
S31590036420C8244826D8244836E824482EF824483EDB
S315900364301825483128254829382548395825483577
S315900364406825482D7825483D98254833A825482B17
S31590036450B825483BC8254827D8254837E825482FE7
S31590036460F825483F1826C8302826C8283826C8381D
S315900364705826C8346826C82C7826C83C9826C8322D
S31590036480A826C82AB826C83AD826C836E826C82ED3
S31590036490F826C83E1827C8312827C8293827C83967
S315900364A05827C8356827C82D7827C83D9827C833F5
S315900364B0A827C82BB827C83BD827C837E827C82F9B
S315900364C0F827C83F182828303828283858282834D9
S315900364D06828282C7828283C98282832A828282AFF
S315900364E0B828283AD8282836E828282EF828283E87
S315900364F01829283138292839582928356829282DE3
S315900365007829283D98292833A829282BB829283B68
S31590036510D8292837E829282FF829283F182AA83078
S31590036520382AA838582AA834682AA82C782AA83C46
S31590036530982AA832B82AA83AD82AA836E82AA82E9A
S31590036540F82AA83E182BA831382BA839582BA835EA
S31590036550682BA82D782BA83D982BA833B82BA83B4E
S31590036560D82BA837E82BA82FF82BA83F182C6830E0
S31590036570382C6838582C6834782C683C982C6832B8
S31590036580B82C683AD82C6836E82C682EF82C683ED6
S31590036590182D6831382D6839582D6835782D683D12
S315900365A0982D6833B82D683BD82D6837E82D682F1A
S315900365B0F82D683F182EE830382EE838582EE834F0
S315900365C0782EE83C982EE832B82EE83AD82EE8365C
S315900365D0F82EE83E182FE831382FE839582FE8354A
S315900365E0782FE83D982FE833B82FE83BD82FE83734
S315900365F0F82FE83F38301838583018347830183C2C
S3159003660098301832B830183AD8301836F830183ED1
S3159003661038311839583118357831183D983118333F
S31590036620B831183BD8311837F831183F3832983883
S31590036630583298347832983CB832983AD832983659
S31590036640F832983E38339839583398357833983D9D
S31590036650B833983BD8339837F833983F383458380B
S315900366607834583CB834583AD8345836F834583E77
S31590036670383558397835583DB835583BD835583725
S31590036680F835583F3836D8387836D83CB836D83A6D
S31590036690F836D83E3837D8397837D83DB837D83BD7
S315900366A0F837D83F7838383CB838383AF838383EDF
S315900366B07839383DB839383BF839383F783AB83C69
S315900366C0F83AB83E783BB83DF83BB83FF83C783E4D
S315900366D0F83D783F080000041000000218000006F9
S315900366E02000000128000005300000033800000751
S315900366F040008000480080045000800258008006C5
S315900367006000800168008005700080037800800730
S31590036710880040049000400298004006A000400183
S31590036720A8004005B0004003B8004007C800C00465
S31590036730D000C002D800C006E000C001E800C00542
S31590036740F000C003F800C0070801200410012002DE
S31590036750180120062801200530012003380120075F
S315900367604801A0045001A0025801A0066001A001AF
S315900367706801A0057001A0037801A0078801600451
S315900367809001600298016006A8016005B00160035C
S31590036790B8016007C801E004D001E002D801E00621
S315900367A0E801E005F001E003F801E00708021004B0
S315900367B0180210062802100530021003380210073B
S315900367C0480290045002900258029006680290057F
S315900367D0700290037802900788025004980250063C
S315900367E0A8025005B0025003B8025007C802D0045D
S315900367F0D802D006E802D005F002D003F802D007FB
S31590036800080330041803300628033005380330078D
S315900368104803B0045803B0066803B0057003B00389
S315900368207803B0078803700498037006A80370056D
S31590036830B8037007C803F004D803F006E803F0051D
S31590036840F803F0071804080628040805380408070F
S3159003685048048804580488066804880578048807D9
S3159003686098044806A8044805B8044807D804C806F7
S31590036870E804C805F804C807180528063805280744
S315900368805805A8066805A8057805A8079805680613
S31590036890B8056807D805E806F805E807380618071F
S315900368A05806980678069807B8065807F806D8073C
S315900368B07807B80708008000100040001800C00051
S315900368C02800A000300060003800E00048009000E7
S315900368D05800D0006800B0007800F0009800C80017
S315900368E0B800E8000800004010000020180000607F
S315900368F0200000102800005030000030380000704F
S3159003690040000008480000485000002858000068DE
S31590036910600000186800005870000038780000780E
S3159003692080000004880000449000002498000064CE
S31590036930A0000014A8000054B0000034B8000074FE
S31590036940C000000CC800004CD000002CD800006C8E
S31590036950E000001CE800005CF000003CF800007CBE
S315900369600001000208010042100100221801006292
S3159003697020010012280100523001003238010072C2
S315900369804001000A4801004A5001002A5801006A52
S315900369906001001A6801005A7001003A7801007A82
S315900369A08001000688010046900100269801006642
S315900369B0A0010016A8010056B0010036B801007672
S315900369C0C001000EC801004ED001002ED801006E02
S315900369D0E001001EE801005EF001003EF801007E32
S315900369E008020041100200211802006120020011E2
S315900369F0280200513002003138020071400200092A
S31590036A0048020049500200295802006960020019A1
S31590036A1068020059700200397802007980020005F5
S31590036A20880200459002002598020065A002001591
S31590036A30A8020055B0020035B8020075C002000DD9
S31590036A40C802004DD002002DD802006DE002001D51
S31590036A50E802005DF002003DF802007D0803004362
S31590036A601003002318030063200300132803005325
S31590036A7030030033380300734003000B4803004B85
S31590036A805003002B5803006B6003001B6803005BE5
S31590036A907003003B7803007B80030007880300475D
S31590036AA09003002798030067A0030017A8030057D5
S31590036AB0B0030037B8030077C003000FC803004F35
S31590036AC0D003002FD803006FE003001FE803005F95
S31590036AD0F003003FF803007F0804804010048020F1
S31590036AE0180480602004801028048050300480307D
S31590036AF038048070400480084804804850048028F5
S31590036B00580480686004801868048058700480383C
S31590036B107804807888048044900480249804806460
S31590036B20A0048014A8048054B0048034B8048074FC
S31590036B30C004800CC804804CD004802CD804806C8C
S31590036B40E004801CE804805CF004803CF804807CBC
S31590036B500805804210058022180580622005801260
S31590036B602805805230058032380580724005800AA8
S31590036B704805804A5005802A5805806A6005801A20
S31590036B806805805A7005803A7805807A8005800674
S31590036B90880580469005802698058066A005801610
S31590036BA0A8058056B0058036B8058076C005800E58
S31590036BB0C805804ED005802ED805806EE005801ED0
S31590036BC0E805805EF005803EF805807E08068041E4
S31590036BD010068021180680612006801128068051B0
S31590036BE03006803138068071400680094806804910
S31590036BF05006802958068069600680196806805970
S31590036C0070068039780680798806804590068025B7
S31590036C1098068065A0068015A8068055B00680352F
S31590036C20B8068075C006800DC806804DD006802DA7
S31590036C30D806806DE006801DE806805DF006803DEF
S31590036C40F806807D08078043100780231807806322
S31590036C5020078013280780533007803338078073C3
S31590036C604007800B4807804B5007802B5807806B53
S31590036C706007801B6807805B7007803B7807807B83
S31590036C80880780479007802798078067A007801713
S31590036C90A8078057B0078037B8078077C007800F5B
S31590036CA0C807804FD007802FD807806FE007801FD3
S31590036CB0E807805FF007803FF807807F0808404029
S31590036CC010084020180840602008401028084050BB
S31590036CD030084030380840704808404850084028EB
S31590036CE0580840686008401868084058700840384B
S31590036CF0780840788808404490084024980840646F
S31590036D00A0084014A8084054B0084034B80840740A
S31590036D10C008400CC808404CD008402CD808406C9A
S31590036D20E008401CE808405CF008403CF808407CCA
S31590036D30080940421009402218094062200940126E
S31590036D402809405230094032380940724009400AB6
S31590036D504809404A5009402A5809406A6009401A2E
S31590036D606809405A7009403A7809407A880940463A
S31590036D709009402698094066A0094016A8094056EE
S31590036D80B0094036B8094076C009400EC809404E4E
S31590036D90D009402ED809406EE009401EE809405EAE
S31590036DA0F009403EF809407E080A4041100A402106
S31590036DB0180A4061200A4011280A4051300A40318E
S31590036DC0380A4071480A4049500A4029580A40698E
S31590036DD0600A4019680A4059700A4039780A40791E
S31590036DE0880A4045900A4025980A4065A00A4015AE
S31590036DF0A80A4055B00A4035B80A4075C00A400DF6
S31590036E00C80A404DD00A402DD80A406DE00A401D6D
S31590036E10E80A405DF00A403DF80A407D080B40437E
S31590036E20100B4023180B4063200B4013280B405341
S31590036E30300B4033380B4073480B404B500B402B71
S31590036E40580B406B600B401B680B405B700B403BD1
S31590036E50780B407B880B4047900B4027980B4067F5
S31590036E60A00B4017A80B4057B00B4037B80B407791
S31590036E70C00B400FC80B404FD00B402FD80B406F21
S31590036E80E00B401FE80B405FF00B403FF80B407F51
S31590036E90080CC040100CC020180CC060200CC01009
S31590036EA0280CC050300CC030380CC070480CC04809
S31590036EB0500CC028580CC068600CC018680CC05899
S31590036EC0700CC038780CC078880CC044900CC024E1
S31590036ED0980CC064A00CC014A80CC054B00CC03459
S31590036EE0B80CC074C80CC04CD00CC02CD80CC06C59
S31590036EF0E00CC01CE80CC05CF00CC03CF80CC07CE9
S31590036F00080DC042100DC022180DC062200DC0128C
S31590036F10280DC052300DC032380DC072480DC04A8C
S31590036F20500DC02A580DC06A600DC01A680DC05A1C
S31590036F30700DC03A780DC07A880DC046900DC02664
S31590036F40980DC066A00DC016A80DC056B00DC036DC
S31590036F50B80DC076C00DC00EC80DC04ED00DC02E54
S31590036F60D80DC06EE00DC01EE80DC05EF00DC03E9C
S31590036F70F80DC07E080EC041100EC021180EC061D8
S31590036F80200EC011280EC051300EC031380EC0717C
S31590036F90480EC049500EC029580EC069600EC019DC
S31590036FA0680EC059700EC039780EC079880EC045E8
S31590036FB0900EC025980EC065A00EC015A80EC0559C
S31590036FC0B00EC035B80EC075C80EC04DD00EC02DCC
S31590036FD0D80EC06DE00EC01DE80EC05DF00EC03D2C
S31590036FE0F80EC07D080FC043100FC023180FC0635F
S31590036FF0200FC013280FC053300FC033380FC07300
S31590037000480FC04B500FC02B580FC06B600FC01B5F
S31590037010680FC05B700FC03B780FC07B880FC0476B
S31590037020900FC027980FC067A00FC017A80FC0571F
S31590037030B00FC037B80FC077C80FC04FD00FC02F4F
S31590037040D80FC06FE00FC01FE80FC05FF00FC03FAF
S31590037050F80FC07F081020401010202018102060D1
S3159003706028102050301020303810207048102048B7
S315900370705010202858102068601020186810205847
S31590037080701020387810207888102044901020248F
S3159003709098102064A0102014A8102054B010203407
S315900370A0B8102074C810204CD010202CD810206C07
S315900370B0E010201CE810205CF010203CF810207C97
S315900370C0081120421011202218112062201120123B
S315900370D02811205230112032381120724811204A3B
S315900370E05011202A5811206A6011201A6811205ACB
S315900370F07011203A7811207A881120469011202613
S3159003710098112066A0112016A8112056B01120368A
S31590037110B8112076C811204ED011202ED811206E8A
S31590037120E011201EE811205EF011203EF811207E1A
S315900371300812204110122021181220612812205182
S3159003714030122031381220714812204950122029CA
S31590037150581220696012201968122059701220392A
S31590037160781220798812204590122025981220654E
S31590037170A0122015A8122055B0122035B8122075EA
S31590037180C812204DD012202DD812206DE012201D4A
S31590037190E812205DF012203DF812207D081320435B
S315900371A010132023181320632813205330132033EE
S315900371B0381320734813204B5013202B5813206BEE
S315900371C06013201B6813205B7013203B7813207B7E
S315900371D0881320479013202798132067A01320170E
S315900371E0A8132057B0132037B8132077C813204F0E
S315900371F0D013202FD813206FE013201FE813205F9E
S31590037200F013203FF813207F0814A0401014A020F9
S315900372101814A0602814A0503014A0303814A0700D
S315900372204814A0485014A0285814A0686014A018B5
S315900372306814A0587014A0387814A0788814A044C1
S315900372409014A0249814A064A814A054B014A03445
S31590037250B814A074C814A04CD014A02CD814A06C45
S31590037260E014A01CE814A05CF014A03CF814A07CD5
S315900372700815A0421015A0221815A0622815A05231
S315900372803015A0323815A0724815A04A5015A02A79
S315900372905815A06A6015A01A6815A05A7015A03AD9
S315900372A07815A07A8815A0469015A0269815A066FD
S315900372B0A015A016A815A056B015A036B815A07699
S315900372C0C815A04ED015A02ED815A06EE015A01EF9
S315900372D0E815A05EF015A03EF815A07E0816A0410D
S315900372E01016A0211816A0612816A0513016A031A9
S315900372F03816A0714816A0495016A0295816A069A9
S315900373006016A0196816A0597016A0397816A07938
S315900373108816A0459016A0259816A065A816A05580
S31590037320B016A035B816A075C816A04DD016A02DC8
S31590037330D816A06DE016A01DE816A05DF016A03D28
S31590037340F816A07D0817A0431017A0231817A0635B
S315900373502817A0533017A0333817A0734817A04B9C
S315900373605017A02B5817A06B6017A01B6817A05B2C
S315900373707017A03B7817A07B8817A0479017A02774
S315900373809817A067A817A057B017A037B817A07774
S31590037390C817A04FD017A02FD817A06FE017A01F1C
S315900373A0E817A05FF017A03FF817A07F0818604072
S315900373B010186020181860602818605030186030D4
S315900373C038186070481860485018602858186068D4
S315900373D06818605870186038781860788818604410
S315900373E09018602498186064A8186054B018603494
S315900373F0B8186074C818604CD018602CD818606C94
S31590037400E018601CE818605CF018603CF818607C23
S31590037410081960421019602218196062281960527F
S3159003742030196032381960724819604A5019602AC7
S315900374305819606A6019601A6819605A7019603A27
S315900374407819607A8819604690196026981960664B
S31590037450A8196056B0196036B8196076C819604E87
S31590037460D019602ED819606EE019601EE819605E17
S31590037470F019603EF819607E081A6041101A60216F
S31590037480181A6061281A6051301A6031381A60717F
S31590037490481A6049501A6029581A6069681A6059DF
S315900374A0701A6039781A6079881A6045901A60253F
S315900374B0981A6065A81A6055B01A6035B81A60753F
S315900374C0C81A604DD01A602DD81A606DE01A601DE7
S315900374D0E81A605DF01A603DF81A607D081B6043F8
S315900374E0101B6023181B6063281B6053301B60338B
S315900374F0381B6073481B604B501B602B581B606B8B
S31590037500681B605B701B603B781B607B881B6047C6
S31590037510901B6027981B6067A81B6057B01B60374A
S31590037520B81B6077C81B604FD01B602FD81B606F4A
S31590037530E01B601FE81B605FF01B603FF81B607FDA
S31590037540081CE040101CE020181CE060281CE0504A
S31590037550301CE030381CE070481CE048501CE02892
S31590037560581CE068681CE058701CE038781CE0787A
S31590037570881CE044901CE024981CE064A81CE0540A
S31590037580B01CE034B81CE074C81CE04CD01CE02C52
S31590037590D81CE06CE81CE05CF01CE03CF81CE07C3A
S315900375A0081DE042101DE022181DE062281DE052DE
S315900375B0301DE032381DE072481DE04A501DE02A26
S315900375C0581DE06A681DE05A701DE03A781DE07A0E
S315900375D0881DE046901DE026981DE066A81DE0569E
S315900375E0B01DE036B81DE076C81DE04ED01DE02EE6
S315900375F0D81DE06EE01DE01EE81DE05EF01DE03E46
S31590037600F81DE07E081EE041101EE021181EE06181
S31590037610281EE051301EE031381EE071481EE049C5
S31590037620501EE029581EE069681EE059701EE03925
S31590037630781EE079881EE045901EE025981EE06549
S31590037640A81EE055B01EE035B81EE075C81EE04D85
S31590037650D01EE02DD81EE06DE81EE05DF01EE03DE5
S31590037660F81EE07D081FE043101FE023181FE06318
S31590037670281FE053301FE033381FE073481FE04B59
S31590037680501FE02B581FE06B681FE05B701FE03BB9
S31590037690781FE07B881FE047901FE027981FE067DD
S315900376A0A81FE057B01FE037B81FE077C81FE04F19
S315900376B0D01FE02FD81FE06FE81FE05FF01FE03F79
S315900376C0F81FE07F082010401820106028201050E3
S315900376D03020103038201070482010485020102841
S315900376E05820106868201058702010387820107829
S315900376F0882010449020102498201064A8201054B9
S31590037700B0201034B8201074C820104CD020102C00
S31590037710D820106CE820105CF020103CF820107CE8
S31590037720082110421021102218211062282110528C
S3159003773030211032382110724821104A5021102AD4
S315900377405821106A6821105A7021103A7821107ABC
S31590037750882110469021102698211066A82110564C
S31590037760B0211036B8211076C821104ED021102E94
S31590037770D821106EE821105EF021103EF821107E7C
S3159003778008221041182210612822105130221031FC
S315900377903822107148221049502210295822106914
S315900377A06822105970221039782210798822104550
S315900377B09022102598221065A8221055B0221035D4
S315900377C0B8221075C822104DD022102DD822106DD4
S315900377D0E822105DF022103DF822107D0823104315
S315900377E01823106328231053302310333823107330
S315900377F04823104B5023102B5823106B6823105B90
S315900378007023103B7823107B8823104790231027EF
S3159003781098231067A8231057B0231037B8231077EF
S31590037820C823104FD023102FD823106FE823105F4F
S31590037830F023103FF823107F08249040182490607B
S3159003784028249050302490303824907048249048BF
S31590037850502490285824906868249058702490381F
S31590037860782490788824904498249064A8249054FB
S31590037870B0249034B8249074C824904CD024902C7F
S31590037880D824906CE824905CF024903CF824907C67
S3159003789008259042182590622825905230259032DB
S315900378A0382590724825904A5025902A5825906AF3
S315900378B06825905A7025903A7825907A882590462F
S315900378C09025902698259066A8259056B0259036B3
S315900378D0B8259076C825904ED025902ED825906EB3
S315900378E0E825905EF025903EF825907E08269041F7
S315900378F0182690612826905130269031382690711B
S31590037900482690495026902958269069682690597A
S315900379107026903978269079882690459826906592
S31590037920A8269055B0269035B8269075C826904DC2
S31590037930D026902DD826906DE826905DF026903D22
S31590037940F826907D0827904318279063282790530D
S3159003795030279033382790734827904B5027902B96
S315900379605827906B6827905B7027903B7827907B7E
S315900379708827904798279067A8279057B0279037DE
S31590037980B8279077C827904FD027902FD827906FF6
S31590037990E827905FF027903FF827907F082850407C
S315900379A01828506028285050302850303828507066
S315900379B04828504858285068682850587028503896
S315900379C0782850788828504498285064A82850548A
S315900379D0B0285034B8285074C828504CD028502C0E
S315900379E0D828506CE828505CF028503CF828507CF6
S315900379F0082950421829506228295052302950326A
S31590037A00382950724829504A5029502A5829506A81
S31590037A106829505A7029503A7829507A88295046BD
S31590037A2098295066A8295056B0295036B8295076C9
S31590037A30C829504ED029502ED829506EE829505E29
S31590037A40F029503EF829507E082A5041182A506151
S31590037A50282A5051302A5031382A5071482A504991
S31590037A60582A5069682A5059702A5039782A507979
S31590037A70882A5045982A5065A82A5055B02A5035D9
S31590037A80B82A5075C82A504DD02A502DD82A506DF1
S31590037A90E82A505DF02A503DF82A507D082B504332
S31590037AA0182B5063282B5053302B5033382B50734D
S31590037AB0482B504B582B506B682B505B702B503B7D
S31590037AC0782B507B882B5047982B5067A82B505771
S31590037AD0B02B5037B82B5077C82B504FD02B502FF5
S31590037AE0D82B506FE82B505FF02B503FF82B507FDD
S31590037AF0082CD040182CD060282CD050302CD03065
S31590037B00382CD070482CD048582CD068682CD05834
S31590037B10702CD038782CD078882CD044982CD0647C
S31590037B20A82CD054B02CD034B82CD074C82CD04CAC
S31590037B30D82CD06CE82CD05CF02CD03CF82CD07C94
S31590037B40082DD042182DD062282DD052302DD03208
S31590037B50382DD072482DD04A582DD06A682DD05AD8
S31590037B60702DD03A782DD07A882DD046982DD06620
S31590037B70A82DD056B02DD036B82DD076C82DD04E50
S31590037B80D02DD02ED82DD06EE82DD05EF02DD03EB0
S31590037B90F82DD07E082ED041182ED061282ED051A4
S31590037BA0302ED031382ED071482ED049582ED069E8
S31590037BB0682ED059702ED039782ED079882ED0450C
S31590037BC0982ED065A82ED055B02ED035B82ED07518
S31590037BD0C82ED04DD82ED06DE82ED05DF02ED03D48
S31590037BE0F82ED07D082FD043182FD063282FD0534B
S31590037BF0302FD033382FD073482FD04B582FD06B8C
S31590037C00682FD05B702FD03B782FD07B882FD047AF
S31590037C10982FD067A82FD057B02FD037B82FD077BB
S31590037C20C82FD04FD82FD06FE82FD05FF02FD03FEB
S31590037C30F82FD07F083030401830306028303050DD
S31590037C403830307048303048583030686830305863
S31590037C5070303038783030788830304498303064AB
S31590037C60A8303054B0303034B8303074C830304CDB
S31590037C70D830306CE830305CF030303CF830307CC3
S31590037C800831304218313062283130523031303237
S31590037C90383130724831304A5831306A6831305A07
S31590037CA07031303A7831307A88313046983130664F
S31590037CB0A8313056B0313036B8313076C831304E7F
S31590037CC0D831306EE831305EF031303EF831307E67
S31590037CD0083230411832306128323051383230719F
S31590037CE048323049583230696832305970323039B7
S31590037CF0783230798832304598323065A8323055AB
S31590037D00B0323035B8323075C832304DD832306DE6
S31590037D10E832305DF032303DF832307D083330430F
S31590037D201833306328333053383330734833304BFA
S31590037D305833306B6833305B7033303B7833307BFA
S31590037D408833304798333067A8333057B03330375A
S31590037D50B8333077C833304FD833306FE833305F2A
S31590037D60F033303FF833307F0834B0401834B06086
S31590037D702834B0503834B0704834B0485834B0686A
S31590037D806834B0587034B0387834B0788834B044A6
S31590037D909834B064A834B054B834B074C834B04C82
S31590037DA0D834B06CE834B05CF034B03CF834B07C82
S31590037DB00835B0421835B0622835B0523835B072AE
S31590037DC04835B04A5835B06A6835B05A7035B03AC6
S31590037DD07835B07A8835B0469835B066A835B056BA
S31590037DE0B035B036B835B076C835B04ED835B06EF6
S31590037DF0E835B05EF035B03EF835B07E0836B04122
S31590037E001836B0612836B0513836B0714836B04915
S31590037E105836B0696836B0597036B0397836B07915
S31590037E208836B0459836B065A836B055B836B0752D
S31590037E30C836B04DD836B06DE836B05DF036B03D45
S31590037E40F836B07D0837B0431837B0632837B05348
S31590037E503837B0734837B04B5837B06B6837B05B29
S31590037E607037B03B7837B07B8837B0479837B06771
S31590037E70A837B057B837B077C837B04FD837B06F41
S31590037E80E837B05FF037B03FF837B07F08387040C7
S31590037E901838706028387050383870704838704881
S31590037EA0583870686838705878387078883870445D
S31590037EB098387064A8387054B8387074C838704C51
S31590037EC0D838706CE838705CF038703CF838707C51
S31590037ED0083970421839706228397052383970727D
S31590037EE04839704A5839706A6839705A7039703A95
S31590037EF07839707A8839704698397066A839705689
S31590037F00B8397076C839704ED839706EE839705E64
S31590037F10F039703EF839707E083A7041183A7061BC
S31590037F20283A7051383A7071483A7049583A70699C
S31590037F30683A7059783A7079883A7045983A706584
S31590037F40A83A7055B83A7075C83A704DD83A706D6C
S31590037F50E83A705DF03A703DF83A707D083B7043AD
S31590037F60183B7063283B7053383B7073483B704B98
S31590037F70583B706B683B705B783B707B883B704774
S31590037F80983B7067A83B7057B83B7077C83B704F68
S31590037F90D83B706FE83B705FF03B703FF83B707F68
S31590037FA0083CF040183CF060283CF050383CF070A8
S31590037FB0483CF048583CF068683CF058783CF07878
S31590037FC0883CF044983CF064A83CF054B83CF07478
S31590037FD0C83CF04CD83CF06CE83CF05CF83CF07C48
S31590037FE0083DF042183DF062283DF052383DF0725C
S31590037FF0483DF04A583DF06A683DF05A783DF07A2C
S31590038000883DF046983DF066A83DF056B83DF0762B
S31590038010C83DF04ED83DF06EE83DF05EF03DF03E43
S31590038020F83DF07E083EF041183EF061283EF0514F
S31590038030383EF071483EF049583EF069683EF05933
S31590038040783EF079883EF045983EF065A83EF05527
S31590038050B83EF075C83EF04DD83EF06DE83EF05D03
S31590038060F83EF07D083FF043183FF063283FF05306
S31590038070383FF073483FF04B583FF06B683FF05BE7
S31590038080783FF07B883FF047983FF067A83FF057DB
S31590038090B83FF077C83FF04FD83FF06FE83FF05FB7
S315900380A0F83FF07F18400860284008503840087021
S315900380B04840084858400868684008587840087807
S315900380C08840084498400864A8400854B840087407
S315900380D0C840084CD840086CE840085CF840087CD7
S315900380E008410842184108622841085238410872EB
S315900380F04841084A5841086A6841085A7841087ABB
S315900381008841084698410866A8410856B8410876BA
S31590038110C841084ED841086EE841085EF841087E8A
S315900381201842086128420851384208714842084962
S31590038130584208696842085978420879884208453E
S3159003814098420865A8420855B8420875C842084D32
S31590038150D842086DE842085DF842087D18430863E3
S3159003816028430853384308734843084B5843086BCE
S315900381706843085B7843087B8843084798430867B6
S31590038180A8430857B8430877C843084FD843086F9E
S31590038190E843085FF843087F18448860284488506A
S315900381A0384488704844884858448868684488584E
S315900381B07844887898448864A8448854B8448874E2
S315900381C0C844884CD844886CE844885CF844887CD6
S315900381D01845886228458852384588724845884AA2
S315900381E05845886A6845885A7845887A884588467E
S315900381F098458866A8458856B8458876C845884E72
S31590038200D845886EE845885EF845887E1846886125
S315900382102846885138468871484688495846886919
S31590038220684688597846887998468865A8468855D1
S31590038230B8468875C846884DD846886DE846885DA1
S31590038240F846887D18478863284788533847887344
S315900382504847884B5847886B6847885B7847887B3D
S3159003826098478867A8478857B8478877C847884FF5
S31590038270D847886FE847885FF847887F18484860EB
S315900382802848485038484870584848686848485875
S315900382907848487898484864A8484854B8484874F1
S315900382A0C848484CD848486CE848485CF848487CE5
S315900382B01849486228494852384948724849484AB1
S315900382C05849486A6849485A7849487A984948665D
S315900382D0A8494856B8494876C849484ED849486E39
S315900382E0E849485EF849487E184A4861284A485101
S315900382F0384A4871584A4869684A4859784A487981
S31590038300984A4865A84A4855B84A4875C84A484D50
S31590038310D84A486DE84A485DF84A487D184B486301
S31590038320284B4853384B4873584B486B684B485BBC
S31590038330784B487B984B4867A84B4857B84B487738
S31590038340C84B484FD84B486FE84B485FF84B487F2C
S31590038350184CC860284CC850384CC870584CC868DC
S31590038360684CC858784CC878984CC864A84CC8547C
S31590038370B84CC874D84CC86CE84CC85CF84CC87CEC
S31590038380184DC862284DC852384DC872584DC86AA0
S31590038390684DC85A784DC87A984DC866A84DC85640
S315900383A0B84DC876C84DC84ED84DC86EE84DC85E10
S315900383B0F84DC87E184EC861284EC851384EC871BC
S315900383C0584EC869684EC859784EC879984EC8654C
S315900383D0A84EC855B84EC875D84EC86DE84EC85DF8
S315900383E0F84EC87D184FC863284FC853384FC87383
S315900383F0584FC86B684FC85B784FC87B984FC86710
S31590038400A84FC857B84FC877D84FC86FE84FC85FBB
S31590038410F84FC87F185028603850287058502868ED
S31590038420685028587850287898502864A85028542B
S31590038430B8502874D850286CE850285CF850287C9B
S315900384401851286228512852385128725851286A4F
S315900384506851285A7851287A98512866A8512856EF
S31590038460B8512876D851286EE851285EF851287E5F
S3159003847018522861385228715852286968522859D7
S315900384807852287998522865A8522855B852287553
S31590038490D852286DE852285DF852287D18532863E0
S315900384A0385328735853286B6853285B7853287B23
S315900384B098532867A8532857B8532877D853286FC3
S315900384C0E853285FF853287F1854A8603854A87047
S315900384D05854A8686854A8587854A8789854A864A7
S315900384E0B854A874D854A86CE854A85CF854A87CDB
S315900384F01855A8623855A8725855A86A6855A85A47
S315900385007855A87A9855A866A855A856B855A876C2
S31590038510D855A86EE855A85EF855A87E1856A86152
S315900385203856A8715856A8696856A8597856A8799E
S315900385309856A865B856A875D856A86DE856A85DF6
S31590038540F856A87D1857A8633857A8735857A86B39
S315900385506857A85B7857A87B9857A867B857A877A2
S31590038560D857A86FE857A85FF857A87F1858686038
S31590038570385868705858686878586878985868640E
S31590038580B8586874D858686CE858685CF858687C2A
S3159003859018596862385968725859686A6859685A96
S315900385A07859687A98596866B8596876D859686ECA
S315900385B0E859685EF859687E185A6861385A68713E
S315900385C0585A6869785A6879985A6865B85A68752E
S315900385D0D85A686DE85A685DF85A687D185B68637F
S315900385E0385B6873585B686B785B687B985B686786
S315900385F0B85B6877D85B686FE85B685FF85B687FA2
S31590038600185CE860385CE870585CE868785CE878F1
S31590038610985CE864B85CE874D85CE86CF85CE87CD1
S31590038620185DE862385DE872585DE86A785DE87AC5
S31590038630985DE866B85DE876D85DE86EE85DE85ED5
S31590038640F85DE87E185EE861385EE871585EE86921
S31590038650785EE879985EE865B85EE875D85EE86D09
S31590038660F85EE87D185FE863385FE873585FE86BF8
S31590038670785FE87B985FE867B85FE877D85FE86FDD
S31590038680F85FE87F386018705860186878601878D3
S3159003869098601864B8601874D860186CF860187C81
S315900386A018611862386118725861186A7861187A75
S315900386B098611866B8611876D861186EF861187E55
S315900386C038621871586218697862187998621865D1
S315900386D0B8621875D862186DF862187D3863187386
S315900386E05863186B7863187B98631867B863187721
S315900386F0D863186FF863187F3864987058649868CD
S3159003870078649878B8649874D864986CF864987C0C
S31590038710386598725865986A7865987A9865986670
S31590038720B8659876D865986EF865987E3866987128
S315900387305866986978669879B8669875D866986D84
S31590038740F866987D386798735867986B7867987BBF
S31590038750B8679877D867986FF867987F386858702E
S3159003876078685878B8685874D868586CF868587C9C
S31590038770386958725869586A7869587AB8695876D0
S31590038780D869586EF869587E386A5871786A5879F4
S31590038790B86A5875D86A586DF86A587D386B5873A5
S315900387A0786B587BB86B5877D86B586FF86B587F44
S315900387B0386CD870786CD878B86CD874F86CD87CD8
S315900387C0386DD872786DD87AB86DD876D86DD86EEC
S315900387D0F86DD87E386ED871786ED879B86ED875AC
S315900387E0F86ED87D386FD873786FD87BB86FD87793
S315900387F0F86FD87F78703878B8703874F870387C9A
S31590038800387138727871387AB8713876F871387EEB
S3159003881078723879B8723875F872387D7873387B90
S31590038820B8733877F873387F7874B878F874B87CF7
S315900388307875B87AB875B876F875B87E7876B87963
S31590038840F876B87D7877B87BF877B87FF878787CC0
S315900388507879787AF879787EF87A787DF87B787F64
S31590038860F87DF87E08000008100000041800000C3C
S31590038870200000022800000A300000063800000E8F
S315900388804000000148000009500000055800000D03
S31590038890600000036800000B700000077800000F6B
S315900388A088008008900080049800800CA0008002C5
S315900388B0A800800AB0008006B800800EC000800130
S315900388C0C8008009D0008005D800800DE0008003A1
S315900388D0E800800BF0008007F800800F080140083D
S315900388E0100140041801400C200140022801400A5F
S315900388F0300140063801400E4801400950014005B9
S315900389005801400D600140036801400B7001400718
S315900389107801400F8801C0089001C0049801C00CEB
S31590038920A001C002A801C00AB001C006B801C00EDA
S31590038930C801C009D001C005D801C00DE001C0032C
S31590038940E801C00BF001C007F801C00F0802200828
S31590038950100220041802200C2802200A3002200656
S315900389603802200E48022009500220055802200D95
S31590038970600220036802200B700220077802200F02
S315900389808802A0089002A0049802A00CA802A00A4C
S31590038990B002A006B802A00EC802A009D002A00594
S315900389A0D802A00DE002A003E802A00BF002A007F4
S315900389B0F802A00F08036008100360041803600C04
S315900389C02803600A300360063803600E4803600983
S315900389D0500360055803600D6803600B70036007CE
S315900389E07803600F8803E0089003E0049803E00C93
S315900389F0A803E00AB003E006B803E00EC803E00953
S31590038A00D003E005D803E00DE803E00BF003E0079D
S31590038A10F803E00F080410081804100C2804100A31
S31590038A20300410063804100E48041009500410053B
S31590038A305804100D6804100B700410077804100F77
S31590038A40880490089804900CA804900AB0049006A1
S31590038A50B804900EC8049009D0049005D804900DDC
S31590038A60E804900BF0049007F804900F080550085B
S31590038A701805500C2805500A300550063805500E37
S31590038A80480550095805500D6805500B7005500759
S31590038A907805500F8805D0089805D00CA805D00AFC
S31590038AA0B005D006B805D00EC805D009D805D00DA7
S31590038AB0E805D00BF005D007F805D00F0806300867
S31590038AC01806300C2806300A3806300E4806300948
S31590038AD05806300D6806300B700630077806300F4F
S31590038AE08806B0089806B00CA806B00AB806B00E69
S31590038AF0C806B009D806B00DE806B00BF006B00765
S31590038B00F806B00F080770081807700C2807700A44
S31590038B103807700E480770095807700D6807700B71
S31590038B207807700F8807F0089807F00CA807F00AE3
S31590038B30B807F00EC807F009D807F00DE807F00B51
S31590038B40F807F00F1808080C2808080A3808080EC2
S31590038B50480808095808080D6808080B7808080F8C
S31590038B609808880CA808880AB808880EC80888093F
S31590038B70D808880DE808880BF808880F1809480C58
S31590038B802809480A3809480E5809480D6809480BB8
S31590038B907809480F9809C80CA809C80AB809C80ED5
S31590038BA0D809C80DE809C80BF809C80F180A280C84
S31590038BB0380A280E580A280D680A280B780A280FAF
S31590038BC0980AA80CB80AA80ED80AA80DE80AA80B02
S31590038BD0F80AA80F180B680C380B680E580B680D1B
S31590038BE0780B680F980BE80CB80BE80ED80BE80DCA
S31590038BF0F80BE80F380C180E580C180D780C180F44
S31590038C00B80C980ED80C980DF80C980F380D580E82
S31590038C10780D580FB80DD80EF80DD80F780E380F6B
S31590038C20F80EB80F080000011000800018008001AC
S31590038C3020004000280040013000C0003800C001E9
S31590038C40480020015000A0005800A0016800600170
S31590038C507000E0007800E001880010019800900110
S31590038C60A8005001B000D000B800D001C800300170
S31590038C70D800B001E8007001F800F00118018801EE
S31590038C80280148013801C8015801A8017801E80173
S31590038C90B801D801004000C0F33F00C0E73F00C0D1
S31590038CA0DA3F00C0CE3F00C0C13F00C0B53F00C011
S31590038CB0A83F00C09B3F00C08F3F00C0823F00C0CB
S31590038CC0763F01C0693F01C05D3F01C0503F01C07F
S31590038CD0443F01C0373F01C02A3F01C01E3F02C037
S31590038CE0113F02C0053F02C0F83E02C0EC3E02C0EF
S31590038CF0DF3E03C0D23E03C0C63E03C0B93E03C0A7
S31590038D00AD3E04C0A03E04C0943E04C0873E04C05A
S31590038D107A3E05C06E3E05C0613E05C0553E06C00F
S31590038D20483E06C03C3E06C02F3E07C0233E07C0C2
S31590038D30163E07C0093E08C0FD3D08C0F03D09C078
S31590038D40E43D09C0D73D09C0CB3D0AC0BE3D0AC02C
S31590038D50B23D0BC0A53D0BC0983D0CC08C3D0CC0DD
S31590038D607F3D0DC0733D0DC0663D0EC05A3D0EC08E
S31590038D704D3D0FC0403D0FC0343D10C0273D10C040
S31590038D801B3D11C00E3D11C0023D12C0F53C13C0F0
S31590038D90E93C13C0DC3C14C0D03C14C0C33C15C0A2
S31590038DA0B63C16C0AA3C16C09D3C17C0913C18C051
S31590038DB0843C18C0783C19C06B3C1AC05F3C1AC0FF
S31590038DC0523C1BC0453C1CC0393C1DC02C3C1DC0AD
S31590038DD0203C1EC0133C1FC0073C20C0FA3B20C05A
S31590038DE0EE3B21C0E13B22C0D53B23C0C83B24C008
S31590038DF0BC3B24C0AF3B25C0A23B26C0963B27C0B5
S31590038E00893B28C07D3B29C0703B2AC0643B2BC05D
S31590038E10573B2BC04B3B2CC03E3B2DC0323B2EC009
S31590038E20253B2FC0193B30C00C3B31C0003B32C0B1
S31590038E30F33A33C0E63A34C0DA3A35C0CD3A36C05F
S31590038E40C13A37C0B43A38C0A83A39C09B3A3AC007
S31590038E508F3A3BC0823A3CC0763A3DC0693A3FC0AE
S31590038E605D3A40C0503A41C0443A42C0373A43C053
S31590038E702B3A44C01E3A45C0123A47C0053A48C0F9
S31590038E80F93949C0EC394AC0E0394BC0D3394CC0A3
S31590038E90C7394EC0BA394FC0AE3950C0A13951C047
S31590038EA0953953C0883954C07C3955C06F3956C0EB
S31590038EB0633958C0563959C04A395AC03D395CC08E
S31590038EC031395DC024395EC0183960C00B3961C031
S31590038ED0FF3862C0F23864C0E63865C0D93867C0D7
S31590038EE0CD3868C0C03869C0B4386BC0A7386CC079
S31590038EF09B386EC08E386FC0823871C0753872C019
S31590038F00693874C05C3875C0503877C0433878C0B8
S31590038F1037387AC02A387BC01E387DC011387EC058
S31590038F20053880C0F93781C0EC3783C0E03785C0F8
S31590038F30D33786C0C73788C0BA3789C0AE378BC098
S31590038F40A1378DC095378EC0883790C07C3792C035
S31590038F506F3793C0633795C0573797C04A3798C0D2
S31590038F603E379AC031379CC025379EC018379FC06D
S31590038F700C37A1C0FF36A3C0F336A5C0E736A6C00B
S31590038F80DA36A8C0CE36AAC0C136ACC0B536AEC0A6
S31590038F90A836AFC09C36B1C09036B3C08336B5C041
S31590038FA07736B7C06A36B9C05E36BBC05136BDC0D8
S31590038FB04536BEC03936C0C02C36C2C02036C4C072
S31590038FC01336C6C00736C8C0FA35CAC0EE35CCC00C
S31590038FD0E235CEC0D535D0C0C935D2C0BC35D4C0A4
S31590038FE0B035D6C0A435D8C09735DAC08B35DCC03A
S31590038FF07E35DEC07235E0C06635E2C05935E4C0D1
S315900390004D35E7C04035E9C03435EBC02835EDC062
S315900390101B35EFC00F35F1C00335F3C0F634F6C0F8
S31590039020EA34F8C0DD34FAC0D134FCC0C534FEC08E
S31590039030B83400C1AC3403C1A03405C1933407C11D
S31590039040873409C17B340CC16E340EC1623410C1AE
S31590039050553413C1493415C13D3417C1303419C140
S3159003906024341CC118341EC10B3420C1FF3323C1D1
S31590039070F33325C1E63328C1DA332AC1CE332CC163
S31590039080C1332FC1B53331C1A93334C19C3336C1F2
S31590039090903338C184333BC177333DC16B3340C181
S315900390A05F3342C1523345C1463347C13A334AC10E
S315900390B02D334CC121334FC1153351C1083354C19C
S315900390C0FC3256C1F03259C1E4325BC1D7325EC12C
S315900390D0CB3261C1BF3263C1B23266C1A63268C1B7
S315900390E09A326BC18E326EC1813270C1753273C141
S315900390F0693276C15C3278C150327BC144327EC1CB
S31590039100383280C12B3283C11F3286C1133289C153
S3159003911007328BC1FA318EC1EE3191C1E23194C1DE
S31590039120D53196C1C93199C1BD319CC1B1319FC168
S31590039130A431A2C19831A4C18C31A7C18031AAC1EF
S315900391407431ADC16731B0C15B31B3C14F31B6C173
S315900391504331B8C13631BBC12A31BEC11E31C1C1FB
S315900391601231C4C10531C7C1F930CAC1ED30CDC181
S31590039170E130D0C1D530D3C1C830D6C1BC30D9C106
S31590039180B030DCC1A430DFC19830E2C18B30E5C189
S315900391907F30E8C17330EBC16730EEC15B30F1C10C
S315900391A04E30F4C14230F7C13630FAC12A30FDC190
S315900391B01E3001C2123004C2053007C2F92F0AC20B
S315900391C0ED2F0DC2E12F10C2D52F13C2C92F17C28F
S315900391D0BC2F1AC2B02F1DC2A42F20C2982F23C210
S315900391E08C2F27C2802F2AC2742F2DC2672F30C28D
S315900391F05B2F34C24F2F37C2432F3AC2372F3EC20B
S315900392002B2F41C21F2F44C2132F47C2062F4BC287
S31590039210FA2E4EC2EE2E51C2E22E55C2D62E58C209
S31590039220CA2E5CC2BE2E5FC2B22E62C2A62E66C282
S31590039230992E69C28D2E6DC2812E70C2752E73C200
S31590039240692E77C25D2E7AC2512E7EC2452E81C279
S31590039250392E85C22D2E88C2212E8CC2152E8FC2F1
S31590039260092E93C2FC2D96C2F02D9AC2E42D9DC26F
S31590039270D82DA1C2CC2DA5C2C02DA8C2B42DACC2E7
S31590039280A82DAFC29C2DB3C2902DB7C2842DBAC25E
S31590039290782DBEC26C2DC1C2602DC5C2542DC9C2D4
S315900392A0482DCCC23C2DD0C2302DD4C2242DD8C249
S315900392B0182DDBC20C2DDFC2002DE3C2F42CE6C2BF
S315900392C0E82CEAC2DC2CEEC2D02CF2C2C42CF5C236
S315900392D0B82CF9C2AC2CFDC2A02C01C3942C05C3A7
S315900392E0882C08C37C2C0CC3702C10C3642C14C319
S315900392F0582C18C34C2C1CC3402C20C3342C23C38A
S31590039300282C27C31C2C2BC3102C2FC3052C33C3FB
S31590039310F92B37C3ED2B3BC3E12B3FC3D52B43C36C
S31590039320C92B47C3BD2B4BC3B12B4FC3A52B53C3DC
S31590039330992B57C38D2B5BC3812B5FC3752B63C34C
S315900393406A2B67C35E2B6BC3522B6FC3462B73C3B8
S315900393503A2B77C32E2B7BC3222B7FC3162B83C328
S315900393600A2B87C3FF2A8CC3F32A90C3E72A94C395
S31590039370DB2A98C3CF2A9CC3C32AA0C3B72AA5C303
S31590039380AC2AA9C3A02AADC3942AB1C3882AB5C36C
S315900393907C2ABAC3702ABEC3652AC2C3592AC6C3D6
S315900393A04D2ACAC3412ACFC3352AD3C3292AD7C341
S315900393B01E2ADCC3122AE0C3062AE4C3FA29E9C3A8
S315900393C0EE29EDC3E329F1C3D729F6C3CB29FAC313
S315900393D0BF29FEC3B42903C4A82907C49C290BC477
S315900393E0902910C4842914C4792919C46D291DC4DC
S315900393F0612922C4552926C44A292AC43E292FC441
S31590039400322933C4262938C41B293CC40F2941C4A5
S31590039410032945C4F7284AC4EC284EC4E02853C40C
S31590039420D42857C4C9285CC4BD2861C4B12865C46F
S31590039430A5286AC49A286EC48E2873C4822878C4D1
S3159003944077287CC46B2881C45F2885C454288AC432
S3159003945048288FC43C2893C4312898C425289DC492
S315900394601928A1C40E28A6C40228ABC4F627B0C4F3
S31590039470EB27B4C4DF27B9C4D327BEC4C827C2C455
S31590039480BC27C7C4B127CCC4A527D1C49927D6C4B2
S315900394908E27DAC48227DFC47727E4C46B27E9C40F
S315900394A05F27EEC45427F2C44827F7C43D27FCC46C
S315900394B0312701C5252706C51A270BC50E2710C5C3
S315900394C0032715C5F7261AC5EC261EC5E02623C520
S315900394D0D42628C5C9262DC5BD2632C5B22637C57D
S315900394E0A6263CC59B2641C58F2646C584264BC5D5
S315900394F0782650C56D2655C561265AC556265FC52D
S315900395004A2664C53F2669C533266EC5282673C584
S315900395101C2678C511267EC5052683C5FA2588C5DA
S31590039520EE258DC5E32592C5D72597C5CC259CC534
S31590039530C025A1C5B525A7C5A925ACC59E25B1C589
S315900395409225B6C58725BBC57C25C1C57025C6C5DD
S315900395506525CBC55925D0C54E25D5C54225DBC531
S315900395603725E0C52C25E5C52025EAC51525F0C583
S315900395700925F5C5FE24FAC5F32400C6E72405C6D6
S31590039580DC240AC6D02410C6C52415C6BA241AC626
S31590039590AE2420C6A32425C698242AC68C2430C676
S315900395A0812435C676243BC66A2440C65F2445C6C5
S315900395B054244BC6482450C63D2456C632245BC613
S315900395C0262461C61B2466C610246CC6042471C661
S315900395D0F92377C6EE237CC6E22382C6D72387C6B2
S315900395E0CC238DC6C12392C6B52398C6AA239DC6FE
S315900395F09F23A3C69423A8C68823AEC67D23B4C649
S315900396007223B9C66723BFC65B23C5C65023CAC692
S315900396104523D0C63A23D5C62E23DBC62323E1C6DC
S315900396201823E6C60D23ECC60123F2C6F622F7C627
S31590039630EB22FDC6E02203C7D52209C7CA220EC76D
S31590039640BE2214C7B3221AC7A82220C79D2225C7B4
S3159003965092222BC7872231C77B2237C770223DC7F9
S31590039660652242C75A2248C74F224EC7442254C73F
S3159003967039225AC72D225FC7222265C717226BC785
S315900396800C2271C7012277C7F6217DC7EB2183C7C9
S31590039690E02189C7D5218FC7CA2195C7BE219AC70D
S315900396A0B321A0C7A821A6C79D21ACC79221B2C753
S315900396B08721B8C77C21BEC77121C4C76621CAC793
S315900396C05B21D0C75021D6C74521DCC73A21E2C7D3
S315900396D02F21E8C72421EEC71921F5C70E21FBC711
S315900396E0032101C8F82007C8ED200DC8E22013C84E
S315900396F0D72019C8CC201FC8C12025C8B6202BC88F
S31590039700AB2032C8A02038C895203EC88A2044C8CA
S315900397107F204AC8742050C8692057C85E205DC808
S31590039720542063C8492069C83E2070C8332076C840
S3159003973028207CC81D2082C8122089C807208FC87C
S31590039740FC1F95C8F11F9BC8E71FA2C8DC1FA8C8BA
S31590039750D11FAEC8C61FB5C8BB1FBBC8B01FC1C8F3
S31590039760A51FC8C89B1FCEC8901FD4C8851FDBC82A
S315900397707A1FE1C86F1FE8C8651FEEC85A1FF4C861
S315900397804F1FFBC8441F01C9391F08C92F1F0EC994
S31590039790241F15C9191F1BC90E1F21C9031F28C9C9
S315900397A0F91E2EC9EE1E35C9E31E3BC9D81E42C902
S315900397B0CE1E48C9C31E4FC9B81E55C9AD1E5CC936
S315900397C0A31E63C9981E69C98D1E70C9831E76C967
S315900397D0781E7DC96D1E83C9621E8AC9581E91C99A
S315900397E04D1E97C9421E9EC9381EA4C92D1EABC9CC
S315900397F0221EB2C9181EB8C90D1EBFC9021EC6C9FC
S31590039800F81DCCC9ED1DD3C9E21DDAC9D81DE0C92F
S31590039810CD1DE7C9C31DEEC9B81DF5C9AD1DFBC95D
S31590039820A31D02CA981D09CA8E1D10CA831D16CA86
S31590039830781D1DCA6E1D24CA631D2BCA591D32CAB3
S315900398404E1D38CA441D3FCA391D46CA2E1D4DCAE0
S31590039850241D54CA191D5BCA0F1D61CA041D68CA0B
S31590039860FA1C6FCAEF1C76CAE51C7DCADA1C84CA39
S31590039870D01C8BCAC51C92CABB1C99CAB01C9FCA62
S31590039880A61CA6CA9B1CADCA911CB4CA861CBBCA8D
S315900398907C1CC2CA721CC9CA671CD0CA5D1CD7CAB3
S315900398A0521CDECA481CE5CA3D1CECCA331CF3CADB
S315900398B0291CFACA1E1C01CB141C08CB091C0FCBFE
S315900398C0FF1B16CBF51B1ECBEA1B25CBE01B2CCB24
S315900398D0D51B33CBCB1B3ACBC11B41CBB61B48CB4A
S315900398E0AC1B4FCBA21B56CB971B5ECB8D1B65CB6D
S315900398F0831B6CCB781B73CB6E1B7ACB641B81CB90
S31590039900591B89CB4F1B90CB451B97CB3B1B9ECBB0
S31590039910301BA5CB261BADCB1C1BB4CB111BBBCBD2
S31590039920071BC2CBFD1ACACBF31AD1CBE81AD8CBF5
S31590039930DE1AE0CBD41AE7CBCA1AEECBBF1AF5CB15
S31590039940B51AFDCBAB1A04CCA11A0BCC971A13CC30
S315900399508C1A1ACC821A21CC781A29CC6E1A30CC4E
S31590039960641A38CC5A1A3FCC4F1A46CC451A4ECC69
S315900399703B1A55CC311A5DCC271A64CC1D1A6BCC85
S31590039980131A73CC081A7ACCFE1982CCF41989CCA3
S31590039990EA1991CCE01998CCD619A0CCCC19A7CCBE
S315900399A0C219AFCCB819B6CCAE19BECCA419C5CCD6
S315900399B09A19CDCC8F19D4CC8519DCCC7B19E3CCF1
S315900399C07119EBCC6719F3CC5D19FACC531902CD07
S315900399D0491909CD3F1911CD351919CD2B1920CD1B
S315900399E0211928CD171930CD0D1937CD03193FCD30
S315900399F0F91846CDEF184ECDE61856CDDC185DCD49
S31590039A00D21865CDC8186DCDBE1875CDB4187CCD5A
S31590039A10AA1884CDA0188CCD961893CD8C189BCD6F
S31590039A208218A3CD7818ABCD6F18B2CD6518BACD81
S31590039A305B18C2CD5118CACD4718D2CD3D18D9CD92
S31590039A403318E1CD2A18E9CD2018F1CD1618F9CDA2
S31590039A500C1801CE021808CEF81710CEEF1718CEB1
S31590039A60E51720CEDB1728CED11730CEC81738CEC0
S31590039A70BE1740CEB41747CEAA174FCEA01757CED0
S31590039A8097175FCE8D1767CE83176FCE7A1777CEDC
S31590039A9070177FCE661787CE5C178FCE531797CEE8
S31590039AA049179FCE3F17A7CE3617AFCE2C17B7CEF3
S31590039AB02217BFCE1917C7CE0F17CFCE0517D7CEFE
S31590039AC0FC16DFCEF216E7CEE816EFCEDF16F7CE0C
S31590039AD0D516FFCECB1607CFC21610CFB81618CF12
S31590039AE0AF1620CFA51628CF9B1630CF921638CF18
S31590039AF0881640CF7F1648CF751651CF6C1659CF1F
S31590039B00621661CF591669CF4F1671CF451679CF25
S31590039B103C1682CF32168ACF291692CF1F169ACF2A
S31590039B201616A3CF0C16ABCF0316B3CFF915BBCF2F
S31590039B30F015C4CFE615CCCFDD15D4CFD415DCCF35
S31590039B40CA15E5CFC115EDCFB715F5CFAE15FECF37
S31590039B50A41506D09B150ED0921516D088151FD036
S31590039B607F1527D0751530D06C1538D0631540D036
S31590039B70591549D0501551D0471559D03D1562D036
S31590039B8034156AD02A1573D021157BD0181583D036
S31590039B900E158CD0051594D0FC149DD0F314A5D036
S31590039BA0E914AED0E014B6D0D714BFD0CD14C7D035
S31590039BB0C414D0D0BB14D8D0B214E0D0A814E9D032
S31590039BC09F14F2D09614FAD08D1403D183140BD12B
S31590039BD07A1414D171141CD1681425D15F142DD124
S31590039BE0551436D14C143ED1431447D13A1450D11F
S31590039BF0311458D1281461D11E1469D1151472D118
S31590039C000C147BD1031483D1FA138CD1F11395D110
S31590039C10E8139DD1DF13A6D1D513AFD1CC13B7D10A
S31590039C20C313C0D1BA13C9D1B113D1D1A813DAD101
S31590039C309F13E3D19613EBD18D13F4D18413FDD1F6
S31590039C407B1306D272130ED2691317D2601320D2E6
S31590039C50571329D24E1331D245133AD23C1343D2DA
S31590039C6033134CD22A1355D221135DD2181366D2CD
S31590039C700F136FD2061378D2FD1281D2F4128AD2C1
S31590039C80EB1292D2E2129BD2D912A4D2D112ADD2B6
S31590039C90C812B6D2BF12BFD2B612C8D2AD12D1D2A3
S31590039CA0A412D9D29B12E2D29212EBD28A12F4D296
S31590039CB08112FDD2781206D36F120FD3661218D380
S31590039CC05D1221D355122AD34C1233D343123CD36C
S31590039CD03A1245D331124ED3291257D3201260D359
S31590039CE0171269D30E1272D306127BD3FD1184D346
S31590039CF0F4118DD3EB1196D3E3119FD3DA11A8D335
S31590039D00D111B1D3C911BAD3C011C3D3B711CCD31F
S31590039D10AF11D5D3A611DFD39D11E8D39511F1D306
S31590039D208C11FAD3831103D47B110CD4721115D4ED
S31590039D3069111ED4611128D4581131D450113AD4D3
S31590039D40471143D43E114CD4361155D42D115FD4BB
S31590039D50251168D41C1171D414117AD40B1183D4A0
S31590039D6003118DD4FA1096D4F2109FD4E910A8D487
S31590039D70E010B2D4D810BBD4D010C4D4C710CDD46D
S31590039D80BF10D7D4B610E0D4AE10E9D4A510F3D44F
S31590039D909D10FCD4941005D58C100ED5831018D530
S31590039DA07B1021D573102AD56A1034D562103DD510
S31590039DB0591047D5511050D5491059D5401063D5F0
S31590039DC038106CD5301075D527107FD51F1088D5D0
S31590039DD0161092D50E109BD50610A4D5FE0FAED5B0
S31590039DE0F50FB7D5ED0FC1D5E50FCAD5DC0FD4D591
S31590039DF0D40FDDD5CC0FE6D5C40FF0D5BB0FF9D56F
S31590039E00B30F03D6AB0F0CD6A30F16D69A0F1FD646
S31590039E10920F29D68A0F32D6820F3CD6790F45D622
S31590039E20710F4FD6690F59D6610F62D6590F6CD6FB
S31590039E30510F75D6480F7FD6400F88D6380F92D6D6
S31590039E40300F9BD6280FA5D6200FAFD6180FB8D6AE
S31590039E50100FC2D6070FCBD6FF0ED5D6F70EDFD689
S31590039E60EF0EE8D6E70EF2D6DF0EFCD6D70E05D761
S31590039E70CF0E0FD7C70E19D7BF0E22D7B70E2CD733
S31590039E80AF0E36D7A70E3FD79F0E49D7970E53D708
S31590039E908F0E5CD7870E66D77F0E70D7770E7AD7DD
S31590039EA06F0E83D7670E8DD75F0E97D7570EA0D7B2
S31590039EB04F0EAAD7470EB4D7400EBED7380EC8D783
S31590039EC0300ED1D7280EDBD7200EE5D7180EEFD755
S31590039ED0100EF8D7080E02D8010E0CD8F90D16D825
S31590039EE0F10D20D8E90D2AD8E10D33D8D90D3DD8F7
S31590039EF0D20D47D8CA0D51D8C20D5BD8BA0D65D8C5
S31590039F00B20D6FD8AB0D78D8A30D82D89B0D8CD894
S31590039F10930D96D88C0DA0D8840DAAD87C0DB4D861
S31590039F20750DBED86D0DC8D8650DD2D85D0DDCD82C
S31590039F30560DE6D84E0DEFD8460DF9D83F0D03D9F9
S31590039F40370D0DD9300D17D9280D21D9200D2BD9C1
S31590039F50190D35D9110D3FD9090D49D9020D53D98B
S31590039F60FA0C5DD9F30C67D9EB0C71D9E30C7BD959
S31590039F70DC0C85D9D40C8FD9CD0C9AD9C50CA4D920
S31590039F80BE0CAED9B60CB8D9AF0CC2D9A70CCCD9E6
S31590039F90A00CD6D9980CE0D9910CEAD9890CF4D9AE
S31590039FA0820CFED97A0C08DA730C13DA6B0C1DDA71
S31590039FB0640C27DA5D0C31DA550C3BDA4E0C45DA34
S31590039FC0460C4FDA3F0C5ADA380C64DA300C6EDAF8
S31590039FD0290C78DA210C82DA1A0C8CDA130C97DABC
S31590039FE00B0CA1DA040CABDAFD0BB5DAF50BBFDA81
S31590039FF0EE0BCADAE70BD4DAE00BDEDAD80BE8DA43
S3159003A000D10BF3DACA0BFDDAC20B07DBBB0B11DB01
S3159003A010B40B1CDBAD0B26DBA50B30DB9E0B3BDBBE
S3159003A020970B45DB900B4FDB890B59DB810B64DB7D
S3159003A0307A0B6EDB730B78DB6C0B83DB650B8DDB3B
S3159003A0405E0B97DB560BA2DB4F0BACDB480BB6DBF9
S3159003A050410BC1DB3A0BCBDB330BD5DB2C0BE0DBB4
S3159003A060250BEADB1E0BF5DB160BFFDB0F0B09DC6F
S3159003A070080B14DC010B1EDCFA0A29DCF30A33DC29
S3159003A080EC0A3DDCE50A48DCDE0A52DCD70A5DDCE5
S3159003A090D00A67DCC90A72DCC20A7CDCBB0A86DC9E
S3159003A0A0B40A91DCAD0A9BDCA60AA6DC9F0AB0DC57
S3159003A0B0990ABBDC920AC5DC8B0AD0DC840ADADC0B
S3159003A0C07D0AE5DC760AEFDC6F0AFADC680A04DDC2
S3159003A0D0610A0FDD5B0A19DD540A24DD4D0A2EDD74
S3159003A0E0460A39DD3F0A44DD380A4EDD320A59DD28
S3159003A0F02B0A63DD240A6EDD1D0A78DD160A83DDDD
S3159003A100100A8EDD090A98DD020AA3DDFB09ADDD8F
S3159003A110F509B8DDEE09C3DDE709CDDDE009D8DD44
S3159003A120DA09E2DDD309EDDDCC09F8DDC60902DEF5
S3159003A130BF090DDEB80918DEB20922DEAB092DDEA2
S3159003A140A40938DE9E0942DE97094DDE910958DE51
S3159003A1508A0962DE83096DDE7D0978DE760983DE00
S3159003A16070098DDE690998DE6309A3DE5C09ADDEAD
S3159003A1705509B8DE4F09C3DE4809CEDE4209D8DE5B
S3159003A1803B09E3DE3509EEDE2E09F9DE280903DF06
S3159003A19021090EDF1B0919DF150924DF0E092FDFAD
S3159003A1A0080939DF010944DFFB084FDFF4085ADF5A
S3159003A1B0EE0865DFE8086FDFE1087ADFDB0885DF05
S3159003A1C0D40890DFCE089BDFC808A5DFC108B0DFAF
S3159003A1D0BB08BBDFB508C6DFAE08D1DFA808DCDF56
S3159003A1E0A208E7DF9B08F1DF9508FCDF8F0807E0FD
S3159003A1F0890812E082081DE07C0828E0760833E09F
S3159003A20070083EE0690849E0630854E05D085EE043
S3159003A210570869E0500874E04A087FE044088AE0EA
S3159003A2203E0895E03808A0E03208ABE02B08B6E08C
S3159003A2302508C1E01F08CCE01908D7E01308E2E02F
S3159003A2400D08EDE00708F8E0010803E1FB070EE1CE
S3159003A250F50719E1EE0724E1E8072FE1E2073AE172
S3159003A260DC0745E1D60750E1D0075BE1CA0766E113
S3159003A270C40771E1BE077CE1B80787E1B20792E1B3
S3159003A280AC079DE1A607A8E1A007B3E19A07BEE153
S3159003A2909507CAE18F07D5E18907E0E18307EBE1EB
S3159003A2A07D07F6E1770701E271070CE26B0717E288
S3159003A2B0650722E25F072DE25A0739E2540744E223
S3159003A2C04E074FE248075AE2420765E23D0770E2BE
S3159003A2D037077BE2310787E22B0792E225079DE258
S3159003A2E02007A8E21A07B3E21407BEE20E07CAE2F2
S3159003A2F00907D5E20307E0E2FD06EBE2F706F6E28D
S3159003A300F20601E3EC060DE3E60618E3E10623E322
S3159003A310DB062EE3D5063AE3D00645E3CA0650E3B9
S3159003A320C5065BE3BF0667E3B90672E3B4067DE34E
S3159003A330AE0688E3A80694E3A3069FE39D06AAE3E5
S3159003A3409806B5E39206C1E38D06CCE38706D7E379
S3159003A3508206E2E37C06EEE37706F9E3710604E40C
S3159003A3606C0610E466061BE4610626E45B0632E49B
S3159003A37056063DE4500648E44B0654E445065FE42E
S3159003A38040066AE43B0676E4350681E430068CE4BF
S3159003A3902A0698E42506A3E42006AEE41A06BAE450
S3159003A3A01506C5E41006D0E40A06DCE40506E7E4E0
S3159003A3B00006F3E4FA05FEE4F50509E5F00515E56F
S3159003A3C0EA0520E5E5052CE5E00537E5DB0542E5FD
S3159003A3D0D5054EE5D00559E5CB0565E5C60570E58A
S3159003A3E0C1057CE5BB0587E5B60592E5B1059EE516
S3159003A3F0AC05A9E5A705B5E5A105C0E59C05CCE5A2
S3159003A4009705D7E59205E3E58D05EEE58805FAE52B
S3159003A410830505E67E0511E678051CE6730528E6B1
S3159003A4206E0533E669053FE664054AE65F0556E63B
S3159003A4305A0561E655056DE6500578E64B0584E6C3
S3159003A44046058FE641059BE63C05A6E63705B2E64B
S3159003A4503205BDE62D05C9E62805D4E62305E0E6D3
S3159003A4601E05ECE61A05F7E6150503E710050EE754
S3159003A4700B051AE7060525E7010531E7FC043DE7D9
S3159003A480F70448E7F20454E7EE045FE7E9046BE761
S3159003A490E40477E7DF0482E7DA048EE7D60499E7E4
S3159003A4A0D104A5E7CC04B1E7C704BCE7C204C8E767
S3159003A4B0BE04D3E7B904DFE7B404EBE7B004F6E7E9
S3159003A4C0AB0402E8A6040EE8A10419E89D0425E866
S3159003A4D0980431E893043CE88F0448E88A0454E8E6
S3159003A4E085045FE881046BE87C0477E8780482E866
S3159003A4F073048EE86E049AE86A04A5E86504B1E8E5
S3159003A5006104BDE85C04C9E85704D4E85304E0E861
S3159003A5104E04ECE84A04F7E8450403E941040FE9DD
S3159003A5203C041BE9380426E9330432E92F043EE957
S3159003A5302A044AE9260455E9220461E91D046DE9D2
S3159003A540190479E9140484E9100490E90B049CE94D
S3159003A5500704A8E90304B4E9FE03BFE9FA03CBE9C8
S3159003A560F603D7E9F103E3E9ED03EEE9E903FAE943
S3159003A570E40306EAE00312EADC031EEAD70329EAB8
S3159003A580D30335EACF0341EACA034DEAC60359EA30
S3159003A590C20365EABE0370EABA037CEAB50388EAA6
S3159003A5A0B10394EAAD03A0EAA903ACEAA503B7EA1B
S3159003A5B0A003C3EA9C03CFEA9803DBEA9403E7EA92
S3159003A5C09003F3EA8C03FFEA87030AEB830316EB04
S3159003A5D07F0322EB7B032EEB77033AEB730346EB76
S3159003A5E06F0352EB6B035EEB67036AEB630375EBE7
S3159003A5F05F0381EB5B038DEB570399EB5303A5EB5A
S3159003A6004F03B1EB4B03BDEB4703C9EB4303D5EBC9
S3159003A6103F03E1EB3B03EDEB3703F9EB330305EC38
S3159003A6202F0310EC2B031CEC270328EC230334ECA9
S3159003A630200340EC1C034CEC180358EC140364EC15
S3159003A640100370EC0C037CEC080388EC050394EC84
S3159003A6500103A0ECFD02ACECF902B8ECF502C4ECF4
S3159003A660F202D0ECEE02DCECEA02E8ECE602F4EC61
S3159003A670E30200EDDF020CEDDB0218EDD80224EDC8
S3159003A680D40230EDD0023CEDCC0248EDC90254ED34
S3159003A690C50260EDC1026CEDBE0278EDBA0284ED9F
S3159003A6A0B70290EDB3029CEDAF02A8EDAC02B4ED08
S3159003A6B0A802C0EDA502CCEDA102D8ED9D02E4ED72
S3159003A6C09A02F0ED9602FCED930209EE8F0215EED7
S3159003A6D08C0221EE88022DEE850239EE810245EE3B
S3159003A6E07E0251EE7A025DEE770269EE730275EEA3
S3159003A6F0700281EE6D028DEE690299EE6602A6EE08
S3159003A7006202B2EE5F02BEEE5C02CAEE5802D6EE6B
S3159003A7105502E2EE5102EEEE4E02FAEE4B0206EFD0
S3159003A720470213EF44021FEF41022BEF3E0237EF2E
S3159003A7303A0243EF37024FEF34025BEF300267EF93
S3159003A7402D0274EF2A0280EF27028CEF230298EFF3
S3159003A7502002A4EF1D02B0EF1A02BCEF1702C9EF55
S3159003A7601302D5EF1002E1EF0D02EDEF0A02F9EFB6
S3159003A770070205F0040212F001021EF0FD012AF011
S3159003A780FA0136F0F70142F0F4014EF0F1015BF075
S3159003A790EE0167F0EB0173F0E8017FF0E5018BF0D2
S3159003A7A0E20198F0DF01A4F0DC01B0F0D901BCF02E
S3159003A7B0D601C8F0D301D5F0D001E1F0CD01EDF08B
S3159003A7C0CA01F9F0C70105F1C40112F1C1011EF1E5
S3159003A7D0BE012AF1BB0136F1B80143F1B6014FF13F
S3159003A7E0B3015BF1B00167F1AD0174F1AA0180F198
S3159003A7F0A7018CF1A40198F1A201A4F19F01B1F1F3
S3159003A8009C01BDF19901C9F19601D5F19401E2F14B
S3159003A8109101EEF18E01FAF18B0107F2890113F2A0
S3159003A82086011FF283012BF2800138F27E0144F2F6
S3159003A8307B0150F278015CF2760169F2730175F24D
S3159003A840700181F26E018EF26B019AF26801A6F2A3
S3159003A8506601B2F26301BFF26101CBF25E01D7F2F8
S3159003A8605B01E4F25901F0F25601FCF2540108F34C
S3159003A870510115F34F0121F34C012DF34A013AF39C
S3159003A880470146F3450152F342015FF340016BF3EF
S3159003A8903D0177F33B0184F3380190F336019CF342
S3159003A8A03401A9F33101B5F32F01C1F32C01CEF392
S3159003A8B02A01DAF32801E6F32501F3F32301FFF3E3
S3159003A8C020010BF41E0118F41C0124F4190130F431
S3159003A8D017013DF4150149F4130155F4100162F47F
S3159003A8E00E016EF40C017BF4090187F4070193F4CE
S3159003A8F00501A0F40301ACF40001B8F4FE00C5F41D
S3159003A900FC00D1F4FA00DDF4F800EAF4F600F6F46C
S3159003A910F30003F5F1000FF5EF001BF5ED0028F5B5
S3159003A920EB0034F5E90040F5E7004DF5E40059F501
S3159003A930E20066F5E00072F5DE007EF5DC008BF54D
S3159003A940DA0097F5D800A4F5D600B0F5D400BCF597
S3159003A950D200C9F5D000D5F5CE00E2F5CC00EEF5E0
S3159003A960CA00FAF5C80007F6C60013F6C40020F627
S3159003A970C2002CF6C00039F6BE0045F6BD0051F66E
S3159003A980BB005EF6B9006AF6B70077F6B50083F6B4
S3159003A990B30090F6B1009CF6AF00A8F6AE00B5F6FC
S3159003A9A0AC00C1F6AA00CEF6A800DAF6A600E7F642
S3159003A9B0A500F3F6A300FFF6A1000CF79F0018F786
S3159003A9C09E0025F79C0031F79A003EF798004AF7C8
S3159003A9D0970057F7950063F793006FF792007CF70C
S3159003A9E0900088F78E0095F78D00A1F78B00AEF750
S3159003A9F08900BAF78800C7F78600D3F78500E0F792
S3159003AA008300ECF78100F9F7800005F87E0011F8D2
S3159003AA107D001EF87B002AF87A0037F8780043F811
S3159003AA20770050F875005CF8740069F8720075F851
S3159003AA30710082F86F008EF86E009BF86C00A7F891
S3159003AA406B00B4F86900C0F86800CDF86700D9F8D0
S3159003AA506500E6F86400F2F86200FFF861000BF90E
S3159003AA60600018F95E0024F95D0031F95C003DF948
S3159003AA705A004AF9590056F9580063F956006FF986
S3159003AA8055007CF9540088F9530095F95100A1F9C2
S3159003AA905000AEF94F00BAF94E00C7F94C00D3F9FE
S3159003AAA04B00E0F94A00ECF94900F9F9480005FA38
S3159003AAB0470012FA45001EFA44002BFA430037FA70
S3159003AAC0420044FA410050FA40005DFA3F0069FAA9
S3159003AAD03D0076FA3C0082FA3B008FFA3A009BFAE5
S3159003AAE03900A8FA3800B4FA3700C1FA3600CDFA1D
S3159003AAF03500DAFA3400E6FA3300F3FA320000FB53
S3159003AB0031000CFB300019FB2F0025FB2E0032FB86
S3159003AB102D003EFB2C004BFB2B0057FB2B0064FBBD
S3159003AB202A0070FB29007DFB280089FB270096FBF2
S3159003AB302600A2FB2500AFFB2400BCFB2400C8FB28
S3159003AB402300D5FB2200E1FB2100EEFB2000FAFB5C
S3159003AB50200007FC1F0013FC1E0020FC1D002CFC8C
S3159003AB601D0039FC1C0045FC1B0052FC1A005FFCBF
S3159003AB701A006BFC190078FC180084FC180091FCF1
S3159003AB8017009DFC1600AAFC1600B6FC1500C3FC24
S3159003AB901400D0FC1400DCFC1300E9FC1300F5FC54
S3159003ABA0120002FD11000EFD11001BFD100027FD82
S3159003ABB0100034FD0F0040FD0F004DFD0E005AFDB1
S3159003ABC00E0066FD0D0073FD0D007FFD0C008CFDE0
S3159003ABD00C0098FD0B00A5FD0B00B2FD0A00BEFD0F
S3159003ABE00A00CBFD0900D7FD0900E4FD0900F0FD3D
S3159003ABF00800FDFD080009FE070016FE070023FE68
S3159003AC0007002FFE06003CFE060048FE060055FE92
S3159003AC10050061FE05006EFE05007AFE040087FEC0
S3159003AC20040094FE0400A0FE0400ADFE0300B9FEEA
S3159003AC300300C6FE0300D2FE0300DFFE0200ECFE15
S3159003AC400200F8FE020005FF020011FF02001EFF3C
S3159003AC5001002AFF010037FF010044FF010050FF66
S3159003AC6001005DFF010069FF010076FF000082FF8E
S3159003AC7000008FFF00009BFF0000A8FF0000B5FFB8
S3159003AC800000C1FF0000CEFF0000DAFF0000E7FFDF
S3159003AC900000F3FF0000000000000D000000190003
S3159003ACA0000026000000320000003F0000004B0029
S3159003ACB000005800000065000000710000007E004F
S3159003ACC001008A00010097000100A3000100B00073
S3159003ACD00100BC000100C9000100D6000200E20099
S3159003ACE00200EF000200FB000200080102001401BB
S3159003ACF00300210103002E0103003A0103004701DB
S3159003AD00040053010400600104006C0104007901FE
S3159003AD10050086010500920105009F010600AB011F
S3159003AD200600B8010600C4010700D1010700DD0142
S3159003AD300700EA010800F701080003020900100260
S3159003AD4009001C02090029020A0035020A00420280
S3159003AD500B004E020B005B020C0068020C0074029F
S3159003AD600D0081020D008D020E009A020E00A602BE
S3159003AD700F00B3020F00C0021000CC021000D902DC
S3159003AD801100E5021100F2021200FE0213000B03FA
S3159003AD9013001703140024031400300315003D0316
S3159003ADA016004A03160056031700630318006F0331
S3159003ADB018007C03190088031A0095031A00A1034F
S3159003ADC01B00AE031C00BB031D00C7031D00D40369
S3159003ADD01E00E0031F00ED032000F9032000060484
S3159003ADE02100120422001F0423002B04240038049C
S3159003ADF0240044042500510426005E0427006A04B7
S3159003AE0028007704290083042A0090042B009C04CD
S3159003AE102B00A9042C00B5042D00C2042E00CE04E9
S3159003AE202F00DB043000E7043100F4043200000500
S3159003AE3033000D0534001A05350026053600330513
S3159003AE4037003F0538004C05390058053A0065052B
S3159003AE503B0071053C007E053D008A053F00970542
S3159003AE604000A3054100B0054200BC054300C90557
S3159003AE704400D5054500E2054700EE054800FB056D
S3159003AE80490007064A0014064B0020064C002D067F
S3159003AE904E0039064F0046065000520651005F0693
S3159003AEA053006B06540078065500840656009106A7
S3159003AEB058009D065900AA065A00B6065C00C306BA
S3159003AEC05D00CF065E00DC066000E8066100F506CD
S3159003AED06200010764000E0765001A0767002707DB
S3159003AEE068003307690040076B004C076C005907ED
S3159003AEF06E0065076F00720771007E0772008B07FD
S3159003AF00740097077500A4077700B0077800BD070C
S3159003AF107A00C9077B00D6077D00E2077E00EF071C
S3159003AF208000FB078100070883001408850020082A
S3159003AF3086002D0888003908890046088B00520838
S3159003AF408D005F088E006B08900078089200840845
S3159003AF509300910895009D089700A9089800B60854
S3159003AF609A00C2089C00CF089E00DB089F00E80861
S3159003AF70A100F408A3000109A5000D09A60019096B
S3159003AF80A8002609AA003209AC003F09AE004B0976
S3159003AF90AF005809B1006409B3007009B5007D0983
S3159003AFA0B7008909B9009609BB00A209BD00AF098C
S3159003AFB0BE00BB09C000C709C200D409C400E0099A
S3159003AFC0C600ED09C800F909CA00060ACC00120AA0
S3159003AFD0CE001E0AD0002B0AD200370AD400440AA8
S3159003AFE0D600500AD8005C0ADA00690ADC00750AB2
S3159003AFF0DE00820AE0008E0AE2009A0AE400A70ABB
S3159003B000E700B30AE900C00AEB00CC0AED00D80AC0
S3159003B010EF00E50AF100F10AF300FD0AF6000A0BC8
S3159003B020F800160BFA00230BFC002F0BFE003B0BCC
S3159003B0300001480B0301540B0501600B07016D0BCF
S3159003B0400901790B0C01850B0E01920B10019E0BD6
S3159003B0501301AB0B1501B70B1701C30B1901D00BDA
S3159003B0601C01DC0B1E01E80B2001F50B2301010CDF
S3159003B07025010D0C28011A0C2A01260C2C01320CE1
S3159003B0802F013F0C31014B0C3401570C3601640CE4
S3159003B0903801700C3B017C0C3D01890C4001950CE9
S3159003B0A04201A10C4501AE0C4701BA0C4A01C60CEC
S3159003B0B04C01D30C4F01DF0C5101EB0C5401F80CEE
S3159003B0C05601040D5901100D5B011C0D5E01290DEE
S3159003B0D06101350D6301410D66014E0D68015A0DEF
S3159003B0E06B01660D6E01720D70017F0D73018B0DF1
S3159003B0F07601970D7801A40D7B01B00D7E01BC0DF1
S3159003B1008001C80D8301D50D8601E10D8901ED0DF1
S3159003B1108B01F90D8E01060E9101120E94011E0EEE
S3159003B12096012B0E9901370E9C01430E9F014F0EEC
S3159003B130A2015C0EA401680EA701740EAA01800EEB
S3159003B140AD018C0EB001990EB301A50EB601B10EE9
S3159003B150B801BD0EBB01CA0EBE01D60EC101E20EE9
S3159003B160C401EE0EC701FB0ECA01070FCD01130FE3
S3159003B170D0011F0FD3012B0FD601380FD901440FDE
S3159003B180DC01500FDF015C0FE201680FE501750FDB
S3159003B190E801810FEB018D0FEE01990FF101A50FD8
S3159003B1A0F401B20FF701BE0FFA01CA0FFD01D60FD4
S3159003B1B00102E20F0402EE0F0702FB0F0A020710C9
S3159003B1C00D02131010021F1013022B1017023710C3
S3159003B1D01A0244101D02501020025C1023026810BC
S3159003B1E0270274102A0280102D028C1030029910B7
S3159003B1F03402A5103702B1103A02BD103E02C910AF
S3159003B2004102D5104402E1104702ED104B02FA10A9
S3159003B2104E0206115102121155021E1158022A119D
S3159003B2205C0236115F02421162024E1166025A1196
S3159003B230690267116D02731170027F1173028B118C
S3159003B240770297117A02A3117E02AF118102BB1185
S3159003B2508502C7118802D3118C02DF118F02EB117D
S3159003B2609302F711960204129A0210129D021C126F
S3159003B270A1022812A5023412A8024012AC024C1263
S3159003B280AF025812B3026412B7027012BA027C125A
S3159003B290BE028812C1029412C502A012C902AC1250
S3159003B2A0CC02B812D002C412D402D012D802DC1245
S3159003B2B0DB02E812DF02F412E3020013E6020C1338
S3159003B2C0EA021813EE022413F2023013F5023C132A
S3159003B2D0F9024813FD0254130103601305036C131B
S3159003B2E0080378130C0384131003901314039C130D
S3159003B2F01803A8131C03B4132003C0132303CC13FE
S3159003B3002703D8132B03E4132F03F0133303FB13F1
S3159003B310370307143B0313143F031F1443032B14E0
S3159003B320470337144B0343144F034F1453035B14D0
S3159003B330570367145B0373145F037F1463038B14C0
S3159003B340670396146B03A2146F03AE147303BA14B4
S3159003B3507703C6147B03D2147F03DE148303EA14A4
S3159003B3608703F6148C03011590030D159403191591
S3159003B370980325159C033115A0033D15A50349157F
S3159003B380A9035415AD036015B1036C15B503781570
S3159003B390BA038415BE039015C2039B15C603A7155E
S3159003B3A0CA03B315CF03BF15D303CB15D703D7154D
S3159003B3B0DC03E215E003EE15E403FA15E90306163A
S3159003B3C0ED031216F1031D16F6032916FA03351625
S3159003B3D0FE03411603044C16070458160B04641611
S3159003B3E01004701614047C16190487161D049316FC
S3159003B3F022049F162604AB162A04B6162F04C216E9
S3159003B4003304CE163804DA163C04E5164104F116D5
S3159003B4104504FD164A0409174E04141753042017BE
S3159003B42057042C175C0437176104431765044F17A9
S3159003B4306A045B176E0466177304721778047E1793
S3159003B4407C048917810495178504A1178A04AC1780
S3159003B4508F04B8179304C4179804CF179D04DB176A
S3159003B460A104E717A604F217AB04FE17B0040A1853
S3159003B470B4041518B9042118BE042D18C20438183B
S3159003B480C7044418CC044F18D1045B18D604671824
S3159003B490DA047218DF047E18E4048918E90495180F
S3159003B4A0EE04A118F204AC18F704B818FC04C318F8
S3159003B4B00105CF180605DB180B05E6181005F218DB
S3159003B4C01505FD181A0509191E05141923052019C2
S3159003B4D028052C192D0537193205431937054E19A9
S3159003B4E03C055A1941056519460571194B057C1991
S3159003B4F050058819550593195A059F195F05AA1979
S3159003B5006405B6196905C1196E05CD197305D81960
S3159003B5107805E4197E05EF198305FB198805061A44
S3159003B5208D05121A92051D1A9705291A9C05341A28
S3159003B530A105401AA7054B1AAC05571AB105621A0D
S3159003B540B6056E1ABB05791AC105841AC605901AF3
S3159003B550CB059B1AD005A71AD505B21ADB05BE1AD9
S3159003B560E005C91AE505D41AEA05E01AF005EB1ABF
S3159003B570F505F71AFA05021B00060D1B0506191B9E
S3159003B5800A06241B1006301B15063B1B1A06461B80
S3159003B5902006521B25065D1B2A06681B3006741B64
S3159003B5A035067F1B3B068A1B4006961B4506A11B49
S3159003B5B04B06AC1B5006B81B5606C31B5B06CE1B2D
S3159003B5C06106DA1B6606E51B6C06F01B7106FC1B0F
S3159003B5D07706071C7C06121C82061E1C8706291CEE
S3159003B5E08D06341C92063F1C98064B1C9D06561CD2
S3159003B5F0A306611CA8066C1CAE06781CB406831CB5
S3159003B600B9068E1CBF06991CC506A51CCA06B01C96
S3159003B610D006BB1CD506C61CDB06D21CE106DD1C78
S3159003B620E606E81CEC06F31CF206FF1CF7060A1D59
S3159003B630FD06151D0307201D09072B1D0E07361D35
S3159003B6401407421D1A074D1D2007581D2507631D14
S3159003B6502B076E1D3107791D3707851D3D07901DF5
S3159003B66042079B1D4807A61D4E07B11D5407BC1DD7
S3159003B6705A07C71D5F07D31D6507DE1D6B07E91DB7
S3159003B6807107F41D7707FF1D7D070A1E8307151E95
S3159003B6908907201E8F072B1E9507361E9A07421E73
S3159003B6A0A0074D1EA607581EAC07631EB2076E1E53
S3159003B6B0B807791EBE07841EC4078F1ECA079A1E33
S3159003B6C0D007A51ED607B01EDC07BB1EE207C61E13
S3159003B6D0E807D11EEE07DC1EF507E71EFB07F21EF1
S3159003B6E00108FD1E0708081F0D08131F13081E1FC8
S3159003B6F01908291F1F08341F25083F1F2B084A1FA7
S3159003B7003208551F3808601F3E086B1F4408761F82
S3159003B7104A08811F50088C1F5708971F5D08A21F60
S3159003B7206308AC1F6908B71F7008C21F7608CD1F40
S3159003B7307C08D81F8208E31F8908EE1F8F08F91F1C
S3159003B740950804209B080F20A2081920A8082420F6
S3159003B750AE082F20B5083A20BB084520C1085020D3
S3159003B760C8085B20CE086520D4087020DB087B20B0
S3159003B770E1088620E8089120EE089B20F408A6208D
S3159003B780FB08B1200109BC200809C7200E09D12066
S3159003B7901509DC201B09E7202109F2202809FD2041
S3159003B7A02E090721350912213B091D21420928211A
S3159003B7B0480932214F093D21550948215C095321F6
S3159003B7C063095D21690968217009732176097D21D1
S3159003B7D07D098821830993218A099E219109A821AC
S3159003B7E09709B3219E09BE21A409C821AB09D32188
S3159003B7F0B209DE21B809E821BF09F321C609FE2162
S3159003B800CC090822D3091322DA091E22E009282239
S3159003B810E7093322EE093D22F5094822FB09532213
S3159003B820020A5D22090A6822100A7222160A7D22EA
S3159003B8301D0A8822240A92222B0A9D22320AA722C3
S3159003B840380AB2223F0ABC22460AC7224D0AD2229E
S3159003B850540ADC225B0AE722610AF122680AFC2277
S3159003B8606F0A0623760A11237D0A1B23840A26234D
S3159003B8708B0A3023920A3B23990A45239F0A502326
S3159003B880A60A5A23AD0A6523B40A6F23BB0A7A2301
S3159003B890C20A8423C90A8E23D00A9923D70AA323DB
S3159003B8A0DE0AAE23E50AB823EC0AC323F30ACD23B3
S3159003B8B0FA0AD723010BE223080BEC230F0BF7238A
S3159003B8C0160B01241E0B0B24250B16242C0B20245C
S3159003B8D0330B2B243A0B3524410B3F24480B4A2434
S3159003B8E04F0B5424560B5E245E0B6924650B73240D
S3159003B8F06C0B7D24730B88247A0B9224810B9C24E6
S3159003B900890BA724900BB124970BBB249E0BC524BC
S3159003B910A50BD024AD0BDA24B40BE424BB0BEF2494
S3159003B920C20BF924CA0B0325D10B0D25D80B182569
S3159003B930E00B2225E70B2C25EE0B3625F50B41253F
S3159003B940FD0B4B25040C55250B0C5F25130C692514
S3159003B9501A0C7425210C7E25290C8825300C9225EA
S3159003B960380C9C253F0CA625460CB1254E0CBB25C1
S3159003B970550CC5255D0CCF25640CD9256B0CE32599
S3159003B980730CED257A0CF825820C0226890C0C266D
S3159003B990910C1626980C2026A00C2A26A70C342642
S3159003B9A0AF0C3E26B60C4826BE0C5226C50C5C261A
S3159003B9B0CD0C6626D40C7126DC0C7B26E30C8526EF
S3159003B9C0EB0C8F26F30C9926FA0CA326020DAD26C3
S3159003B9D0090DB726110DC126190DCB26200DD52697
S3159003B9E0280DDF26300DE926370DF3263F0DFD266C
S3159003B9F0460D07274E0D1127560D1A275D0D242741
S3159003BA00650D2E276D0D3827750D42277C0D4C2716
S3159003BA10840D56278C0D6027930D6A279B0D7427EB
S3159003BA20A30D7E27AB0D8827B20D9127BA0D9B27C1
S3159003BA30C20DA527CA0DAF27D20DB927D90DC32796
S3159003BA40E10DCD27E90DD627F10DE027F90DEA276C
S3159003BA50010EF427080EFE27100E0828180E11283B
S3159003BA60200E1B28280E2528300E2F28380E38280E
S3159003BA70400E4228470E4C284F0E5628570E6028E4
S3159003BA805F0E6928670E73286F0E7D28770E8628BA
S3159003BA907F0E9028870E9A288F0EA428970EAD288E
S3159003BAA09F0EB728A70EC128AF0ECA28B70ED42863
S3159003BAB0BF0EDE28C70EE728CF0EF128D70EFB2838
S3159003BAC0DF0E0429E70E0E29EF0E1829F70E21290A
S3159003BAD0FF0E2B29070F3529100F3E29180F4829DA
S3159003BAE0200F5129280F5B29300F6529380F6E29AE
S3159003BAF0400F7829480F8129510F8B29590F942983
S3159003BB00610F9E29690FA729710FB129790FBB2957
S3159003BB10820FC4298A0FCE29920FD7299A0FE1292A
S3159003BB20A30FEA29AB0FF429B30FFD29BB0F072AFD
S3159003BB30C40F102ACC0F1A2AD40F232ADC0F2C2ACF
S3159003BB40E50F362AED0F3F2AF50F492AFE0F522AA3
S3159003BB5006105C2A0E10652A16106E2A1F10782A74
S3159003BB602710812A30108B2A3810942A40109D2A48
S3159003BB704910A72A5110B02A5910B92A6210C32A1C
S3159003BB806A10CC2A7310D62A7B10DF2A8310E82AF0
S3159003BB908C10F22A9410FB2A9D10042BA5100D2BC2
S3159003BBA0AE10172BB610202BBF10292BC710332B93
S3159003BBB0D0103C2BD810452BE0104E2BE910582B68
S3159003BBC0F210612BFA106A2B0311732B0B117D2B39
S3159003BBD01411862B1C118F2B2511982B2D11A12B0C
S3159003BBE03611AB2B3E11B42B4711BD2B5011C62BDF
S3159003BBF05811CF2B6111D82B6911E22B7211EB2BB4
S3159003BC007B11F42B8311FD2B8C11062C95110F2C84
S3159003BC109D11182CA611212CAF112B2CB711342C56
S3159003BC20C0113D2CC911462CD1114F2CDA11582C29
S3159003BC30E311612CEB116A2CF411732CFD117C2CFE
S3159003BC400612852C0E128E2C1712972C2012A02CCE
S3159003BC502912A92C3112B22C3A12BB2C4312C42CA2
S3159003BC604C12CD2C5512D62C5D12DF2C6612E82C75
S3159003BC706F12F12C7812FA2C8112032D8A120C2D45
S3159003BC809212152D9B121E2DA412272DAD122F2D18
S3159003BC90B612382DBF12412DC8124A2DD112532DEB
S3159003BCA0D9125C2DE212652DEB126E2DF412762DC0
S3159003BCB0FD127F2D0613882D0F13912D18139A2D90
S3159003BCC02113A32D2A13AB2D3313B42D3C13BD2D62
S3159003BCD04513C62D4E13CF2D5713D72D6013E02D35
S3159003BCE06913E92D7213F22D7B13FA2D8413032E08
S3159003BCF08D130C2E9613152E9F131D2EA813262ED9
S3159003BD00B1132F2EBA13372EC313402ECC13492EAD
S3159003BD10D513512EDF135A2EE813632EF1136B2E80
S3159003BD20FA13742E03147D2E0C14852E15148E2E51
S3159003BD301E14972E28149F2E3114A82E3A14B02E23
S3159003BD404314B92E4C14C22E5514CA2E5F14D32EF7
S3159003BD506814DB2E7114E42E7A14EC2E8314F52ECC
S3159003BD608D14FD2E9614062F9F140E2FA814172F9D
S3159003BD70B214202FBB14282FC414302FCD14392F6F
S3159003BD80D714412FE0144A2FE914522FF3145B2F43
S3159003BD90FC14632F05156C2F0E15742F18157D2F14
S3159003BDA02115852F2A158D2F3415962F3D159E2FE8
S3159003BDB04715A72F5015AF2F5915B72F6315C02FBA
S3159003BDC06C15C82F7515D02F7F15D92F8815E12F90
S3159003BDD09215EA2F9B15F22FA415FA2FAE15023062
S3159003BDE0B7150B30C1151330CA151B30D415243033
S3159003BDF0DD152C30E6153430F0153C30F915453009
S3159003BE0003164D300C16553016165D301F166630D8
S3159003BE1029166E30321676303C167E3045168730AC
S3159003BE204F168F305916973062169F306C16A7307F
S3159003BE307516AF307F16B8308816C0309216C83054
S3159003BE409B16D030A516D830AF16E030B816E8302A
S3159003BE50C216F030CB16F930D5160131DF160931FB
S3159003BE60E8161131F2161931FC16213105172931CD
S3159003BE700F17313119173931221741312C1749319F
S3159003BE80361751313F175931491761315317693174
S3159003BE905C17713166177931701781317A17893149
S3159003BEA0831791318D1799319717A131A017A9311E
S3159003BEB0AA17B131B417B931BE17C031C817C831F3
S3159003BEC0D117D031DB17D831E517E031EF17E831C9
S3159003BED0F817F0310218F8310C18FF31161807329B
S3159003BEE020180F322A18173233181F323D1827326B
S3159003BEF047182E32511836325B183E326518463241
S3159003BF006F184E327818553282185D328C18653216
S3159003BF1096186D32A0187432AA187C32B4188432EB
S3159003BF20BE188B32C8189332D2189B32DC18A332C0
S3159003BF30E618AA32EF18B232F918BA320319C13297
S3159003BF400D19C9321719D0322119D8322B19E0326B
S3159003BF503519E7323F19EF324919F7325319FE3241
S3159003BF605D19063367190D33711915337B191D3313
S3159003BF70851924338F192C339A193333A4193B33E8
S3159003BF80AE194233B8194A33C2195133CC195933BE
S3159003BF90D6196033E0196833EA196F33F419773396
S3159003BFA0FE197E33081A8633131A8D331D1A953369
S3159003BFB0271A9C33311AA3333B1AAB33451AB23340
S3159003BFC04F1ABA335A1AC133641AC8336E1AD03316
S3159003BFD0781AD733821ADF338C1AE633971AED33EE
S3159003BFE0A11AF533AB1AFC33B51A0334BF1A0B34C3
S3159003BFF0CA1A1234D41A1934DE1A2034E81A283499
S3159003C000F31A2F34FD1A3634071B3E34111B45346D
S3159003C0101C1B4C34261B5334301B5B343B1B623442
S3159003C020451B69344F1B7034591B7734641B7F341B
S3159003C0306E1B8634781B8D34831B94348D1B9B34F3
S3159003C040971BA234A21BAA34AC1BB134B61BB834CB
S3159003C050C11BBF34CB1BC634D51BCD34E01BD434A4
S3159003C060EA1BDB34F51BE234FF1BEA34091CF1347B
S3159003C070141CF8341E1CFF34291C0635331C0D354D
S3159003C0803D1C1435481C1B35521C22355D1C293525
S3159003C090671C3035721C37357C1C3E35861C4535FE
S3159003C0A0911C4C359B1C5335A61C5A35B01C6135D7
S3159003C0B0BB1C6735C51C6E35D01C7535DA1C7C35B3
S3159003C0C0E51C8335EF1C8A35FA1C9135041D98358A
S3159003C0D00F1D9F35191DA535241DAC352E1DB33562
S3159003C0E0391DBA35441DC1354E1DC835591DCE353A
S3159003C0F0631DD5356E1DDC35781DE335831DEA3515
S3159003C1008E1DF035981DF735A31DFE35AD1D0536ED
S3159003C110B81D0B36C31D1236CD1D1936D81D2036C4
S3159003C120E21D2636ED1D2D36F81D3436021E3A369F
S3159003C1300D1E4136181E4836221E4E362D1E553676
S3159003C140381E5C36421E62364D1E6936581E6F3651
S3159003C150621E76366D1E7D36781E8336831E8A362C
S3159003C1608D1E9036981E9736A31E9D36AD1EA43609
S3159003C170B81EAB36C31EB136CE1EB836D81EBE36E3
S3159003C180E31EC536EE1ECB36F91ED236031FD836BE
S3159003C1900E1FDF36191FE536241FEB362F1FF23697
S3159003C1A0391FF836441FFF364F1F05375A1F0C3772
S3159003C1B0651F12376F1F18377A1F1F37851F25374D
S3159003C1C0901F2C379B1F3237A51F3837B01F3F3729
S3159003C1D0BB1F4537C61F4B37D11F5237DC1F583706
S3159003C1E0E71F5E37F11F6537FC1F6B3707207137E3
S3159003C1F0122077371D207E372820843733208A37BD
S3159003C2003E2090374920973754209D375E20A33799
S3159003C2106920A9377420B0377F20B6378A20BC3778
S3159003C2209520C237A020C837AB20CE37B620D53756
S3159003C230C120DB37CC20E137D720E737E220ED3733
S3159003C240ED20F337F820F9370321FF370E21053810
S3159003C25019210B38242112382F2118383A211E38E8
S3159003C2604521243850212A385B21303866213638C7
S3159003C27071213C387C2142388721483892214E38A7
S3159003C2809D215438A8215A38B3216038BE21663887
S3159003C290CA216B38D5217138E0217738EB217D3867
S3159003C2A0F6218338012289380C228F381722953844
S3159003C2B022229B382D22A1383922A6384422AC3823
S3159003C2C04F22B2385A22B8386522BE387022C33804
S3159003C2D07B22C9388722CF389222D5389D22DB38E4
S3159003C2E0A822E038B322E638BE22EC38CA22F238C6
S3159003C2F0D522F738E022FD38EB220339F6220939A5
S3159003C30001230E390D23143918231A3923231F3980
S3159003C3102E2325393A232B39452330395023363961
S3159003C3205B233B3967234139722347397D234C3944
S3159003C33088235239942358399F235D39AA23633925
S3159003C340B5236839C1236E39CC237339D723793909
S3159003C350E2237E39EE238439F923893904248F39EC
S3159003C360102494391B249A3926249F393224A539CB
S3159003C3703D24AA394824B0395424B5395F24BB39AE
S3159003C3806A24C0397624C5398124CB398C24D03993
S3159003C3909824D639A324DB39AE24E039BA24E63976
S3159003C3A0C524EB39D024F039DC24F639E724FB395C
S3159003C3B0F324003AFE24063A09250B3A1525103A3A
S3159003C3C02025163A2C251B3A3725203A4225253A1D
S3159003C3D04E252B3A5925303A6525353A70253A3A02
S3159003C3E07C253F3A8725453A92254A3A9E254F3AE8
S3159003C3F0A925543AB525593AC0255F3ACC25643ACE
S3159003C400D725693AE3256E3AEE25733AFA25783AB3
S3159003C41005267D3A1126823A1C26883A28268D3A95
S3159003C4203326923A3F26973A4A269C3A5626A13A7B
S3159003C4306126A63A6D26AB3A7826B03A8426B53A63
S3159003C4408F26BA3A9B26BF3AA626C43AB226C93A4B
S3159003C450BD26CE3AC926D33AD426D83AE026DD3A33
S3159003C460EC26E23AF726E63A0327EB3A0E27F03A1A
S3159003C4701A27F53A2527FA3A3127FF3A3D27043BFF
S3159003C4804827093B54270E3B5F27123B6B27173BE5
S3159003C49077271C3B8227213B8E27263B99272A3BCE
S3159003C4A0A5272F3BB127343BBC27393BC8273E3BB7
S3159003C4B0D327423BDF27473BEB274C3BF627503BA3
S3159003C4C00228553B0E285A3B19285F3B2528633B88
S3159003C4D03128683B3C286D3B4828713B5428763B72
S3159003C4E05F287B3B6B287F3B7728843B8228883B5E
S3159003C4F08E288D3B9A28923BA528963BB1289B3B49
S3159003C500BD289F3BC928A43BD428A93BE028AD3B33
S3159003C510EC28B23BF728B63B0329BB3B0F29BF3B1D
S3159003C5201B29C43B2629C83B3229CD3B3E29D13B07
S3159003C5304A29D63B5529DA3B6129DE3B6D29E33BF4
S3159003C5407929E73B8429EC3B9029F03B9C29F53BE1
S3159003C550A829F93BB429FD3BBF29023CCB29063CCC
S3159003C560D7290A3CE3290F3CEE29133CFA29173CB9
S3159003C570062A1C3C122A203C1E2A243C292A293CA2
S3159003C580352A2D3C412A313C4D2A363C592A3A3C90
S3159003C590652A3E3C702A423C7C2A463C882A4B3C80
S3159003C5A0942A4F3CA02A533CAC2A573CB72A5B3C6F
S3159003C5B0C32A603CCF2A643CDB2A683CE72A6C3C5E
S3159003C5C0F32A703CFF2A743C0A2B793C162B7D3C4C
S3159003C5D0222B813C2E2B853C3A2B893C462B8D3C3A
S3159003C5E0522B913C5E2B953C6A2B993C752B9D3C2B
S3159003C5F0812BA13C8D2BA53C992BA93CA52BAD3C1E
S3159003C600B12BB13CBD2BB53CC92BB93CD52BBD3C0D
S3159003C610E12BC13CED2BC53CF92BC93C052CCD3CFC
S3159003C620102CD13C1C2CD53C282CD93C342CDD3CED
S3159003C630402CE03C4C2CE43C582CE83C642CEC3CE1
S3159003C640702CF03C7C2CF43C882CF83C942CFB3CD2
S3159003C650A02CFF3CAC2C033DB82C073DC42C0B3DC2
S3159003C660D02C0E3DDC2C123DE82C163DF42C1A3DB5
S3159003C670002D1D3D0C2D213D182D253D242D283DA6
S3159003C680302D2C3D3C2D303D482D343D542D373D9A
S3159003C690602D3B3D6C2D3F3D782D423D842D463D8F
S3159003C6A0902D493D9C2D4D3DA82D513DB42D543D86
S3159003C6B0C02D583DCC2D5B3DD82D5F3DE42D633D7C
S3159003C6C0F02D663DFC2D6A3D092E6D3D152E713D6F
S3159003C6D0212E743D2D2E783D392E7B3D452E7F3D63
S3159003C6E0512E823D5D2E863D692E893D752E8D3D5B
S3159003C6F0812E903D8D2E933D992E973DA62E9A3D54
S3159003C700B22E9E3DBE2EA13DCA2EA43DD62EA83D49
S3159003C710E22EAB3DEE2EAF3DFA2EB23D062FB53D42
S3159003C720132FB93D1F2FBC3D2B2FBF3D372FC23D36
S3159003C730432FC63D4F2FC93D5B2FCC3D672FD03D31
S3159003C740742FD33D802FD63D8C2FD93D982FDD3D29
S3159003C750A42FE03DB02FE33DBC2FE63DC92FE93D25
S3159003C760D52FED3DE12FF03DED2FF33DF92FF63D1E
S3159003C7700530F93D1230FC3D1E30FF3D2A30033E15
S3159003C7803630063E4230093E4E300C3E5B300F3E0D
S3159003C7906730123E7330153E7F30183E8B301B3E0A
S3159003C7A098301E3EA430213EB030243EBC30273E06
S3159003C7B0C8302A3ED5302D3EE130303EED30333E03
S3159003C7C0F930363E0531393E12313C3E1E313F3EFD
S3159003C7D02A31423E3631453E4331483E4F314A3EF9
S3159003C7E05B314D3E6731503E7431533E8031563EF8
S3159003C7F08C31593E98315C3EA4315E3EB131613EF7
S3159003C800BD31643EC931673ED5316A3EE2316C3EF5
S3159003C810EE316F3EFA31723E0732753E1332773EF2
S3159003C8201F327A3E2B327D3E3832803E4432823EF0
S3159003C8305032853E5C32883E69328A3E75328D3EF1
S3159003C8408132903E8E32923E9A32953EA632983EF1
S3159003C850B2329A3EBF329D3ECB329F3ED732A23EF4
S3159003C860E432A53EF032A73EFC32AA3E0833AC3EF4
S3159003C8701533AF3E2133B13E2D33B43E3A33B63EF4
S3159003C8804633B93E5233BB3E5F33BE3E6B33C03EF7
S3159003C8907733C33E8433C53E9033C83E9C33CA3EFA
S3159003C8A0A933CC3EB533CF3EC133D13ECE33D43EFE
S3159003C8B0DA33D63EE633D83EF333DB3EFF33DD3E03
S3159003C8C00B34E03E1834E23E2434E43E3034E73E03
S3159003C8D03D34E93E4934EB3E5534ED3E6234F03E09
S3159003C8E06E34F23E7B34F43E8734F73E9334F93E0E
S3159003C8F0A034FB3EAC34FD3EB834003FC534023F12
S3159003C900D134043FDD34063FEA34083FF6340A3F18
S3159003C91003350D3F0F350F3F1B35113F2835133F19
S3159003C9203435153F4035173F4D35193F59351C3F23
S3159003C93066351E3F7235203F7E35223F8B35243F29
S3159003C9409735263FA435283FB0352A3FBC352C3F33
S3159003C950C9352E3FD535303FE235323FEE35343F3C
S3159003C960FA35363F0736383F13363A3F20363C3F43
S3159003C9702C363E3F3936403F4536423F5136433F4C
S3159003C9805E36453F6A36473F7736493F83364B3F58
S3159003C99090364D3F9C364F3FA836513FB536523F62
S3159003C9A0C136543FCE36563FDA36583FE7365A3F6E
S3159003C9B0F3365B3FFF365D3F0C375F3F1837613F7A
S3159003C9C02537623F3137643F3E37663F4A37683F84
S3159003C9D05737693F63376B3F6F376D3F7C376E3F92
S3159003C9E08837703F9537723FA137733FAE37753FA0
S3159003C9F0BA37773FC737783FD3377A3FE0377B3FAE
S3159003CA00EC377D3FF9377F3F0538803F1138823FBA
S3159003CA101E38833F2A38853F3738863F4338883FC9
S3159003CA205038893F5C388B3F69388C3F75388E3FD9
S3159003CA3082388F3F8E38913F9B38923FA738943FE9
S3159003CA40B438953FC038973FCD38983FD938993FFA
S3159003CA50E6389B3FF2389C3FFF389E3F0B399F3F0A
S3159003CA601839A03F2439A23F3139A33F3D39A43F1A
S3159003CA704A39A63F5639A73F6339A83F6F39AA3F2C
S3159003CA807C39AB3F8839AC3F9539AD3FA139AF3F40
S3159003CA90AE39B03FBA39B13FC739B23FD339B43F54
S3159003CAA0E039B53FEC39B63FF939B73F053AB83F68
S3159003CAB0123AB93F1E3ABB3F2B3ABC3F373ABD3F7A
S3159003CAC0443ABE3F503ABF3F5D3AC03F693AC13F91
S3159003CAD0763AC33F823AC43F8F3AC53F9B3AC63FA5
S3159003CAE0A83AC73FB43AC83FC13AC93FCD3ACA3FBD
S3159003CAF0DA3ACB3FE63ACC3FF33ACD3F003BCE3FD3
S3159003CB000C3BCF3F193BD03F253BD13F323BD23FE6
S3159003CB103E3BD33F4B3BD43F573BD53F643BD53FFF
S3159003CB20703BD63F7D3BD73F893BD83F963BD93F1A
S3159003CB30A23BDA3FAF3BDB3FBC3BDC3FC83BDC3F32
S3159003CB40D53BDD3FE13BDE3FEE3BDF3FFA3BE03F4C
S3159003CB50073CE03F133CE13F203CE23F2C3CE33F64
S3159003CB60393CE33F453CE43F523CE53F5F3CE63F7F
S3159003CB706B3CE63F783CE73F843CE83F913CE83F9B
S3159003CB809D3CE93FAA3CEA3FB63CEA3FC33CEB3FB8
S3159003CB90D03CEC3FDC3CEC3FE93CED3FF53CED3FD4
S3159003CBA0023DEE3F0E3DEF3F1B3DEF3F273DF03FEE
S3159003CBB0343DF03F403DF13F4D3DF13F5A3DF23F0D
S3159003CBC0663DF23F733DF33F7F3DF33F8C3DF43F2C
S3159003CBD0983DF43FA53DF53FB23DF53FBE3DF63F4B
S3159003CBE0CB3DF63FD73DF73FE43DF73FF03DF73F6B
S3159003CBF0FD3DF83F093EF83F163EF93F233EF93F88
S3159003CC002F3EF93F3C3EFA3F483EFA3F553EFA3FA8
S3159003CC10613EFB3F6E3EFB3F7A3EFB3F873EFC3FCA
S3159003CC20943EFC3FA03EFC3FAD3EFC3FB93EFD3FEC
S3159003CC30C63EFD3FD23EFD3FDF3EFD3FEC3EFE3F0F
S3159003CC40F83EFE3F053FFE3F113FFE3F1E3FFE3F30
S3159003CC502A3FFF3F373FFF3F443FFF3F503FFF3F52
S3159003CC605D3FFF3F693FFF3F763FFF3F823F004077
S3159003CC708F3F00409B3F0040A83F0040B53F004098
S3159003CC80C13F0040CE3F0040DA3F0040E73F0040BF
S3159003CC90F33F0040004000400D40004019400040E3
S3159003CCA026400040324000403F4000404B40004009
S3159003CCB05840004065400040714000407E4000402F
S3159003CCC08A40FF3F9740FF3FA340FF3FB040FF3F5F
S3159003CCD0BC40FF3FC940FF3FD640FF3FE240FE3F87
S3159003CCE0EF40FE3FFB40FE3F0841FE3F1441FE3FAF
S3159003CCF02141FD3F2E41FD3F3A41FD3F4741FD3FD7
S3159003CD005341FC3F6041FC3F6C41FC3F7941FC3F02
S3159003CD108641FB3F9241FB3F9F41FB3FAB41FA3F2D
S3159003CD20B841FA3FC441FA3FD141F93FDD41F93F5A
S3159003CD30EA41F93FF741F83F0342F83F1042F73F84
S3159003CD401C42F73F2942F73F3542F63F4242F63FB0
S3159003CD504E42F53F5B42F53F6842F43F7442F43FDF
S3159003CD608142F33F8D42F33F9A42F23FA642F23F0E
S3159003CD70B342F13FC042F13FCC42F03FD942F03F3C
S3159003CD80E542EF3FF242EF3FFE42EE3F0B43ED3F6C
S3159003CD901743ED3F2443EC3F3043EC3F3D43EB3F9A
S3159003CDA04A43EA3F5643EA3F6343E93F6F43E83FCB
S3159003CDB07C43E83F8843E73F9543E63FA143E63FFD
S3159003CDC0AE43E53FBB43E43FC743E33FD443E33F2F
S3159003CDD0E043E23FED43E13FF943E03F0644E03F62
S3159003CDE01244DF3F1F44DE3F2B44DD3F3844DC3F94
S3159003CDF04444DC3F5144DB3F5E44DA3F6A44D93FC7
S3159003CE007744D83F8344D73F9044D63F9C44D53FFD
S3159003CE10A944D53FB544D43FC244D33FCE44D23F31
S3159003CE20DB44D13FE744D03FF444CF3F0045CE3F68
S3159003CE300D45CD3F1A45CC3F2645CB3F3345CA3F9B
S3159003CE403F45C93F4C45C83F5845C73F6545C63FD3
S3159003CE507145C53F7E45C43F8A45C33F9745C13F0C
S3159003CE60A345C03FB045BF3FBC45BE3FC945BD3F47
S3159003CE70D545BC3FE245BB3FEE45B93FFB45B83F81
S3159003CE800746B73F1446B63F2046B53F2D46B43FB7
S3159003CE903946B23F4646B13F5246B03F5F46AF3FF3
S3159003CEA06B46AD3F7846AC3F8446AB3F9146AA3F2F
S3159003CEB09D46A83FAA46A73FB646A63FC346A43F6C
S3159003CEC0CF46A33FDC46A23FE846A03FF5469F3FA9
S3159003CED001479E3F0E479C3F1A479B3F2747993FE3
S3159003CEE03347983F4047973F4C47953F5947943F21
S3159003CEF06547923F7247913F7E478F3F8B478E3F61
S3159003CF0097478C3FA4478B3FB047893FBD47883FA0
S3159003CF10C947863FD647853FE247833FEF47823FE0
S3159003CF20FB47803F07487F3F14487D3F20487B3F20
S3159003CF302D487A3F3948783F4648773F5248753F60
S3159003CF405F48733F6B48723F7848703F84486E3FA3
S3159003CF5091486D3F9D486B3FA948693FB648683FE6
S3159003CF60C248663FCF48643FDB48623FE848613F2B
S3159003CF70F4485F3F01495D3F0D495B3F19495A3F6D
S3159003CF802649583F3249563F3F49543F4B49523FB2
S3159003CF905849513F64494F3F70494D3F7D494B3FF7
S3159003CFA08949493F9649473FA249453FAF49433F40
S3159003CFB0BB49423FC749403FD4493E3FE0493C3F86
S3159003CFC0ED493A3FF949383F064A363F124A343FCC
S3159003CFD01E4A323F2B4A303F374A2E3F444A2C3F14
S3159003CFE0504A2A3F5C4A283F694A263F754A243F5E
S3159003CFF0824A223F8E4A203F9A4A1E3FA74A1C3FA7
S3159003D000B34A193FC04A173FCC4A153FD84A133FF4
S3159003D010E54A113FF14A0F3FFD4A0D3F0A4B0A3F3E
S3159003D020164B083F234B063F2F4B043F3B4B023F88
S3159003D030484B003F544BFD3E604BFB3E6D4BF93ED8
S3159003D040794BF73E854BF43E924BF23E9E4BF03E28
S3159003D050AB4BED3EB74BEB3EC34BE93ED04BE73E76
S3159003D060DC4BE43EE84BE23EF54BE03E014CDD3EC5
S3159003D0700D4CDB3E1A4CD83E264CD63E324CD43E13
S3159003D0803F4CD13E4B4CCF3E574CCC3E644CCA3E64
S3159003D090704CC83E7C4CC53E894CC33E954CC03EB5
S3159003D0A0A14CBE3EAE4CBB3EBA4CB93EC64CB63E08
S3159003D0B0D34CB43EDF4CB13EEB4CAF3EF84CAC3E5A
S3159003D0C0044DAA3E104DA73E1C4DA53E294DA23EAA
S3159003D0D0354D9F3E414D9D3E4E4D9A3E5A4D983EFF
S3159003D0E0664D953E724D923E7F4D903E8B4D8D3E55
S3159003D0F0974D8A3EA44D883EB04D853EBC4D823EAB
S3159003D100C84D803ED54D7D3EE14D7A3EED4D773E01
S3159003D110F94D753E064E723E124E6F3E1E4E6C3E56
S3159003D1202B4E6A3E374E673E434E643E4F4E613EAC
S3159003D1305C4E5E3E684E5C3E744E593E804E563E05
S3159003D1408C4E533E994E503EA54E4D3EB14E4A3E61
S3159003D150BD4E483ECA4E453ED64E423EE24E3F3EB9
S3159003D160EE4E3C3EFB4E393E074F363E134F333E13
S3159003D1701F4F303E2B4F2D3E384F2A3E444F273E6E
S3159003D180504F243E5C4F213E684F1E3E754F1B3ECB
S3159003D190814F183E8D4F153E994F123EA54F0F3E28
S3159003D1A0B24F0C3EBE4F093ECA4F063ED64F033E84
S3159003D1B0E24FFF3DEE4FFC3DFB4FF93D0750F63DE9
S3159003D1C01350F33D1F50F03D2B50ED3D3750E93D45
S3159003D1D04450E63D5050E33D5C50E03D6850DD3DA4
S3159003D1E07450D93D8050D63D8C50D33D9950D03D07
S3159003D1F0A550CC3DB150C93DBD50C63DC950C23D69
S3159003D200D550BF3DE150BC3DED50B93DFA50B53DCB
S3159003D2100651B23D1251AF3D1E51AB3D2A51A83D29
S3159003D2203651A43D4251A13D4E519E3D5A519A3D90
S3159003D2306751973D7351933D7F51903D8B518D3DF2
S3159003D2409751893DA351863DAF51823DBB517F3D59
S3159003D250C7517B3DD351783DDF51743DEB51713DC1
S3159003D260F7516D3D04526A3D1052663D1C52633D23
S3159003D27028525F3D34525B3D4052583D4C52543D8B
S3159003D2805852513D64524D3D7052493D7C52463DF4
S3159003D2908852423D94523F3DA0523B3DAC52373D5E
S3159003D2A0B852343DC452303DD0522C3DDC52283DC9
S3159003D2B0E852253DF452213D00531D3D0C531A3D32
S3159003D2C01853163D2453123D30530E3D3C530B3D9C
S3159003D2D04853073D5453033D6053FF3C6C53FB3C0B
S3159003D2E07853F83C8453F43C9053F03C9C53EC3C79
S3159003D2F0A853E83CB453E43CC053E03CCC53DD3CE8
S3159003D300D853D93CE453D53CF053D13CFB53CD3C55
S3159003D3100754C93C1354C53C1F54C13C2B54BD3CC4
S3159003D3203754B93C4354B53C4F54B13C5B54AD3C34
S3159003D3306754A93C7354A53C7F54A13C8B549D3CA4
S3159003D3409654993CA254953CAE54913CBA548D3C18
S3159003D350C654893CD254853CDE54813CEA547D3C88
S3159003D360F654793C0155743C0D55703C19556C3CFB
S3159003D3702555683C3155643C3D55603C49555B3C6D
S3159003D3805455573C6055533C6C554F3C78554B3CE4
S3159003D3908455463C9055423C9B553E3CA7553A3C5A
S3159003D3A0B355363CBF55313CCB552D3CD755293CCF
S3159003D3B0E255243CEE55203CFA551C3C0656173C48
S3159003D3C01256133C1D560F3C29560A3C3556063CBD
S3159003D3D04156023C4C56FD3B5856F93B6456F53B39
S3159003D3E07056F03B7C56EC3B8756E73B9356E33BB4
S3159003D3F09F56DE3BAB56DA3BB656D63BC256D13B2F
S3159003D400CE56CD3BDA56C83BE556C43BF156BF3BA9
S3159003D410FD56BB3B0957B63B1457B23B2057AD3B22
S3159003D4202C57A93B3757A43B43579F3B4F579B3B9F
S3159003D4305B57963B6657923B72578D3B7E57883B1D
S3159003D4408957843B95577F3BA1577B3BAC57763B9C
S3159003D450B857713BC4576D3BCF57683BDB57633B1C
S3159003D460E7575F3BF2575A3BFE57553B0A58503B9B
S3159003D47015584C3B2158473B2D58423B38583E3B19
S3159003D4804458393B4F58343B5B582F3B67582A3B9C
S3159003D4907258263B7E58213B89581C3B9558173B1F
S3159003D4A0A158123BAC580E3BB858093BC358043BA2
S3159003D4B0CF58FF3ADB58FA3AE658F53AF258F03A2B
S3159003D4C0FD58EB3A0959E63A1459E23A2059DD3AAE
S3159003D4D02C59D83A3759D33A4359CE3A4E59C93A31
S3159003D4E05A59C43A6559BF3A7159BA3A7C59B53AB9
S3159003D4F08859B03A9359AB3A9F59A63AAA59A13A41
S3159003D500B6599C3AC159973ACD59923AD8598D3AC8
S3159003D510E459883AEF59823AFB597D3A065A783A52
S3159003D520125A733A1D5A6E3A295A693A345A643AD8
S3159003D530405A5F3A4B5A593A575A543A625A4F3A63
S3159003D5406E5A4A3A795A453A845A3F3A905A3A3AEF
S3159003D5509B5A353AA75A303AB25A2B3ABE5A253A7B
S3159003D560C95A203AD45A1B3AE05A163AEB5A103A09
S3159003D570F75A0B3A025B063A0D5B003A195BFB3995
S3159003D580245BF639305BF0393B5BEB39465BE63926
S3159003D590525BE0395D5BDB39685BD639745BD039B6
S3159003D5A07F5BCB398A5BC539965BC039A15BBB3947
S3159003D5B0AC5BB539B85BB039C35BAA39CE5BA539D9
S3159003D5C0DA5B9F39E55B9A39F05B9439FC5B8F396B
S3159003D5D0075C8939125C84391E5C7E39295C7939FA
S3159003D5E0345C73393F5C6E394B5C6839565C63398E
S3159003D5F0615C5D396C5C5839785C5239835C4C3923
S3159003D6008E5C4739995C4139A55C3B39B05C3639B8
S3159003D610BB5C3039C65C2B39D25C2539DD5C1F394E
S3159003D620E85C1A39F35C1439FF5C0E390A5D0939E3
S3159003D630155D0339205DFD382B5DF738365DF2387D
S3159003D640425DEC384D5DE638585DE038635DDB3816
S3159003D6506E5DD538795DCF38855DC938905DC338B1
S3159003D6609B5DBE38A65DB838B15DB238BC5DAC384B
S3159003D670C75DA638D35DA138DE5D9B38E95D9538E5
S3159003D680F45D8F38FF5D89380A5E8338155E7D3881
S3159003D690205E77382B5E7138365E6B38425E66381D
S3159003D6A04D5E6038585E5A38635E54386E5E4E38B7
S3159003D6B0795E4838845E42388F5E3C389A5E363857
S3159003D6C0A55E3038B05E2A38BB5E2438C65E1E38F7
S3159003D6D0D15E1838DC5E1238E75E0B38F25E053899
S3159003D6E0FD5EFF37085FF937135FF3371E5FED373C
S3159003D6F0295FE737345FE1373F5FDB374A5FD537DB
S3159003D700555FCE37605FC8376B5FC237765FBC377E
S3159003D710815FB6378C5FB037975FA937A25FA33720
S3159003D720AC5F9D37B75F9737C25F9037CD5F8A37C8
S3159003D730D85F8437E35F7E37EE5F7737F95F71376C
S3159003D74004606B370F60653719605E37246058370E
S3159003D7502F6052373A604B374560453750603F37B5
S3159003D7605B6038376560323770602C377B6025375E
S3159003D77086601F37916018379B601237A6600C3707
S3159003D780B1600537BC60FF36C760F836D160F236B4
S3159003D790DC60EB36E760E536F260DF36FD60D8365F
S3159003D7A00761D2361261CB361D61C5362861BE3606
S3159003D7B03261B8363D61B1364861AB365361A436B2
S3159003D7C05D619D3668619736736190367D618A3661
S3159003D7D08861833693617D369E617636A8616F360E
S3159003D7E0B3616936BE616236C8615C36D3615536BC
S3159003D7F0DE614E36E8614836F3614136FE613A366C
S3159003D8000862343613622D361E6226362862203617
S3159003D810336219363D62123648620B3653620536C9
S3159003D8205D62FE356862F7357262F0357D62EA3580
S3159003D8308862E3359262DC359D62D535A762CE3533
S3159003D840B262C835BC62C135C762BA35D262B335E6
S3159003D850DC62AC35E762A535F1629F35FC6298359B
S3159003D8600663913511638A351B63833526637C354D
S3159003D870306375353B636E35456367355063613504
S3159003D8805A635A35656353356F634C357A634535B9
S3159003D89084633E358E63373599633035A363293573
S3159003D8A0AE632235B8631B35C3631435CD630D352B
S3159003D8B0D7630635E263FF34EC63F834F763F134E8
S3159003D8C00164EA340B64E2341664DB342064D434A2
S3159003D8D02B64CD343564C6343F64BF344A64B8345C
S3159003D8E05464B1345E64AA346964A23473649B3419
S3159003D8F07D64943488648D34926486349C647F34D6
S3159003D900A7647734B1647034BB646934C564623494
S3159003D910D0645B34DA645334E4644C34EF64453452
S3159003D920F9643E34036536340D652F34186528340F
S3159003D930226520342C6519343665123441650B34CF
S3159003D9404B6503345565FC335F65F5336965ED3394
S3159003D9507465E6337E65DF338865D7339265D03356
S3159003D9609C65C833A665C133B165BA33BB65B2331B
S3159003D970C565AB33CF65A333D9659C33E3659533DF
S3159003D980ED658D33F865863302667E330C667733A1
S3159003D99016666F33206668332A6660333466593366
S3159003D9A03E66513348664A33526642335C663B332E
S3159003D9B06666333371662C337B66243385661D33F3
S3159003D9C08F66153399660D33A3660633AD66FE32BD
S3159003D9D0B766F732C166EF32CB66E732D566E03289
S3159003D9E0DF66D832E966D032F366C932FD66C13254
S3159003D9F00767BA321167B2321A67AA322467A3321B
S3159003DA002E679B323867933242678B324C678432E8
S3159003DA1056677C32606774326A676D3274676532B3
S3159003DA207E675D328867553291674E329B67463281
S3159003DA30A5673E32AF673632B9672E32C367273250
S3159003DA40CD671F32D6671732E0670F32EA67073220
S3159003DA50F467FF31FE67F8310868F0311168E831F1
S3159003DA601B68E0312568D8312F68D0313868C831C2
S3159003DA704268C0314C68B9315668B1316068A93192
S3159003DA806968A131736899317D6891318668893166
S3159003DA90906881319A687931A4687131AD6869313A
S3159003DAA0B7686131C1685931CA685131D46849310F
S3159003DAB0DE684131E7683931F1683131FB682931E4
S3159003DAC0046921310E6919311869113121690931B6
S3159003DAD02B6901313569F9303E69F0304869E83090
S3159003DAE05169E0305B69D8306569D0306E69C8306A
S3159003DAF07869C0308169B8308B69AF309469A73043
S3159003DB009E699F30A7699730B1698F30BB6987301B
S3159003DB10C4697E30CE697630D7696E30E1696630F6
S3159003DB20EA695D30F4695530FD694D30076A4530D1
S3159003DB30106A3C301A6A3430236A2C302C6A2430AB
S3159003DB40366A1B303F6A1330496A0B30526A023089
S3159003DB505C6AFA2F656AF22F6E6AEA2F786AE12F6A
S3159003DB60816AD92F8B6AD02F946AC82F9D6AC02F4A
S3159003DB70A76AB72FB06AAF2FB96AA72FC36A9E2F2A
S3159003DB80CC6A962FD66A8D2FDF6A852FE86A7D2F0A
S3159003DB90F26A742FFB6A6C2F046B632F0D6B5B2FEA
S3159003DBA0176B522F206B4A2F296B412F336B392FCB
S3159003DBB03C6B302F456B282F4E6B202F586B172FAE
S3159003DBC0616B0E2F6A6B062F736BFD2E7D6BF52E95
S3159003DBD0866BEC2E8F6BE42E986BDB2EA16BD32E7C
S3159003DBE0AB6BCA2EB46BC22EBD6BB92EC66BB02E61
S3159003DBF0CF6BA82ED86B9F2EE26B972EEB6B8E2E48
S3159003DC00F46B852EFD6B7D2E066C742E0F6C6B2E2E
S3159003DC10186C632E216C5A2E2B6C512E346C492E14
S3159003DC203D6C402E466C372E4F6C2F2E586C262EFD
S3159003DC30616C1D2E6A6C152E736C0C2E7C6C032EE8
S3159003DC40856CFA2D8E6CF22D976CE92DA06CE02DD8
S3159003DC50A96CD72DB26CCF2DBB6CC62DC46CBD2DC4
S3159003DC60CD6CB42DD66CAB2DDF6CA32DE86C9A2DB1
S3159003DC70F16C912DFA6C882D036D7F2D0C6D762D9D
S3159003DC80156D6E2D1E6D652D276D5C2D2F6D532D88
S3159003DC90386D4A2D416D412D4A6D382D536D2F2D7B
S3159003DCA05C6D272D656D1E2D6E6D152D766D0C2D68
S3159003DCB07F6D032D886DFA2C916DF12C9A6DE82C5E
S3159003DCC0A36DDF2CAB6DD62CB46DCD2CBD6DC42C52
S3159003DCD0C66DBB2CCF6DB22CD76DA92CE06DA02C45
S3159003DCE0E96D972CF26D8E2CFA6D852C036E7C2C38
S3159003DCF00C6E732C156E6A2C1D6E612C266E582C29
S3159003DD002F6E4F2C376E462C406E3D2C496E342C1D
S3159003DD10516E2B2C5A6E212C636E182C6B6E0F2C16
S3159003DD20746E062C7D6EFD2B856EF42B8E6EEB2B0F
S3159003DD30976EE22B9F6ED82BA86ECF2BB06EC62B09
S3159003DD40B96EBD2BC26EB42BCA6EAB2BD36EA12B01
S3159003DD50DB6E982BE46E8F2BEC6E862BF56E7D2BFC
S3159003DD60FD6E732B066F6A2B0E6F612B176F582BF5
S3159003DD70206F4E2B286F452B306F3C2B396F332BEF
S3159003DD80416F292B4A6F202B526F172B5B6F0D2BED
S3159003DD90636F042B6C6FFB2A746FF22A7D6FE82AEC
S3159003DDA0856FDF2A8D6FD62A966FCC2A9E6FC32AEC
S3159003DDB0A76FB92AAF6FB02AB76FA72AC06F9D2AEC
S3159003DDC0C86F942AD06F8B2AD96F812AE16F782AEC
S3159003DDD0EA6F6E2AF26F652AFA6F5C2A0270522AEC
S3159003DDE00B70492A13703F2A1B70362A24702C2AEB
S3159003DDF02C70232A34701A2A3C70102A4570072AED
S3159003DE004D70FD295570F4295D70EA296670E129F4
S3159003DE106E70D7297670CE297E70C4298770BB29F8
S3159003DE208F70B1299770A7299F709E29A7709429FF
S3159003DE30AF708B29B8708129C0707829C8706E2904
S3159003DE40D0706529D8705B29E0705129E87048290C
S3159003DE50F0703E29F970352901712B290971212911
S3159003DE601171182919710E29217104292971FB2819
S3159003DE703171F1283971E7284171DE284971D42827
S3159003DE805171CA285971C1286171B7286971AD2832
S3159003DE907171A42879719A2881719028897186283D
S3159003DEA091717D2899717328A1716928A971602848
S3159003DEB0B1715628B9714C28C0714228C871382857
S3159003DEC0D0712F28D8712528E0711B28E871112865
S3159003DED0F0710828F871FE27FF71F4270772EA2775
S3159003DEE00F72E0271772D6271F72CD272772C32783
S3159003DEF02E72B9273672AF273E72A52746729B2795
S3159003DF004E729127557288275D727E2765727427A4
S3159003DF106D726A27747260277C72562784724C27B7
S3159003DF208B724227937238279B722E27A3722427CC
S3159003DF30AA721A27B2721127BA720727C172FD26DF
S3159003DF40C972F326D072E926D872DF26E072D526F7
S3159003DF50E772CB26EF72C126F772B726FE72AD260D
S3159003DF600673A3260D73992615738F261D7385261F
S3159003DF7024737B262C737126337366263B735C2638
S3159003DF80427352264A73482651733E265973342652
S3159003DF9060732A26687320266F73162677730C266A
S3159003DFA07E7302268673F8258D73ED259573E32587
S3159003DFB09C73D925A373CF25AB73C525B273BB25A4
S3159003DFC0BA73B125C173A625C8739C25D0739225C0
S3159003DFD0D7738825DF737E25E6737425ED736925DC
S3159003DFE0F5735F25FC73552503744B250B744125F7
S3159003DFF01274362519742C25207422252874182515
S3159003E0002F740D25367403253E74F9244574EF2435
S3159003E0104C74E4245374DA245B74D0246274C52458
S3159003E0206974BB247074B1247774A7247F749C2479
S3159003E030867492248D74882494747D249B7473249B
S3159003E040A2746924AA745E24B1745424B8744A24BD
S3159003E050BF743F24C6743524CD742B24D4742024E2
S3159003E060DB741624E2740B24EA740124F174F72307
S3159003E070F874EC23FF74E2230675D7230D75CD232D
S3159003E0801475C3231B75B8232275AE232975A32351
S3159003E0903075992337758E233E75842345757A2378
S3159003E0A04C756F23537565235A755A23617550239F
S3159003E0B0677545236E753B23757530237C752623CB
S3159003E0C083751B238A751123917506239875FC22F4
S3159003E0D09F75F122A575E722AC75DC22B375D22222
S3159003E0E0BA75C722C175BC22C875B222CE75A7224E
S3159003E0F0D5759D22DC759222E3758822EA757D2279
S3159003E100F0757222F7756822FE755D2205765322A5
S3159003E1100B76482212763D221976332220762822D0
S3159003E12026761E222D761322347608223A76FE21FF
S3159003E1304176F3214876E8214E76DE215576D32132
S3159003E1405C76C8216276BE216976B3216F76A82163
S3159003E15076769E217D769321837688218A767D2194
S3159003E16090767321977668219D765D21A4765321C7
S3159003E170AB764821B1763D21B8763221BE762821F9
S3159003E180C5761D21CB761221D2760721D876FD202E
S3159003E190DF76F220E576E720EB76DC20F276D12067
S3159003E1A0F876C720FF76BC200577B1200C77A6209A
S3159003E1B012779B20187791201F77862025777B20CF
S3159003E1C02C7770203277652038775B203F77502005
S3159003E1D0457745204B773A2052772F20587724203E
S3159003E1E05E77192065770F206B7704207177F91F77
S3159003E1F07777EE1F7E77E31F8477D81F8A77CD1FB5
S3159003E2009077C21F9777B71F9D77AC1FA377A21FEF
S3159003E210A977971FB0778C1FB677811FBC77761F28
S3159003E220C2776B1FC877601FCE77551FD5774A1F66
S3159003E230DB773F1FE177341FE777291FED771E1FA3
S3159003E240F377131FF977081FFF77FD1E0578F21EE4
S3159003E2500B78E71E1278DC1E1878D11E1E78C61E20
S3159003E2602478BB1E2A78B01E3078A51E36789A1E5F
S3159003E2703C788F1E4278841E4878791E4E786E1E9F
S3159003E2805478631E5A78581E60784D1E6678421EDF
S3159003E2906B78361E71782B1E7778201E7D78151E27
S3159003E2A083780A1E8978FF1D8F78F41D9578E91D6A
S3159003E2B09B78DE1DA178D31DA678C71DAC78BC1DAF
S3159003E2C0B278B11DB878A61DBE789B1DC378901DF4
S3159003E2D0C978851DCF78791DD5786E1DDB78631D3A
S3159003E2E0E078581DE6784D1DEC78421DF278361D80
S3159003E2F0F7782B1DFD78201D0379151D09790A1DC5
S3159003E3000E79FF1C1479F31C1A79E81C1F79DD1C0E
S3159003E3102579D21C2B79C61C3079BB1C3679B01C57
S3159003E3203B79A51C4179991C47798E1C4C79831CA2
S3159003E3305279781C58796C1C5D79611C6379561CEB
S3159003E34068794B1C6E793F1C7379341C7979291C37
S3159003E3507E791E1C8479121C8979071C8F79FC1B84
S3159003E3609479F01B9A79E51B9F79DA1BA579CE1BD5
S3159003E370AA79C31BB079B81BB579AC1BBB79A11B22
S3159003E380C079961BC5798A1BCB797F1BD079741B71
S3159003E390D679681BDB795D1BE079521BE679461BC0
S3159003E3A0EB793B1BF079301BF679241BFB79191B10
S3159003E3B0007A0D1B067A021B0B7AF71A107AEB1A60
S3159003E3C0167AE01A1B7AD41A207AC91A257ABE1AB3
S3159003E3D02B7AB21A307AA71A357A9B1A3A7A901A06
S3159003E3E03F7A841A457A791A4A7A6E1A4F7A621A5A
S3159003E3F0547A571A597A4B1A5F7A401A647A341AAE
S3159003E400697A291A6E7A1D1A737A121A787A061A03
S3159003E4107D7AFB19827AEF19887AE4198D7AD8195D
S3159003E420927ACD19977AC1199C7AB619A17AAA19B3
S3159003E430A67A9F19AB7A9319B07A8819B57A7C190B
S3159003E440BA7A7119BF7A6519C47A5A19C97A4E1963
S3159003E450CE7A4319D37A3719D87A2C19DD7A2019BB
S3159003E460E27A1419E67A0919EB7AFD18F07AF2181A
S3159003E470F57AE618FA7ADB18FF7ACF18047BC31875
S3159003E480097BB8180E7BAC18127BA118177B9518CD
S3159003E4901C7B8918217B7E18267B72182A7B67182A
S3159003E4A02F7B5B18347B4F18397B44183E7B381887
S3159003E4B0427B2D18477B21184C7B1518507B0A18E5
S3159003E4C0557BFE175A7BF2175F7BE717637BDB1748
S3159003E4D0687BCF176D7BC417717BB817767BAC17A8
S3159003E4E07B7BA1177F7B9517847B8917887B7E1708
S3159003E4F08D7B7217927B6617967B5B179B7B4F1769
S3159003E5009F7B4317A47B3717A97B2C17AD7B2017CB
S3159003E510B27B1417B67B0917BB7BFD16BF7BF1162F
S3159003E520C47BE516C87BDA16CD7BCE16D17BC21695
S3159003E530D67BB616DA7BAB16DE7B9F16E37B9316FA
S3159003E540E77B8716EC7B7C16F07B7016F57B64165F
S3159003E550F97B5816FD7B4C16027C4116067C3516C4
S3159003E5600A7C29160F7C1D16137C1216177C061629
S3159003E5701C7CFA15207CEE15247CE215297CD71594
S3159003E5802D7CCB15317CBF15367CB3153A7CA715FC
S3159003E5903E7C9B15427C9015467C84154B7C781566
S3159003E5A04F7C6C15537C6015577C54155B7C4915D1
S3159003E5B0607C3D15647C3115687C25156C7C19153A
S3159003E5C0707C0D15747C0115797CF6147D7CEA14A8
S3159003E5D0817CDE14857CD214897CC6148D7CBA1416
S3159003E5E0917CAE14957CA214997C96149D7C8B1485
S3159003E5F0A17C7F14A57C7314A97C6714AD7C5B14F2
S3159003E600B17C4F14B57C4314B97C3714BD7C2B1461
S3159003E610C17C1F14C57C1314C97C0714CD7CFB13D2
S3159003E620D17CF013D57CE413D97CD813DD7CCC1341
S3159003E630E07CC013E47CB413E87CA813EC7C9C13B5
S3159003E640F07C9013F47C8413F87C7813FB7C6C1326
S3159003E650FF7C6013037D5413077D48130B7D3C1396
S3159003E6600E7D3013127D2413167D18131A7D0C1309
S3159003E6701D7D0013217DF412257DE812287DDC1281
S3159003E6802C7DD012307DC412347DB812377DAC12F6
S3159003E6903B7DA0123F7D9412427D8812467D7C126B
S3159003E6A0497D70124D7D6412517D5812547D4C12E2
S3159003E6B0587D40125B7D34125F7D2812637D1C1258
S3159003E6C0667D10126A7D04126D7DF711717DEB11D3
S3159003E6D0747DDF11787DD3117B7DC7117F7DBB114F
S3159003E6E0827DAF11867DA311897D97118D7D8B11C7
S3159003E6F0907D7F11937D7311977D67119A7D5A1142
S3159003E7009E7D4E11A17D4211A47D3611A87D2A11BD
S3159003E710AB7D1E11AF7D1211B27D0611B57DFA1038
S3159003E720B97DED10BC7DE110BF7DD510C27DC910BA
S3159003E730C67DBD10C97DB110CC7DA510D07D991035
S3159003E740D37D8C10D67D8010D97D7410DD7D6810B5
S3159003E750E07D5C10E37D5010E67D4410E97D371033
S3159003E760ED7D2B10F07D1F10F37D1310F67D0710B2
S3159003E770F97DFB0FFC7DEE0FFF7DE20F037ED60F37
S3159003E780067ECA0F097EBE0F0C7EB20F0F7EA50FB3
S3159003E790127E990F157E8D0F187E810F1B7E750F36
S3159003E7A01E7E680F217E5C0F247E500F277E440FBA
S3159003E7B02A7E380F2D7E2B0F307E1F0F337E130F3D
S3159003E7C0367E070F397EFB0E3C7EEE0E3F7EE20EC3
S3159003E7D0427ED60E457ECA0E487EBD0E4A7EB10E49
S3159003E7E04D7EA50E507E990E537E8C0E567E800ED0
S3159003E7F0597E740E5C7E680E5E7E5C0E617E4F0E55
S3159003E800647E430E677E370E6A7E2B0E6C7E1E0EDB
S3159003E8106F7E120E727E060E757EF90D777EED0D66
S3159003E8207A7EE10D7D7ED50D807EC80D827EBC0DF0
S3159003E830857EB00D887EA40D8A7E970D8D7E8B0D79
S3159003E840907E7F0D927E720D957E660D987E5A0D03
S3159003E8509A7E4E0D9D7E410D9F7E350DA27E290D8E
S3159003E860A57E1C0DA77E100DAA7E040DAC7EF80C1A
S3159003E870AF7EEB0CB17EDF0CB47ED30CB67EC60CAA
S3159003E880B97EBA0CBB7EAE0CBE7EA10CC07E950C37
S3159003E890C37E890CC57E7C0CC87E700CCA7E640CC4
S3159003E8A0CC7E570CCF7E4B0CD17E3F0CD47E320C54
S3159003E8B0D67E260CD87E1A0CDB7E0D0CDD7E010CE3
S3159003E8C0E07EF50BE27EE80BE47EDC0BE77ED00B75
S3159003E8D0E97EC30BEB7EB70BED7EAB0BF07E9E0B07
S3159003E8E0F27E920BF47E850BF77E790BF97E6D0B98
S3159003E8F0FB7E600BFD7E540B007F480B027F3B0B28
S3159003E900047F2F0B067F230B087F160B0A7F0A0BB8
S3159003E9100D7FFD0A0F7FF10A117FE50A137FD80A4F
S3159003E920157FCC0A177FC00A197FB30A1C7FA70AE3
S3159003E9301E7F9A0A207F8E0A227F820A247F750A77
S3159003E940267F690A287F5C0A2A7F500A2C7F440A0D
S3159003E9502E7F370A307F2B0A327F1E0A347F120AA4
S3159003E960367F060A387FF9093A7FED093C7FE0093D
S3159003E9703E7FD409407FC709427FBB09437FAF09D6
S3159003E980457FA209477F9609497F89094B7F7D0970
S3159003E9904D7F70094F7F6409517F5809527F4B0908
S3159003E9A0547F3F09567F3209587F26095A7F1909A2
S3159003E9B05B7F0D095D7F01095F7FF408617FE8083E
S3159003E9C0627FDB08647FCF08667FC208687FB608DC
S3159003E9D0697FA9086B7F9D086D7F91086E7F840878
S3159003E9E0707F7808727F6B08737F5F08757F520814
S3159003E9F0777F4608787F39087A7F2D087B7F2008B2
S3159003EA007D7F14087F7F0708807FFB07827FEF0750
S3159003EA10837FE207857FD607867FC907887FBD07F1
S3159003EA20897FB0078B7FA4078C7F97078E7F8B0791
S3159003EA308F7F7E07917F7207927F6507947F590731
S3159003EA40957F4C07977F4007987F3307997F2707D2
S3159003EA509B7F1A079C7F0E079E7F01079F7FF50674
S3159003EA60A07FE806A27FDC06A37FCF06A47FC3061A
S3159003EA70A67FB606A77FAA06A87F9D06AA7F9106BC
S3159003EA80AB7F8406AC7F7806AD7F6B06AF7F5F0660
S3159003EA90B07F5206B17F4606B27F3906B47F2D0604
S3159003EAA0B57F2006B67F1406B77F0706B87FFB05AA
S3159003EAB0B97FEE05BB7FE205BC7FD505BD7FC90552
S3159003EAC0BE7FBC05BF7FB005C07FA305C17F9705F9
S3159003EAD0C37F8A05C47F7E05C57F7105C67F65059D
S3159003EAE0C77F5805C87F4C05C97F3F05CA7F330545
S3159003EAF0CB7F2605CC7F1A05CD7F0D05CE7F0005EE
S3159003EB00CF7FF404D07FE704D17FDB04D27FCE049A
S3159003EB10D37FC204D47FB504D57FA904D57F9C0443
S3159003EB20D67F9004D77F8304D87F7704D97F6A04EE
S3159003EB30DA7F5E04DB7F5104DC7F4404DC7F380498
S3159003EB40DD7F2B04DE7F1F04DF7F1204E07F060444
S3159003EB50E07FF903E17FED03E27FE003E37FD403F4
S3159003EB60E37FC703E47FBB03E57FAE03E67FA103A1
S3159003EB70E67F9503E77F8803E87F7C03E87F6F034F
S3159003EB80E97F6303EA7F5603EA7F4A03EB7F3D03FC
S3159003EB90EC7F3003EC7F2403ED7F1703ED7F0B03AC
S3159003EBA0EE7FFE02EF7FF202EF7FE502F07FD9025E
S3159003EBB0F07FCC02F17FC002F17FB302F27FA6020F
S3159003EBC0F27F9A02F37F8D02F37F8102F47F7402C0
S3159003EBD0F47F6802F57F5B02F57F4E02F67F420271
S3159003EBE0F67F3502F77F2902F77F1C02F77F100223
S3159003EBF0F87F0302F87FF701F97FEA01F97FDD01D8
S3159003EC00F97FD101FA7FC401FA7FB801FA7FAB018C
S3159003EC10FB7F9F01FB7F9201FB7F8601FC7F79013E
S3159003EC20FC7F6C01FC7F6001FC7F5301FD7F4701F4
S3159003EC30FD7F3A01FD7F2E01FD7F2101FE7F1401A9
S3159003EC40FE7F0801FE7FFB00FE7FEF00FE7FE20062
S3159003EC50FF7FD600FF7FC900FF7FBC00FF7FB00018
S3159003EC60FF7FA300FF7F9700FF7F8A00FF7F7E00D1
S3159003EC70FF7F7100FF7F6500FF7F5800FF7F4B008A
S3159003EC80FF7F3F00FF7F3200FF7F2600FF7F190043
S3159003EC90FF7F0D00FF7F0000FF7FF3FFFF7FE7FFFE
S3159003ECA0FF7FDAFFFF7FCEFFFF7FC1FFFF7FB5FFB9
S3159003ECB0FF7FA8FFFF7F9BFFFF7F8FFFFF7F82FF73
S3159003ECC0FF7F76FFFF7F69FFFF7F5DFFFF7F50FF2B
S3159003ECD0FF7F44FFFF7F37FFFF7F2AFFFE7F1EFFE5
S3159003ECE0FE7F11FFFE7F05FFFE7FF8FEFE7FECFEA3
S3159003ECF0FD7FDFFEFD7FD2FEFD7FC6FEFD7FB9FE63
S3159003ED00FC7FADFEFC7FA0FEFC7F94FEFC7F87FE1E
S3159003ED10FB7F7AFEFB7F6EFEFB7F61FEFA7F55FEDD
S3159003ED20FA7F48FEFA7F3CFEF97F2FFEF97F23FE9A
S3159003ED30F97F16FEF87F09FEF87FFDFDF77FF0FD5C
S3159003ED40F77FE4FDF77FD7FDF67FCBFDF67FBEFD1C
S3159003ED50F57FB2FDF57FA5FDF47F98FDF47F8CFDDD
S3159003ED60F37F7FFDF37F73FDF27F66FDF27F5AFD9E
S3159003ED70F17F4DFDF17F40FDF07F34FDF07F27FD60
S3159003ED80EF7F1BFDEF7F0EFDEE7F02FDED7FF5FC22
S3159003ED90ED7FE9FCEC7FDCFCEC7FD0FCEB7FC3FCE6
S3159003EDA0EA7FB6FCEA7FAAFCE97F9DFCE87F91FCAB
S3159003EDB0E87F84FCE77F78FCE67F6BFCE67F5FFC6D
S3159003EDC0E57F52FCE47F45FCE37F39FCE37F2CFC33
S3159003EDD0E27F20FCE17F13FCE07F07FCE07FFAFBF8
S3159003EDE0DF7FEEFBDE7FE1FBDD7FD5FBDC7FC8FBC0
S3159003EDF0DC7FBCFBDB7FAFFBDA7FA2FBD97F96FB85
S3159003EE00D87F89FBD77F7DFBD67F70FBD57F64FB4D
S3159003EE10D57F57FBD47F4BFBD37F3EFBD27F32FB11
S3159003EE20D17F25FBD07F19FBCF7F0CFBCE7F00FBD9
S3159003EE30CD7FF3FACC7FE6FACB7FDAFACA7FCDFAA7
S3159003EE40C97FC1FAC87FB4FAC77FA8FAC67F9BFA6F
S3159003EE50C57F8FFAC47F82FAC37F76FAC17F69FA38
S3159003EE60C07F5DFABF7F50FABE7F44FABD7F37FA03
S3159003EE70BC7F2BFABB7F1EFAB97F12FAB87F05FACD
S3159003EE80B77FF9F9B67FECF9B57FE0F9B47FD3F99B
S3159003EE90B27FC7F9B17FBAF9B07FAEF9AF7FA1F967
S3159003EEA0AD7F95F9AC7F88F9AB7F7CF9AA7F6FF933
S3159003EEB0A87F63F9A77F56F9A67F4AF9A47F3DF900
S3159003EEC0A37F31F9A27F24F9A07F18F99F7F0BF9CD
S3159003EED09E7FFFF89C7FF2F89B7FE6F8997FD9F89F
S3159003EEE0987FCDF8977FC0F8957FB4F8947FA7F86D
S3159003EEF0927F9BF8917F8EF88F7F82F88E7F75F83D
S3159003EF008C7F69F88B7F5CF8897F50F8887F43F80C
S3159003EF10867F37F8857F2AF8837F1EF8827F11F8DC
S3159003EF20807F05F87F7FF9F77D7FECF77B7FE0F7AE
S3159003EF307A7FD3F7787FC7F7777FBAF7757FAEF780
S3159003EF40737FA1F7727F95F7707F88F76E7F7CF753
S3159003EF506D7F6FF76B7F63F7697F57F7687F4AF724
S3159003EF60667F3EF7647F31F7627F25F7617F18F7F7
S3159003EF705F7F0CF75D7FFFF65B7FF3F65A7FE7F6CD
S3159003EF80587FDAF6567FCEF6547FC1F6527FB5F6A2
S3159003EF90517FA8F64F7F9CF64D7F90F64B7F83F675
S3159003EFA0497F77F6477F6AF6457F5EF6437F51F64C
S3159003EFB0427F45F6407F39F63E7F2CF63C7F20F61E
S3159003EFC03A7F13F6387F07F6367FFAF5347FEEF5F8
S3159003EFD0327FE2F5307FD5F52E7FC9F52C7FBCF5D0
S3159003EFE02A7FB0F5287FA4F5267F97F5247F8BF5A6
S3159003EFF0227F7EF5207F72F51E7F66F51C7F59F57D
S3159003F000197F4DF5177F40F5157F34F5137F28F556
S3159003F010117F1BF50F7F0FF50D7F03F50A7FF6F42E
S3159003F020087FEAF4067FDDF4047FD1F4027FC5F40A
S3159003F030007FB8F4FD7EACF4FB7EA0F4F97E93F4E6
S3159003F040F77E87F4F47E7BF4F27E6EF4F07E62F4C0
S3159003F050ED7E55F4EB7E49F4E97E3DF4E77E30F49C
S3159003F060E47E24F4E27E18F4E07E0BF4DD7EFFF377
S3159003F070DB7EF3F3D87EE6F3D67EDAF3D47ECEF355
S3159003F080D17EC1F3CF7EB5F3CC7EA9F3CA7E9CF332
S3159003F090C87E90F3C57E84F3C37E77F3C07E6BF30D
S3159003F0A0BE7E5FF3BB7E52F3B97E46F3B67E3AF3EA
S3159003F0B0B47E2DF3B17E21F3AF7E15F3AC7E08F3C8
S3159003F0C0AA7EFCF2A77EF0F2A57EE4F2A27ED7F2A8
S3159003F0D09F7ECBF29D7EBFF29A7EB2F2987EA6F287
S3159003F0E0957E9AF2927E8EF2907E81F28D7E75F265
S3159003F0F08A7E69F2887E5CF2857E50F2827E44F245
S3159003F100807E38F27D7E2BF27A7E1FF2777E13F223
S3159003F110757E07F2727EFAF16F7EEEF16C7EE2F106
S3159003F1206A7ED5F1677EC9F1647EBDF1617EB1F1E8
S3159003F1305E7EA4F15C7E98F1597E8CF1567E80F1C9
S3159003F140537E74F1507E67F14D7E5BF14A7E4FF1AB
S3159003F150487E43F1457E36F1427E2AF13F7E1EF18B
S3159003F1603C7E12F1397E05F1367EF9F0337EEDF071
S3159003F170307EE1F02D7ED5F02A7EC8F0277EBCF056
S3159003F180247EB0F0217EA4F01E7E98F01B7E8BF039
S3159003F190187E7FF0157E73F0127E67F00F7E5BF01C
S3159003F1A00C7E4EF0097E42F0067E36F0037E2AF000
S3159003F1B0FF7D1EF0FC7D12F0F97D05F0F67DF9EFEB
S3159003F1C0F37DEDEFF07DE1EFED7DD5EFE97DC9EFD1
S3159003F1D0E67DBCEFE37DB0EFE07DA4EFDD7D98EFB8
S3159003F1E0D97D8CEFD67D80EFD37D74EFD07D67EF9D
S3159003F1F0CC7D5BEFC97D4FEFC67D43EFC27D37EF85
S3159003F200BF7D2BEFBC7D1FEFB97D13EFB57D06EF69
S3159003F210B27DFAEEAF7DEEEEAB7DE2EEA87DD6EE55
S3159003F220A47DCAEEA17DBEEE9E7DB2EE9A7DA6EE3C
S3159003F230977D99EE937D8DEE907D81EE8D7D75EE26
S3159003F240897D69EE867D5DEE827D51EE7F7D45EE0D
S3159003F2507B7D39EE787D2DEE747D21EE717D15EEF5
S3159003F2606D7D09EE6A7DFCED667DF0ED637DE4EDE3
S3159003F2705F7DD8ED5B7DCCED587DC0ED547DB4EDCF
S3159003F280517DA8ED4D7D9CED497D90ED467D84EDB8
S3159003F290427D78ED3F7D6CED3B7D60ED377D54EDA2
S3159003F2A0347D48ED307D3CED2C7D30ED287D24ED8D
S3159003F2B0257D18ED217D0CED1D7D00ED1A7DF4EC79
S3159003F2C0167DE8EC127DDCEC0E7DD0EC0B7DC4EC68
S3159003F2D0077DB8EC037DACECFF7CA0ECFB7C94EC57
S3159003F2E0F87C88ECF47C7CECF07C70ECEC7C64EC45
S3159003F2F0E87C58ECE47C4CECE07C40ECDD7C34EC34
S3159003F300D97C28ECD57C1CECD17C10ECCD7C05EC1F
S3159003F310C97CF9EBC57CEDEBC17CE1EBBD7CD5EB10
S3159003F320B97CC9EBB57CBDEBB17CB1EBAD7CA5EB00
S3159003F330A97C99EBA57C8DEBA17C81EB9D7C75EBF0
S3159003F340997C6AEB957C5EEB917C52EB8D7C46EBDC
S3159003F350897C3AEB857C2EEB817C22EB7D7C16EBCC
S3159003F360797C0AEB747CFFEA707CF3EA6C7CE7EABF
S3159003F370687CDBEA647CCFEA607CC3EA5B7CB7EAB1
S3159003F380577CACEA537CA0EA4F7C94EA4B7C88EAA0
S3159003F390467C7CEA427C70EA3E7C65EA3A7C59EA92
S3159003F3A0367C4DEA317C41EA2D7C35EA297C29EA83
S3159003F3B0247C1EEA207C12EA1C7C06EA177CFAE976
S3159003F3C0137CEEE90F7CE3E90A7CD7E9067CCBE96B
S3159003F3D0027CBFE9FD7BB4E9F97BA8E9F57B9CE95F
S3159003F3E0F07B90E9EC7B84E9E77B79E9E37B6DE954
S3159003F3F0DE7B61E9DA7B55E9D67B4AE9D17B3EE947
S3159003F400CD7B32E9C87B26E9C47B1BE9BF7B0FE939
S3159003F410BB7B03E9B67BF7E8B27BECE8AD7BE0E830
S3159003F420A97BD4E8A47BC9E89F7BBDE89B7BB1E825
S3159003F430967BA5E8927B9AE88D7B8EE8887B82E81B
S3159003F440847B77E87F7B6BE87B7B5FE8767B54E80E
S3159003F450717B48E86D7B3CE8687B31E8637B25E804
S3159003F4605F7B19E85A7B0EE8557B02E8507BF6E7FB
S3159003F4704C7BEBE7477BDFE7427BD3E73E7BC8E7F3
S3159003F480397BBCE7347BB1E72F7BA5E72A7B99E7EA
S3159003F490267B8EE7217B82E71C7B77E7177B6BE7DF
S3159003F4A0127B5FE70E7B54E7097B48E7047B3DE7D6
S3159003F4B0FF7A31E7FA7A25E7F57A1AE7F07A0EE7D3
S3159003F4C0EB7A03E7E67AF7E6E27AECE6DD7AE0E6CC
S3159003F4D0D87AD4E6D37AC9E6CE7ABDE6C97AB2E6C5
S3159003F4E0C47AA6E6BF7A9BE6BA7A8FE6B57A84E6BD
S3159003F4F0B07A78E6AB7A6DE6A67A61E6A17A56E6B5
S3159003F5009C7A4AE6977A3FE6927A33E68D7A28E6AC
S3159003F510887A1CE6827A11E67D7A05E6787AFAE5A8
S3159003F520737AEEE56E7AE3E5697AD7E5647ACCE5A4
S3159003F5305F7AC0E5597AB5E5547AA9E54F7A9EE59F
S3159003F5404A7A92E5457A87E53F7A7CE53A7A70E599
S3159003F550357A65E5307A59E52B7A4EE5257A42E593
S3159003F560207A37E51B7A2CE5167A20E5107A15E58D
S3159003F5700B7A09E5067AFEE4007AF3E4FB79E7E48D
S3159003F580F679DCE4F079D0E4EB79C5E4E679BAE48C
S3159003F590E079AEE4DB79A3E4D67998E4D0798CE488
S3159003F5A0CB7981E4C57976E4C0796AE4BB795FE483
S3159003F5B0B57954E4B07948E4AA793DE4A57932E47F
S3159003F5C09F7926E49A791BE4947910E48F7904E47D
S3159003F5D08979F9E38479EEE37E79E2E37979D7E37E
S3159003F5E07379CCE36E79C1E36879B5E36379AAE37A
S3159003F5F05D799FE3587994E3527988E34C797DE377
S3159003F600477972E3417967E33B795BE3367950E374
S3159003F610307945E32B793AE325792EE31F7923E372
S3159003F6201A7918E314790DE30E7901E30979F6E271
S3159003F6300379EBE2FD78E0E2F778D5E2F278CAE275
S3159003F640EC78BEE2E678B3E2E078A8E2DB789DE276
S3159003F650D57892E2CF7887E2C9787BE2C37870E275
S3159003F660BE7865E2B8785AE2B2784FE2AC7844E273
S3159003F670A67839E2A1782DE29B7822E2957817E273
S3159003F6808F780CE2897801E28378F6E17D78EBE175
S3159003F6907778E0E17178D5E16B78CAE16678BEE177
S3159003F6A06078B3E15A78A8E154789DE14E7892E177
S3159003F6B0487887E142787CE13C7871E1367866E177
S3159003F6C030785BE12A7850E1247845E11E783AE177
S3159003F6D018782FE1127824E10B7819E105780EE179
S3159003F6E0FF7703E1F977F8E0F377EDE0ED77E2E082
S3159003F6F0E777D7E0E177CCE0DB77C1E0D577B6E083
S3159003F700CE77ABE0C877A0E0C27795E0BC778AE086
S3159003F710B6777FE0B07774E0A97769E0A3775EE088
S3159003F7209D7754E0977749E090773EE08A7733E088
S3159003F730847728E07E771DE0777712E0717707E08C
S3159003F7406B77FCDF6577F1DF5E77E7DF5877DCDF92
S3159003F7505277D1DF4B77C6DF4577BBDF3F77B0DF95
S3159003F7603877A5DF32779BDF2C7790DF257785DF98
S3159003F7701F777ADF18776FDF127765DF0C775ADF9B
S3159003F78005774FDFFF7644DFF87639DFF2762FDFA2
S3159003F790EB7624DFE57619DFDF760EDFD87603DFA7
S3159003F7A0D276F9DECB76EEDEC576E3DEBE76D8DEAE
S3159003F7B0B876CEDEB176C3DEAB76B8DEA476ADDEB2
S3159003F7C09D76A3DE977698DE90768DDE8A7683DEB7
S3159003F7D0837678DE7D766DDE767662DE6F7658DEBC
S3159003F7E069764DDE627642DE5C7638DE55762DDEC0
S3159003F7F04E7622DE487618DE41760DDE3A7602DEC6
S3159003F8003476F8DD2D76EDDD2676E2DD2076D8DDCD
S3159003F8101976CDDD1276C3DD0B76B8DD0576ADDDD3
S3159003F820FE75A3DDF77598DDF0758EDDEA7583DDDC
S3159003F830E37578DDDC756EDDD57563DDCE7559DDE3
S3159003F840C8754EDDC17544DDBA7539DDB3752EDDE8
S3159003F850AC7524DDA57519DD9F750FDD987504DDEF
S3159003F8609175FADC8A75EFDC8375E5DC7C75DADCF9
S3159003F8707575D0DC6E75C5DC6775BBDC6175B0DC00
S3159003F8805A75A6DC53759BDC4C7591DC457586DC05
S3159003F8903E757CDC377572DC307567DC29755DDC0B
S3159003F8A0227552DC1B7548DC14753DDC0D7533DC13
S3159003F8B0067529DCFF741EDCF87414DCF17409DC1C
S3159003F8C0EA74FFDBE274F5DBDB74EADBD474E0DB2A
S3159003F8D0CD74D5DBC674CBDBBF74C1DBB874B6DB32
S3159003F8E0B174ACDBAA74A2DBA27497DB9B748DDB39
S3159003F8F0947483DB8D7478DB86746EDB7F7464DB40
S3159003F900777459DB70744FDB697445DB62743BDB48
S3159003F9105B7430DB537426DB4C741CDB457411DB50
S3159003F9203E7407DB3674FDDA2F74F3DA2874E8DA5B
S3159003F9302074DEDA1974D4DA1274CADA0B74BFDA65
S3159003F9400374B5DAFC73ABDAF573A1DAED7397DA70
S3159003F950E6738CDADF7382DAD77378DAD0736EDA7A
S3159003F960C87364DAC1735ADABA734FDAB27345DA83
S3159003F970AB733BDAA37331DA9C7327DA95731DDA8B
S3159003F9808D7313DA867308DA7E73FED97773F4D997
S3159003F9906F73EAD96873E0D96073D6D95973CCD9A2
S3159003F9A05173C2D94A73B8D94273AED93B73A4D9AA
S3159003F9B033739AD92C738FD9247385D91D737BD9B5
S3159003F9C0157371D90D7367D906735DD9FE7253D9C1
S3159003F9D0F77249D9EF723FD9E77235D9E0722BD9CD
S3159003F9E0D87221D9D07217D9C9720DD9C17203D9D8
S3159003F9F0BA72F9D8B272EFD8AA72E6D8A372DCD8E3
S3159003FA009B72D2D89372C8D88B72BED88472B4D8EC
S3159003FA107C72AAD87472A0D86D7296D865728CD8F7
S3159003FA205D7282D8557278D84E726FD8467265D801
S3159003FA303E725BD8367251D82E7247D827723DD80C
S3159003FA401F7233D817722AD80F7220D8077216D816
S3159003FA50FF710CD8F87102D8F071F8D7E871EFD727
S3159003FA60E071E5D7D871DBD7D071D1D7C871C8D734
S3159003FA70C071BED7B971B4D7B171AAD7A971A0D73E
S3159003FA80A17197D799718DD7917183D789717AD748
S3159003FA90817170D7797166D771715CD7697153D754
S3159003FAA0617149D759713FD7517136D749712CD75F
S3159003FAB0417122D7397119D731710FD7297105D76A
S3159003FAC02171FCD61971F2D61171E8D60971DFD678
S3159003FAD00171D5D6F970CBD6F070C2D6E870B8D688
S3159003FAE0E070AFD6D870A5D6D0709BD6C87092D694
S3159003FAF0C07088D6B8707FD6AF7075D6A7706CD69F
S3159003FB009F7062D6977059D68F704FD6877045D6A9
S3159003FB107E703CD6767032D66E7029D666701FD6B6
S3159003FB205D7016D655700CD64D7003D64570F9D5C3
S3159003FB303C70F0D53470E6D52C70DDD52470D4D5D1
S3159003FB401B70CAD51370C1D50B70B7D50270AED5DD
S3159003FB50FA6FA4D5F26F9BD5EA6F92D5E16F88D5EC
S3159003FB60D96F7FD5D06F75D5C86F6CD5C06F63D5F8
S3159003FB70B76F59D5AF6F50D5A76F47D59E6F3DD504
S3159003FB80966F34D58D6F2AD5856F21D57D6F18D510
S3159003FB90746F0ED56C6F05D5636FFCD45B6FF3D41E
S3159003FBA0526FE9D44A6FE0D4416FD7D4396FCDD42D
S3159003FBB0306FC4D4286FBBD4206FB2D4176FA8D438
S3159003FBC00E6F9FD4066F96D4FD6E8DD4F56E83D447
S3159003FBD0EC6E7AD4E46E71D4DB6E68D4D36E5FD454
S3159003FBE0CA6E55D4C26E4CD4B96E43D4B06E3AD461
S3159003FBF0A86E31D49F6E28D4976E1ED48E6E15D46C
S3159003FC00856E0CD47D6E03D4746EFAD36B6EF1D37A
S3159003FC10636EE8D35A6EDFD3516ED5D3496ECCD388
S3159003FC20406EC3D3376EBAD32F6EB1D3266EA8D395
S3159003FC301D6E9FD3156E96D30C6E8DD3036E84D3A0
S3159003FC40FA6D7BD3F26D72D3E96D69D3E06D60D3B0
S3159003FC50D76D57D3CF6D4ED3C66D45D3BD6D3CD3BC
S3159003FC60B46D33D3AB6D2AD3A36D21D39A6D18D3C9
S3159003FC70916D0FD3886D06D37F6DFDD2766DF4D2D9
S3159003FC806E6DEBD2656DE2D25C6DD9D2536DD1D2E6
S3159003FC904A6DC8D2416DBFD2386DB6D22F6DADD2F3
S3159003FCA0276DA4D21E6D9BD2156D92D20C6D8AD2FE
S3159003FCB0036D81D2FA6C78D2F16C6FD2E86C66D20E
S3159003FCC0DF6C5DD2D66C55D2CD6C4CD2C46C43D21C
S3159003FCD0BB6C3AD2B26C31D2A96C29D2A06C20D229
S3159003FCE0976C17D28E6C0ED2856C06D27C6CFDD136
S3159003FCF0736CF4D16A6CEBD1616CE3D1586CDAD145
S3159003FD004F6CD1D1466CC9D13D6CC0D1346CB7D14F
S3159003FD102B6CAFD1216CA6D1186C9DD10F6C95D15C
S3159003FD20066C8CD1FD6B83D1F46B7BD1EB6B72D16B
S3159003FD30E26B69D1D86B61D1CF6B58D1C66B50D179
S3159003FD40BD6B47D1B46B3ED1AB6B36D1A16B2DD185
S3159003FD50986B25D18F6B1CD1866B14D17D6B0BD190
S3159003FD60736B03D16A6BFAD0616BF2D0586BE9D09F
S3159003FD704E6BE0D0456BD8D03C6BD0D0336BC7D0AD
S3159003FD80296BBFD0206BB6D0176BAED00D6BA5D0B9
S3159003FD90046B9DD0FB6A94D0F26A8CD0E86A83D0C8
S3159003FDA0DF6A7BD0D66A73D0CC6A6AD0C36A62D0D4
S3159003FDB0B96A59D0B06A51D0A76A49D09D6A40D0E2
S3159003FDC0946A38D08B6A30D0816A27D0786A1FD0EC
S3159003FDD06E6A16D0656A0ED05C6A06D0526AFECFFA
S3159003FDE0496AF5CF3F6AEDCF366AE5CF2C6ADCCF09
S3159003FDF0236AD4CF1A6ACCCF106AC4CF076ABBCF13
S3159003FE00FD69B3CFF469ABCFEA69A3CFE1699ACF22
S3159003FE10D76992CFCE698ACFC46982CFBB6979CF2E
S3159003FE20B16971CFA76969CF9E6961CF946959CF3B
S3159003FE308B6951CF816948CF786940CF6E6938CF46
S3159003FE40656930CF5B6928CF516920CF486918CF50
S3159003FE503E6910CF356907CF2B69FFCE2169F7CE5F
S3159003FE601869EFCE0E69E7CE0469DFCEFB68D7CE6D
S3159003FE70F168CFCEE768C7CEDE68BFCED468B7CE7B
S3159003FE80CA68AFCEC168A7CEB7689FCEAD6897CE86
S3159003FE90A4688FCE9A6887CE90687FCE866877CE91
S3159003FEA07D686FCE736867CE69685FCE606857CE9C
S3159003FEB056684FCE4C6847CE426840CE386838CEA7
S3159003FEC02F6830CE256828CE1B6820CE116818CEB1
S3159003FED0086810CEFE6708CEF46701CEEA67F9CDBF
S3159003FEE0E067F1CDD667E9CDCD67E1CDC367D9CDCF
S3159003FEF0B967D2CDAF67CACDA567C2CD9B67BACDD9
S3159003FF009167B2CD8867ABCD7E67A3CD74679BCDE2
S3159003FF106A6793CD60678CCD566784CD4C677CCDED
S3159003FF20426775CD38676DCD2E6765CD24675DCDF8
S3159003FF301A6756CD11674ECD076746CDFD663FCD01
S3159003FF40F36637CDE96630CDDF6628CDD56620CD0D
S3159003FF50CB6619CDC16611CDB76609CDAD6602CD17
S3159003FF60A366FACC9966F3CC8F66EBCC8566E3CC25
S3159003FF707B66DCCC7166D4CC6666CDCC5C66C5CC30
S3159003FF805266BECC4866B6CC3E66AFCC3466A7CC3A
S3159003FF902A66A0CC206698CC166691CC0C6689CC42
S3159003FFA0026682CCF8657ACCED6573CCE3656BCC4F
S3159003FFB0D96564CCCF655DCCC56555CCBB654ECC58
S3159003FFC0B16546CCA6653FCC9C6538CC926530CC62
S3159003FFD0886529CC7E6521CC74651ACC696513CC6A
S3159003FFE05F650BCC556504CC4B65FDCB4165F5CB75
S3159003FFF03665EECB2C65E7CB2265E0CB1865D8CB7F
S315900400000D65D1CB0365CACBF964C2CBEF64BBCB88
S31590040010E464B4CBDA64ADCBD064A5CBC5649ECB93
S31590040020BB6497CBB16490CBA76489CB9C6481CB9A
S3159004003092647ACB886473CB7D646CCB736465CBA2
S3159004004069645ECB5E6456CB54644FCB4A6448CBAA
S315900400503F6441CB35643ACB2B6433CB20642CCBB1
S31590040060166425CB0B641ECB016416CBF7630FCBBA
S31590040070EC6308CBE26301CBD763FACACD63F3CAC8
S31590040080C363ECCAB863E5CAAE63DECAA363D7CAD0
S315900400909963D0CA8E63C9CA8463C2CA7A63BBCAD7
S315900400A06F63B4CA6563ADCA5A63A6CA50639FCADE
S315900400B0456399CA3B6392CA30638BCA266384CAE2
S315900400C01B637DCA116376CA06636FCAFC6268CAEB
S315900400D0F16261CAE7625BCADC6254CAD2624DCAF3
S315900400E0C76246CABC623FCAB26238CAA76232CAFB
S315900400F09D622BCA926224CA88621DCA7D6216CA00
S31590040100726210CA686209CA5D6202CA5362FBC906
S315900401104862F5C93D62EEC93362E7C92862E0C90F
S315900401201E62DAC91362D3C90862CCC9FE61C6C914
S31590040130F361BFC9E861B8C9DE61B2C9D361ABC91D
S31590040140C861A4C9BE619EC9B36197C9A86191C922
S315900401509E618AC9936183C988617DC97D6176C927
S31590040160736170C9686169C95D6163C953615CC92A
S31590040170486155C93D614FC9326148C9286142C930
S315900401801D613BC9126135C907612EC9FD6028C935
S31590040190F26021C9E7601BC9DC6015C9D1600EC93C
S315900401A0C76008C9BC6001C9B160FBC8A660F4C841
S315900401B09B60EEC89160E8C88660E1C87B60DBC846
S315900401C07060D4C86560CEC85B60C8C85060C1C84A
S315900401D04560BBC83A60B5C82F60AEC82460A8C84D
S315900401E01960A2C80F609BC8046095C8F95F8FC850
S315900401F0EE5F89C8E35F82C8D85F7CC8CD5F76C856
S31590040200C25F70C8B75F69C8AC5F63C8A25F5DC858
S31590040210975F57C88C5F50C8815F4AC8765F44C859
S315900402206B5F3EC8605F38C8555F32C84A5F2BC85B
S315900402303F5F25C8345F1FC8295F19C81E5F13C85E
S31590040240135F0DC8085F07C8FD5E01C8F25EFBC761
S31590040250E75EF5C7DC5EEEC7D15EE8C7C65EE2C769
S31590040260BB5EDCC7B05ED6C7A55ED0C79A5ECAC76A
S315900402708F5EC4C7845EBEC7795EB8C76E5EB2C76A
S31590040280635EACC7585EA6C74D5EA0C7425E9AC76A
S31590040290365E95C72B5E8FC7205E89C7155E83C76A
S315900402A00A5E7DC7FF5D77C7F45D71C7E95D6BC76D
S315900402B0DE5D65C7D35D5FC7C75D5AC7BC5D54C76E
S315900402C0B15D4EC7A65D48C79B5D42C7905D3DC76D
S315900402D0855D37C7795D31C76E5D2BC7635D25C76D
S315900402E0585D20C74D5D1AC7425D14C7365D0EC76B
S315900402F02B5D09C7205D03C7155DFDC60A5DF7C66C
S31590040300FF5CF2C6F35CECC6E85CE6C6DD5CE1C66F
S31590040310D25CDBC6C65CD5C6BB5CD0C6B05CCAC66E
S31590040320A55CC5C6995CBFC68E5CB9C6835CB4C66B
S31590040330785CAEC66C5CA8C6615CA3C6565C9DC66A
S315900403404B5C98C63F5C92C6345C8DC6295C87C666
S315900403501E5C82C6125C7CC6075C77C6FC5B71C663
S31590040360F05B6CC6E55B66C6DA5B61C6CE5B5BC664
S31590040370C35B56C6B85B50C6AC5B4BC6A15B45C661
S31590040380965B40C68A5B3BC67F5B35C6745B30C65C
S31590040390685B2AC65D5B25C6525B20C6465B1AC659
S315900403A03B5B15C6305B10C6245B0AC6195B05C653
S315900403B00D5B00C6025BFAC5F75AF5C5EB5AF0C554
S315900403C0E05AEAC5D45AE5C5C95AE0C5BE5ADBC552
S315900403D0B25AD5C5A75AD0C59B5ACBC5905AC6C54D
S315900403E0845AC1C5795ABBC56E5AB6C5625AB1C547
S315900403F0575AACC54B5AA7C5405AA1C5345A9CC541
S31590040400295A97C51D5A92C5125A8DC5065A88C53A
S31590040410FB5983C5EF597EC5E45978C5D85973C538
S31590040420CD596EC5C15969C5B65964C5AA595FC532
S315900404309F595AC5935955C5885950C57C594BC52A
S31590040440715946C5655941C55A593CC54E5937C522
S31590040450435932C537592DC52C5928C5205923C51A
S3159004046014591EC509591AC5FD5815C5F25810C513
S31590040470E6580BC5DB5806C5CF5801C5C358FCC40E
S31590040480B858F7C4AC58F2C4A158EEC49558E9C408
S315900404908958E4C47E58DFC47258DAC46758D6C4FF
S315900404A05B58D1C44F58CCC44458C7C43858C2C4F6
S315900404B02D58BEC42158B9C41558B4C40A58B0C4EA
S315900404C0FE57ABC4F257A6C4E757A1C4DB579DC4E5
S315900404D0CF5798C4C45793C4B8578FC4AC578AC4DB
S315900404E0A15785C4955781C489577CC47E5778C4CF
S315900404F0725773C466576EC45B576AC44F5765C4C4
S31590040500435761C437575CC42C5757C4205753C4B8
S3159004051014574EC409574AC4FD5645C4F15641C4AE
S31590040520E5563CC4DA5638C4CE5633C4C2562FC4A4
S31590040530B6562AC4AB5626C49F5622C493561DC497
S31590040540875619C47C5614C4705610C464560BC48A
S31590040550585607C44C5603C44156FEC33556FAC37F
S315900405602956F6C31D56F1C31256EDC30656E9C372
S31590040570FA55E4C3EE55E0C3E255DCC3D755D7C369
S31590040580CB55D3C3BF55CFC3B355CAC3A755C6C35B
S315900405909B55C2C39055BEC38455BAC37855B5C34B
S315900405A06C55B1C36055ADC35455A9C34955A5C33C
S315900405B03D55A0C331559CC3255598C3195594C32D
S315900405C00D5590C301558CC3F65487C3EA5483C31F
S315900405D0DE547FC3D2547BC3C65477C3BA5473C311
S315900405E0AE546FC3A2546BC3965467C38B5463C300
S315900405F07F545FC373545BC3675457C35B5453C3ED
S315900406004F544FC343544BC3375447C32B5443C3DC
S315900406101F543FC313543BC3075437C3FB5333C3CD
S31590040620F0532FC3E4532BC3D85327C3CC5323C3BC
S31590040630C05320C3B4531CC3A85318C39C5314C3A8
S31590040640905310C384530CC3785308C36C5305C397
S31590040650605301C35453FDC24853F9C23C53F5C287
S315900406603053F2C22453EEC21853EAC20C53E6C274
S315900406700053E3C2F452DFC2E852DBC2DC52D8C262
S31590040680D052D4C2C452D0C2B852CCC2AC52C9C24F
S31590040690A052C5C29452C1C28852BEC27C52BAC23A
S315900406A07052B7C26452B3C25852AFC24C52ACC223
S315900406B04052A8C23452A5C22852A1C21C529DC20D
S315900406C010529AC2045296C2F75193C2EB518FC2FA
S315900406D0DF518CC2D35188C2C75185C2BB5181C2E6
S315900406E0AF517EC2A3517AC2975177C28B5173C2CE
S315900406F07F5170C273516DC2675169C25A5166C2B5
S315900407004E5162C242515FC236515CC22A5158C29E
S315900407101E5155C2125151C206514EC2FA504BC285
S31590040720ED5047C2E15044C2D55041C2C9503EC271
S31590040730BD503AC2B15037C2A55034C2995030C256
S315900407408C502DC280502AC2745027C2685023C23E
S315900407505C5020C250501DC244501AC2375017C222
S315900407602B5013C21F5010C213500DC207500AC209
S31590040770FB4F07C2EE4F04C2E24F01C2D64FFDC1F2
S31590040780CA4FFAC1BE4FF7C1B24FF4C1A54FF1C1DA
S31590040790994FEEC18D4FEBC1814FE8C1754FE5C1BD
S315900407A0684FE2C15C4FDFC1504FDCC1444FD9C1A1
S315900407B0384FD6C12B4FD3C11F4FD0C1134FCDC184
S315900407C0074FCAC1FB4EC7C1EE4EC4C1E24EC1C16A
S315900407D0D64EBEC1CA4EBBC1BD4EB8C1B14EB6C14E
S315900407E0A54EB3C1994EB0C18C4EADC1804EAAC12F
S315900407F0744EA7C1684EA4C15C4EA2C14F4E9FC110
S31590040800434E9CC1374E99C12B4E96C11E4E94C1F0
S31590040810124E91C1064E8EC1F94D8BC1ED4D89C1D3
S31590040820E14D86C1D54D83C1C84D80C1BC4D7EC1B5
S31590040830B04D7BC1A44D78C1974D76C18B4D73C194
S315900408407F4D70C1724D6EC1664D6BC15A4D68C174
S315900408504E4D66C1414D63C1354D61C1294D5EC151
S315900408601C4D5BC1104D59C1044D56C1F84C54C131
S31590040870EB4C51C1DF4C4FC1D34C4CC1C64C4AC111
S31590040880BA4C47C1AE4C45C1A14C42C1954C40C1EE
S31590040890894C3DC17C4C3BC1704C38C1644C36C1CB
S315900408A0574C34C14B4C31C13F4C2FC1324C2CC1A7
S315900408B0264C2AC11A4C28C10D4C25C1014C23C182
S315900408C0F54B20C1E84B1EC1DC4B1CC1D04B19C162
S315900408D0C34B17C1B74B15C1AB4B13C19E4B10C13C
S315900408E0924B0EC1854B0CC1794B09C16D4B07C117
S315900408F0604B05C1544B03C1484B00C13B4BFEC0F2
S315900409002F4BFCC0234BFAC0164BF8C00A4BF6C0CB
S31590040910FD4AF3C0F14AF1C0E54AEFC0D84AEDC0AA
S31590040920CC4AEBC0C04AE9C0B34AE7C0A74AE4C080
S315900409309A4AE2C08E4AE0C0824ADEC0754ADCC05A
S31590040940694ADAC05C4AD8C0504AD6C0444AD4C030
S31590040950374AD2C02B4AD0C01E4ACEC0124ACCC007
S31590040960064ACAC0F949C8C0ED49C6C0E049C4C0E0
S31590040970D449C2C0C749C0C0BB49BEC0AF49BDC0B7
S31590040980A249BBC09649B9C08949B7C07D49B5C08B
S315900409907049B3C06449B1C05849AFC04B49AEC061
S315900409A03F49ACC03249AAC02649A8C01949A6C035
S315900409B00D49A5C00149A3C0F448A1C0E8489FC009
S315900409C0DB489EC0CF489CC0C2489AC0B64898C0DF
S315900409D0A94897C09D4895C0914893C0844892C0B1
S315900409E0784890C06B488EC05F488DC052488BC083
S315900409F0464889C0394888C02D4886C0204885C055
S31590040A00144883C0074881C0FB4780C0EF477EC027
S31590040A10E2477DC0D6477BC0C9477AC0BD4778C0F8
S31590040A20B04777C0A44775C0974774C08B4772C0C8
S31590040A307E4771C072476FC065476EC059476CC098
S31590040A404C476BC0404769C0334768C0274767C067
S31590040A501A4765C00E4764C0014762C0F54661C037
S31590040A60E84660C0DC465EC0CF465DC0C3465CC007
S31590040A70B6465AC0AA4659C09D4658C0914656C0D5
S31590040A80844655C0784654C06B4653C05F4651C0A1
S31590040A90524650C046464FC039464EC02D464CC06D
S31590040AA020464BC014464AC0074649C0FB4548C039
S31590040AB0EE4547C0E24545C0D54544C0C94543C007
S31590040AC0BC4542C0B04541C0A34540C097453FC0D0
S31590040AD08A453DC07E453CC071453BC065453AC09C
S31590040AE0584539C04C4538C03F4537C0334536C064
S31590040AF0264535C01A4534C00D4533C0004532C02D
S31590040B00F44431C0E74430C0DB442FC0CE442EC0F9
S31590040B10C2442DC0B5442CC0A9442BC09C442BC0C0
S31590040B2090442AC0834429C0774428C06A4427C085
S31590040B305E4426C0514425C0444424C0384424C04D
S31590040B402B4423C01F4422C0124421C0064420C013
S31590040B50F94320C0ED431FC0E0431EC0D4431DC0DB
S31590040B60C7431DC0BB431CC0AE431BC0A1431AC0A0
S31590040B7095431AC0884319C07C4318C06F4318C064
S31590040B80634317C0564316C04A4316C03D4315C027
S31590040B90304314C0244314C0174313C00B4313C0EB
S31590040BA0FE4212C0F24211C0E54211C0D94210C0B1
S31590040BB0CC4210C0C0420FC0B3420FC0A6420EC072
S31590040BC09A420EC08D420DC081420DC074420CC033
S31590040BD068420CC05B420BC04E420BC042420AC0F4
S31590040BE035420AC0294209C01C4209C0104209C0B4
S31590040BF0034208C0F74108C0EA4107C0DD4107C077
S31590040C00D14107C0C44106C0B84106C0AB4106C035
S31590040C109F4105C0924105C0864105C0794104C0F3
S31590040C206C4104C0604104C0534104C0474103C0B1
S31590040C303A4103C02E4103C0214103C0144102C06E
S31590040C40084102C0FB4002C0EF4002C0E24002C02D
S31590040C50D64001C0C94001C0BC4001C0B04001C0EB
S31590040C60A34001C0974001C08A4001C07E4000C0A5
S31590040C70714000C0654000C0584000C04B4000C061
S31590040C803F4000C0324000C0264000C0194000C01A
S31590040C900D4000C0FF7F0000FF7FC900FD7F9201D9
S31590040CA0FA7F5B02F67F2403F07FED03E97FB604B7
S31590040CB0E17F7F05D87F4706CE7F1007C27FD9078D
S31590040CC0B57FA208A77F6A09977F330A877FFB0AB5
S31590040CD0757FC30B627F8B0C4D7F530D387F1B0E34
S31590040CE0217FE30E097FAB0FF07E7210D57E39110A
S31590040CF0BA7E01129D7EC8127F7E8E135F7E551436
S31590040D003F7E1B151D7EE215FA7DA816D67D6D17BE
S31590040D10B07D33188A7DF818627DBD19397D821AA3
S31590040D200F7D471BE37C0B1CB77CCF1C897C931DE2
S31590040D305A7C561E297C191FF87BDC1FC57B9F2085
S31590040D40927B61215D7B2322267BE522EF7AA62383
S31590040D50B67A67247D7A2825427AE825057AA826E4
S31590040D60C87967278A7926284A79E5280979A329AB
S31590040D70C778612A84781F2B4078DC2BFA77982CD5
S31590040D80B477552D6C77112E2377CC2ED976872F61
S31590040D908E7641304176FB30F475B531A5756E3259
S31590040DA0557526330475DE33B27496345F744D35B7
S31590040DB00B740436B573BA365F736F37077324387A
S31590040DC0AF72D83855728C39FA71403A9E71F23AAC
S31590040DD04171A53BE270563C8370073D2370B83D44
S31590040DE0C16F683E5F6F173FFB6EC53F966E73404B
S31590040DF0306E2141CA6DCE41626D7A42F96C2543BB
S31590040E008F6CD043246C7A44B86B24454A6BCD4599
S31590040E10DC6A75466D6A1C47FD69C3478C696948E7
S31590040E2019690F49A668B4493268584ABD67FB4A9E
S31590040E3046679E4BCF663F4C5766E14CDD65814DC8
S31590040E406365214EE864BF4E6C645E4FEF63FB4F5F
S31590040E5071639750F26233517162CE51F161695266
S31590040E606F610253EC609B5368603354E35FCA54DA
S31590040E705E5F6055D75EF555505E8A56C75D1D57C1
S31590040E803E5DB057B45C4258295CD4589D5B645916
S31590040E90105BF359825A825AF359105B64599D5BDD
S31590040EA0D458295C4258B45CB0573E5D1D57C75D13
S31590040EB08A56505EF555D75E60555E5FCA54E35FB9
S31590040EC0335468609B53EC6002536F616952F161CD
S31590040ED0CE5171623351F26297507163FB4FEF6357
S31590040EE05E4F6C64BF4EE864214E6365814DDD654B
S31590040EF0E14C57663F4CCF669E4B4667FB4ABD67AF
S31590040F00584A3268B449A6680F49196969488C6980
S31590040F10C347FD691C476D6A7546DC6ACD454A6BC5
S31590040F202445B86B7A44246CD0438F6C2543F96C72
S31590040F307A42626DCE41CA6D2141306E7340966E8F
S31590040F40C53FFB6E173F5F6F683EC16FB83D237018
S31590040F50073D8370563CE270A53B4171F23A9E710F
S31590040F60403AFA718C395572D838AF72243807736F
S31590040F706F375F73BA36B57304360B744D355F7439
S31590040F809634B274DE330475263355756E32A57570
S31590040F90B531F475FB30417641308E76872FD9760C
S31590040FA0CC2E2377112E6C77552DB477982CFA770F
S31590040FB0DC2B40781F2B8478612AC778A32909797A
S31590040FC0E5284A7926288A796727C879A826057A4A
S31590040FD0E825427A28257D7A6724B67AA623EF7A7D
S31590040FE0E522267B23225D7B6121927B9F20C57B14
S31590040FF0DC1FF87B191F297C561E5A7C931D897C0D
S31590041000CF1CB77C0B1CE37C471B0F7D821A397D62
S31590041010BD19627DF8188A7D3318B07D6D17D67D1B
S31590041020A816FA7DE2151D7E1B153F7E55145F7E2C
S315900410308E137F7EC8129D7E0112BA7E3911D57E9B
S315900410407210F07EAB0F097FE30E217F1B0E387F63
S31590041050530D4D7F8B0C627FC30B757FFB0A877F85
S31590041060330A977F6A09A77FA208B57FD907C27FFB
S315900410701007CE7F4706D87F7F05E17FB604E97FC8
S31590041080ED03F07F2403F67F5B02FA7F9201FD7FE6
S31590041090C900FF7F0000FF7F36FFFF7F6DFEFD7F57
S315900410A0A4FDFA7FDBFCF67F12FCF07F49FBE97F17
S315900410B080FAE17FB8F9D87FEFF8CE7F26F8C27F21
S315900410C05DF7B57F95F6A77FCCF5977F04F5877F77
S315900410D03CF4757F74F3627FACF24D7FE4F1387F14
S315900410E01CF1217F54F0097F8DEFF07EC6EED57EFC
S315900410F0FEEDBA7E37ED9D7E71EC7F7EAAEB5F7E28
S31590041100E4EA3F7E1DEA1D7E57E9FA7D92E8D67D94
S31590041110CCE7B07D07E78A7D42E6627D7DE5397D41
S31590041120B8E40F7DF4E3E37C30E3B77C6CE2897C2E
S31590041130A9E15A7CE6E0297C23E0F87B60DFC57B55
S315900411409EDE927BDCDD5D7B1ADD267B59DCEF7AB5
S3159004115098DBB67AD7DA7D7A17DA427A57D9057A4E
S3159004116098D8C879D9D78A791AD74A795CD6097919
S315900411709ED5C778E0D4847823D4407867D3FA7719
S31590041180AAD2B477EED16C7733D1237778D0D97647
S31590041190BECF8E7604CF41764ACEF47591CDA575A1
S315900411A0D9CC557521CC047569CBB274B2CA5F7427
S315900411B0FBC90B7445C9B57390C85F73DBC70773D6
S315900411C027C7AF7273C65572BFC5FA710DC59E71A6
S315900411D05AC44171A9C3E270F8C2837047C223709E
S315900411E097C1C16FE8C05F6F3AC0FB6E8CBF966EB5
S315900411F0DEBE306E31BECA6D85BD626DDABCF96CE9
S315900412002FBC8F6C85BB246CDBBAB86B32BA4A6B35
S315900412108AB9DC6AE3B86D6A3CB8FD6996B78C699D
S31590041220F0B619694BB6A668A7B5326804B5BD671A
S3159004123061B44667C0B3CF661EB357667EB2DD65AA
S31590041240DEB1636540B1E864A1B06C6404B0EF6349
S3159004125068AF7163CCAEF26231AE716296ADF161F4
S31590041260FDAC6F6164ACEC60CCAB686035ABE35FAE
S315900412709FAA5E5F0AAAD75E75A9505EE2A8C75D6B
S315900412804FA83E5DBDA7B45C2BA7295C9BA69D5B2E
S315900412900CA6105B7DA5825AEFA4F35962A46459F7
S315900412A0D6A3D4584BA34258C1A2B05738A21D57BF
S315900412B0AFA18A5628A1F555A1A060551CA0CA5481
S315900412C0979F3354139F9B53909E02530E9E69523D
S315900412D08E9DCE510D9D33518E9C9750109CFB4FF5
S315900412E0939B5E4F179BBF4E9C9A214E229A814D9B
S315900412F0A899E14C30993F4CB9989E4B4298FB4A39
S31590041300CD97584A5997B449E6960F4973966948C2
S315900413100296C34792951C4723957546B594CD4539
S3159004132047942445DB937A447093D043069325439C
S315900413309D927A423592CE41CF91214169917340E3
S315900413400491C53FA090173F3E90683EDC8FB83D10
S315900413507C8F073D1D8F563CBE8EA53B618EF23A1F
S31590041360058E403AAA8D8C39508DD838F88C24380D
S31590041370A08C6F374A8CBA36F48B0436A08B4D35D5
S315900413804D8B9634FB8ADE33AA8A26335A8A6E327A
S315900413900B8AB531BE89FB30718941302689872FF6
S315900413A0DC88CC2E9388112E4B88552D0588982C45
S315900413B0BF87DC2B7B871F2B3887612AF686A32968
S315900413C0B586E5287586262837866727FA85A8265A
S315900413D0BD85E82582852825498567241085A62319
S315900413E0D984E522A28423226D8461213A849F20A4
S315900413F00784DC1FD683191FA583561E7683931DF7
S315900414004883CF1C1C830B1CF082471BC682821A0E
S315900414109D82BD197582F8184F82331829826D17EB
S315900414200582A816E281E215C0811B15A081551488
S3159004143080818E136281C812458101122A813911E5
S315900414400F817210F680AB0FDE80E30EC7801B0E01
S31590041450B280530D9D808B0C8A80C30B7880FB0AD7
S315900414606880330A58806A094A80A2083D80D90761
S3159004147031801007278047061E807F051680B604A4
S315900414800F80ED030980240305805B02028092019C
S315900414900080C90000800000008036FF02806DFE47
S315900414A00580A4FD0980DBFC0F8012FC168049FBA5
S315900414B01E8080FA2780B8F93180EFF83D8026F8AF
S315900414C04A805DF7588095F66880CCF5788004F567
S315900414D08A803CF49D8074F3B280ACF2C780E4F1C8
S315900414E0DE801CF1F68054F00F818DEF2A81C6EED2
S315900414F04581FEED628137ED808171ECA081AAEB86
S31590041500C081E4EAE2811DEA058257E9298292E8DC
S315900415104F82CCE7758207E79D8242E6C6827DE5D7
S31590041520F082B8E41C83F4E3488330E376836CE278
S31590041530A583A9E1D683E6E0078423E03A8460DFB5
S315900415406D849EDEA284DCDDD9841ADD108559DC97
S31590041550498598DB8285D7DABD8517DAFA8557D916
S31590041560378698D87586D9D7B5861AD7F6865CD62F
S3159004157038879ED57B87E0D4BF8723D4058867D3E5
S315900415804B88AAD29388EED1DC8833D1268978D039
S315900415907189BECFBE8904CF0B8A4ACE5A8A91CD21
S315900415A0AA8AD9CCFB8A21CC4D8B69CBA08BB2CAA3
S315900415B0F48BFBC94A8C45C9A08C90C8F88CDBC7C0
S315900415C0508D27C7AA8D73C6058EBFC5618E0DC56E
S315900415D0BE8E5AC41D8FA9C37C8FF8C2DC8F47C2B6
S315900415E03E9097C1A090E8C004913AC069918CBF8F
S315900415F0CF91DEBE359231BE9D9285BD0693DABCFF
S3159004160070932FBCDB9385BB4794DBBAB59432BAFF
S3159004161023958AB99295E3B802963CB8739696B791
S31590041620E696F0B659974BB6CD97A7B5429804B5BA
S31590041630B99861B43099C0B3A8991EB3229A7EB270
S315900416409C9ADEB1179B40B1939BA1B0109C04B0B9
S315900416508E9C68AF0D9DCCAE8E9D31AE0E9E96AD92
S31590041660909EFDAC139F64AC979FCCAB1CA035ABFE
S31590041670A1A09FAA28A10AAAAFA175A938A2E2A8F7
S31590041680C1A24FA84BA3BDA7D6A32BA762A49BA682
S31590041690EFA40CA67DA57DA50CA6EFA49BA662A49B
S315900416A02BA7D6A3BDA74BA34FA8C1A2E2A838A245
S315900416B075A9AFA10AAA28A19FAAA1A035AB1CA07F
S315900416C0CCAB979F64AC139FFDAC909E96AD0E9E4B
S315900416D031AE8E9DCCAE0D9D68AF8E9C04B0109CA1
S315900416E0A1B0939B40B1179BDEB19C9A7EB2229A8D
S315900416F01EB3A899C0B3309961B4B99804B5429809
S31590041700A7B5CD974BB65997F0B6E69696B7739616
S315900417103CB80296E3B892958AB9239532BAB594B1
S31590041720DBBA479485BBDB932FBC7093DABC0693E4
S3159004173085BD9D9231BE3592DEBECF918CBF6991A7
S315900417403AC00491E8C0A09097C13E9047C2DC8FFE
S31590041750F8C27C8FA9C31D8F5AC4BE8E0DC5618EE7
S31590041760BFC5058E73C6AA8D27C7508DDBC7F88C67
S3159004177090C8A08C45C94A8CFBC9F48BB2CAA08B7D
S3159004178069CB4D8B21CCFB8AD9CCAA8A91CD5A8A26
S315900417904ACE0B8A04CFBE89BECF718978D026896A
S315900417A033D1DC88EED19388AAD24B8867D3058847
S315900417B023D4BF87E0D47B879ED538875CD6F686BC
S315900417C01AD7B586D9D7758698D8378657D9FA85CC
S315900417D017DABD85D7DA828598DB498559DC108579
S315900417E01ADDD984DCDDA2849EDE6D8460DF3A84C2
S315900417F023E00784E6E0D683A9E1A5836CE27683A9
S3159004180030E34883F4E31C83B8E4F0827DE5C68232
S3159004181042E69D8207E77582CCE74F8292E8298259
S3159004182057E905821DEAE281E4EAC081AAEBA08128
S3159004183071EC808137ED6281FEED4581C6EE2A8199
S315900418408DEF0F8154F0F6801CF1DE80E4F1C780B1
S31590041850ACF2B28074F39D803CF48A8004F578806F
S31590041860CCF5688095F658805DF74A8026F83D80D9
S31590041870EFF83180B8F9278080FA1E8049FB1680EC
S3159004188012FC0F80DBFC0980A4FD05806DFE0280AE
S3159004189036FF0080FF7F0000D87F4706627F8B0C5F
S315900418A09D7EC8128A7DF818297C191F7D7A282571
S315900418B084781F2B4176FB30B573BA36E270563C6A
S315900418C0CA6DCE416D6A1C47CF663F4CF262335166
S315900418D0D75EF555825A825AF555D75E3351F262E0
S315900418E03F4CCF661C476D6ACE41CA6D563CE2703A
S315900418F0BA36B573FB3041761F2B847828257D7ACA
S31590041900191F297CF8188A7DC8129D7E8B0C627FDC
S315900419104706D87F0000FF7FB8F9D87F74F3627FBB
S3159004192037ED9D7E07E78A7DE6E0297CD7DA7D7AD6
S31590041930E0D4847804CF417645C9B573A9C3E270DF
S3159004194031BECA6DE3B86D6AC0B3CF66CCAEF262EF
S315900419500AAAD75E7DA5825A28A1F5550D9D3351C5
S3159004196030993F4C92951C473592CE411D8F563CEB
S315900419704A8CBA36BE89FB307B871F2B82852825F5
S31590041980D683191F7582F8186281C8129D808B0CB4
S3159004199027804706008000002780B8F99D8074F35D
S315900419A0628137ED758207E7D683E6E08285D7DADA
S315900419B07B87E0D4BE8904CF4A8C45C91D8FA9C3C1
S315900419C0359231BE9295E3B83099C0B30D9DCCAEA5
S315900419D028A10AAA7DA57DA50AAA28A1CCAE0D9D0B
S315900419E0C0B33099E3B8929531BE3592A9C31D8F91
S315900419F045C94A8C04CFBE89E0D47B87D7DA8285E1
S31590041A00E6E0D68307E7758237ED628174F39D80AD
S31590041A10B8F92780FF7F00004176FB30825A825ABC
S31590041A20FB3041760000FF7F04CF41767DA5825A34
S31590041A30BE89FB3000800000BE8904CF7DA57DA5BC
S31590041A4004CFBE89FF7F0000FF7F6400FF7FC9003B
S31590041A50FE7F2D01FD7F9201FC7FF601FA7F5B02EA
S31590041A60F87FBF02F67F2403F37F8803F07FED03AC
S31590041A70ED7F5104E97FB604E57F1A05E17F7F0582
S31590041A80DD7FE305D87F4706D37FAC06CE7F10076C
S31590041A90C87F7507C27FD907BC7F3D08B57FA2086A
S31590041AA0AE7F0609A77F6A099F7FCE09977F330A7F
S31590041AB08F7F970A877FFB0A7E7F5F0B757FC30BA9
S31590041AC06B7F270C627F8B0C587FEF0C4D7F530DE9
S31590041AD0437FB70D387F1B0E2D7F7F0E217FE30E3C
S31590041AE0157F470F097FAB0FFD7E0E10F07E7210A7
S31590041AF0E37ED610D57E3911C87E9D11BA7E011229
S31590041B00AB7E64129D7EC8128E7E2B137F7E8E13BF
S31590041B106F7EF2135F7E55144F7EB8143F7E1B156D
S31590041B202E7E7F151D7EE2150C7E4516FA7DA8162F
S31590041B30E87D0A17D67D6D17C37DD017B07D33180F
S31590041B409D7D96188A7DF818767D5B19627DBD1900
S31590041B504E7D201A397D821A247DE41A0F7D471B07
S31590041B60F97CA91BE37C0B1CCD7C6D1CB77CCF1C2C
S31590041B70A07C311D897C931D717CF51D5A7C561E63
S31590041B80427CB81E297C191F117C7B1FF87BDC1FB5
S31590041B90DF7B3E20C57B9F20AC7B0021927B61211D
S31590041BA0777BC2215D7B2322427B8422267BE5229E
S31590041BB00B7B4523EF7AA623D37A0724B67A672438
S31590041BC09A7AC7247D7A28255F7A8825427AE825E9
S31590041BD0247A4826057AA826E7790727C8796727B5
S31590041BE0A979C7278A7926286A7986284A79E52899
S31590041BF02A7944290979A329E878022AC778612A97
S31590041C00A678C02A84781F2B62787D2B4078DC2BAB
S31590041C101D783A2CFA77982CD777F72CB477552DDC
S31590041C209077B32D6C77112E47776E2E2377CC2E23
S31590041C30FE76292FD976872FB376E42F8E76413088
S31590041C4068769E304176FB301B765831F475B53103
S31590041C50CC751132A5756E327D75CA32557526339B
S31590041C602D7582330475DE33DB743A34B27496344C
S31590041C708974F2345F744D353574A8350B74043613
S31590041C80E0735F36B573BA368A7314375F736F37FA
S31590041C903373CA3707732438DB727E38AF72D838F9
S31590041CA08272323955728C392772E639FA71403A12
S31590041CB0CC71993A9E71F23A6F714C3B4171A53B46
S31590041CC01271FD3BE270563CB370AF3C8370073D96
S31590041CD05370603D2370B83DF26F103EC16F683EFD
S31590041CE0906FBF3E5F6F173F2D6F6E3FFB6EC53F84
S31590041CF0C96E1D40966E7340636ECA40306E214124
S31590041D00FD6D7741CA6DCE41966D2442626D7A42DD
S31590041D102D6DD042F96C2543C46C7B438F6CD043B4
S31590041D20596C2544246C7A44EE6BCF44B86B2445A5
S31590041D30816B78454A6BCD45136B2146DC6A7546B3
S31590041D40A56AC9466D6A1C47356A7047FD69C347DB
S31590041D50C46916488C6969485369BC4819690F491E
S31590041D60E0686149A668B4496C68064A3268584A7C
S31590041D70F767A94ABD67FB4A82674C4B46679E4BF9
S31590041D800B67EF4BCF663F4C9366904C5766E14C8E
S31590041D901A66314DDD65814DA065D14D6365214E41
S31590041DA02665704EE864BF4EAA640F4F6C645E4F0E
S31590041DB02D64AC4FEF63FB4FB063495071639750FA
S31590041DC03163E550F2623351B26281517162CE5100
S31590041DD031621C52F1616952B061B5526F6102531E
S31590041DE02D614E53EC609B53AA60E753686033545D
S31590041DF026607E54E35FCA54A05F15555E5F6055B6
S31590041E001A5FAB55D75EF555935E4056505E8A562B
S31590041E100B5ED456C75D1D57835D67573E5DB057BD
S31590041E20F95CF957B45C42586E5C8B58295CD4586B
S31590041E30E35B1C599D5B6459565BAC59105BF35933
S31590041E40C95A3B5A825A825A3B5AC95AF359105B19
S31590041E50AC59565B64599D5B1C59E35BD458295C19
S31590041E608B586E5C4258B45CF957F95CB0573E5D3A
S31590041E706757835D1D57C75DD4560B5E8A56505E71
S31590041E804056935EF555D75EAB551A5F60555E5FC7
S31590041E901555A05FCA54E35F7E5426603354686038
S31590041EA0E753AA609B53EC604E532D6102536F61C6
S31590041EB0B552B0616952F1611C523162CE51716270
S31590041EC08151B2623351F262E55031639750716336
S31590041ED04950B063FB4FEF63AC4F2D645E4F6C6417
S31590041EE00F4FAA64BF4EE864704E2665214E636513
S31590041EF0D14DA065814DDD65314D1A66E14C57662D
S31590041F00904C93663F4CCF66EF4B0B679E4B466760
S31590041F104C4B8267FB4ABD67A94AF767584A3268B1
S31590041F20064A6C68B449A6686149E0680F4919691C
S31590041F30BC48536969488C691648C469C347FD69A6
S31590041F407047356A1C476D6AC946A56A7546DC6A48
S31590041F502146136BCD454A6B7845816B2445B86B06
S31590041F60CF44EE6B7A44246C2544596CD0438F6CE1
S31590041F707B43C46C2543F96CD0422D6D7A42626DD5
S31590041F802442966DCE41CA6D7741FD6D2141306EE6
S31590041F90CA40636E7340966E1D40C96EC53FFB6E14
S31590041FA06E3F2D6F173F5F6FBF3E906F683EC16F58
S31590041FB0103EF26FB83D2370603D5370073D8370B9
S31590041FC0AF3CB370563CE270FD3B1271A53B417138
S31590041FD04C3B6F71F23A9E71993ACC71403AFA71D0
S31590041FE0E63927728C39557232398272D838AF7283
S31590041FF07E38DB7224380773CA3733736F375F734F
S3159004200014378A73BA36B5735F36E07304360B7435
S31590042010A83535744D355F74F23489749634B27438
S315900420203A34DB74DE33047582332D752633557555
S31590042030CA327D756E32A5751132CC75B531F4758B
S3159004204058311B76FB3041769E30687641308E76D9
S31590042050E42FB376872FD976292FFE76CC2E237745
S315900420606E2E4777112E6C77B32D9077552DB477C6
S31590042070F72CD777982CFA773A2C1D78DC2B407866
S315900420807D2B62781F2B8478C02AA678612AC7781C
S31590042090022AE878A329097944292A79E5284A79EC
S315900420A086286A7926288A79C727A9796727C879D5
S315900420B00727E779A826057A4826247AE825427AD6
S315900420C088255F7A28257D7AC7249A7A6724B67AF2
S315900420D00724D37AA623EF7A45230B7BE522267B26
S315900420E08422427B23225D7BC221777B6121927B72
S315900420F00021AC7B9F20C57B3E20DF7BDC1FF87BD9
S315900421007B1F117C191F297CB81E427C561E5A7C53
S31590042110F51D717C931D897C311DA07CCF1CB77CE9
S315900421206D1CCD7C0B1CE37CA91BF97C471B0F7D96
S31590042130E41A247D821A397D201A4E7DBD19627D5A
S315900421405B19767DF8188A7D96189D7D3318B07D37
S31590042150D017C37D6D17D67D0A17E87DA816FA7D2C
S3159004216045160C7EE2151D7E7F152E7E1B153F7E31
S31590042170B8144F7E55145F7EF2136F7E8E137F7E56
S315900421802B138E7EC8129D7E6412AB7E0112BA7E8C
S315900421909D11C87E3911D57ED610E37E7210F07EDD
S315900421A00E10FD7EAB0F097F470F157FE30E217F3F
S315900421B07F0E2D7F1B0E387FB70D437F530D4D7FBA
S315900421C0EF0C587F8B0C627F270C6B7FC30B757F4C
S315900421D05F0B7E7FFB0A877F970A8F7F330A977FF1
S315900421E0CE099F7F6A09A77F0609AE7FA208B57FAD
S315900421F03D08BC7FD907C27F7507C87F1007CE7F7D
S31590042200AC06D37F4706D87FE305DD7F7F05E17F64
S315900422101A05E57FB604E97F5104ED7FED03F07F5F
S315900422208803F37F2403F67FBF02F87F5B02FA7F6D
S31590042230F601FC7F9201FD7F2D01FE7FC900FF7F91
S315900422406400FF7F0000FF7F9BFFFF7F36FFFF7FC9
S31590042250D2FEFE7F6DFEFD7F09FEFC7FA4FDFA7F14
S3159004226040FDF87FDBFCF67F77FCF37F12FCF07F72
S31590042270AEFBED7F49FBE97FE5FAE57F80FAE17FE6
S315900422801CFADD7FB8F9D87F53F9D37FEFF8CE7F68
S315900422908AF8C87F26F8C27FC2F7BC7F5DF7B57F00
S315900422A0F9F6AE7F95F6A77F31F69F7FCCF5977FAB
S315900422B068F58F7F04F5877FA0F47E7F3CF4757F65
S315900422C0D8F36B7F74F3627F10F3587FACF24D7F33
S315900422D048F2437FE4F1387F80F12D7F1CF1217F12
S315900422E0B8F0157F54F0097FF1EFFD7E8DEFF07E07
S315900422F029EFE37EC6EED57E62EEC87EFEEDBA7E0B
S315900423009BEDAB7E37ED9D7ED4EC8E7E71EC7F7E1D
S315900423100DEC6F7EAAEB5F7E47EB4F7EE4EA3F7E41
S3159004232080EA2E7E1DEA1D7EBAE90C7E57E9FA7D77
S31590042330F5E8E87D92E8D67D2FE8C37DCCE7B07DBD
S3159004234069E79D7D07E78A7DA4E6767D42E6627D10
S31590042350DFE54E7D7DE5397D1BE5247DB8E40F7D73
S3159004236056E4F97CF4E3E37C92E3CD7C30E3B77CEA
S31590042370CEE2A07C6CE2897C0AE2717CA9E15A7C6B
S3159004238047E1427CE6E0297C84E0117C23E0F87BFB
S31590042390C1DFDF7B60DFC57BFFDEAC7B9EDE927B9D
S315900423A03DDE777BDCDD5D7B7BDD427B1ADD267B48
S315900423B0BADC0B7B59DCEF7AF8DBD37A98DBB67A06
S315900423C038DB9A7AD7DA7D7A77DA5F7A17DA427ACD
S315900423D0B7D9247A57D9057AF8D8E77998D8C879A5
S315900423E038D8A979D9D78A7979D76A791AD74A7987
S315900423F0BBD62A795CD60979FDD5E8789ED5C77877
S315900424003FD5A678E0D4847882D4627823D4407871
S31590042410C5D31D7867D3FA7708D3D777AAD2B4777A
S315900424204CD29077EED16C7791D1477733D123778D
S31590042430D6D0FE7678D0D9761BD0B376BECF8E76AC
S3159004244061CF687604CF4176A7CE1B764ACEF475D3
S31590042450EECDCC7591CDA57535CD7D75D9CC55750B
S315900424607DCC2D7521CC0475C5CBDB7469CBB27448
S315900424700DCB8974B2CA5F7457CA3574FBC90B7491
S31590042480A0C9E07345C9B573EBC88A7390C85F73E6
S3159004249035C83373DBC7077381C7DB7227C7AF723F
S315900424A0CDC6827273C6557219C62772BFC5FA71A4
S315900424B066C5CC710DC59E71B3C46F715AC4417112
S315900424C002C41271A9C3E27050C3B370F8C2837088
S315900424D09FC2537047C22370EFC1F26F97C1C16F09
S315900424E040C1906FE8C05F6F91C02D6F3AC0FB6E8C
S315900424F0E2BFC96E8CBF966E35BF636EDEBE306E1C
S3159004250088BEFD6D31BECA6DDBBD966D85BD626DAF
S315900425102FBD2D6DDABCF96C84BCC46C2FBC8F6C4A
S31590042520DABB596C85BB246C30BBEE6BDBBAB86BEB
S3159004253087BA816B32BA4A6BDEB9136B8AB9DC6A95
S3159004254036B9A56AE3B86D6A8FB8356A3CB8FD6941
S31590042550E9B7C46996B78C6943B75369F0B61969F4
S315900425609EB6E0684BB6A668F9B56C68A7B53268AE
S3159004257056B5F76704B5BD67B3B4826761B4466769
S3159004258010B40B67C0B3CF666FB393661EB357662A
S31590042590CEB21A667EB2DD652EB2A065DEB16365F3
S315900425A08FB1266540B1E864F0B0AA64A1B06C64BA
S315900425B053B02D6404B0EF63B6AFB06368AF716384
S315900425C01AAF3163CCAEF2627EAEB26231AE716254
S315900425D0E3AD316296ADF1614AADB061FDAC6F6128
S315900425E0B1AC2D6164ACEC6018ACAA60CCAB6860FD
S315900425F081AB266035ABE35FEAAAA05F9FAA5E5FD4
S3159004260054AA1A5F0AAAD75EBFA9935E75A9505EAB
S315900426102BA90B5EE2A8C75D98A8835D4FA83E5D83
S3159004262006A8F95CBDA7B45C74A76E5C2BA7295C5D
S31590042630E3A6E35B9BA69D5B53A6565B0CA6105B39
S31590042640C4A5C95A7DA5825A36A53B5AEFA4F35917
S31590042650A9A4AC5962A464591CA41C59D6A3D458F1
S3159004266091A38B584BA3425806A3F957C1A2B057CE
S315900426707CA2675738A21D57F4A1D456AFA18A56A7
S315900426806CA1405628A1F555E5A0AB55A1A060557F
S315900426905FA015551CA0CA54D99F7E54979F335456
S315900426A0559FE753139F9B53D29E4E53909E02532E
S315900426B04F9EB5520E9E6952CE9D1C528E9DCE5102
S315900426C04D9D81510D9D3351CE9CE5508E9C9750D6
S315900426D04F9C4950109CFB4FD29BAC4F939B5E4FA3
S315900426E0559B0F4F179BBF4ED99A704E9C9A214E6D
S315900426F05F9AD14D229A814DE599314DA899E14C35
S315900427006C99904C30993F4CF498EF4BB9989E4BFA
S315900427107D984C4B4298FB4A0898A94ACD97584ABB
S315900427209397064A5997B4491F976149E6960F4974
S31590042730AC96BC48739669483B9616480296C3472E
S31590042740CA95704792951C475A95C94623957546DE
S31590042750EC942146B594CD457E947845479424458A
S315900427601194CF44DB937A44A69325447093D04333
S315900427703B937B4306932543D292D0429D927A42D1
S31590042780699224423592CE4102927741CF9121416A
S315900427909C91CA406991734036911D400491C53FFE
S315900427A0D2906E3FA090173F6F90BF3E3E90683E8A
S315900427B00D90103EDC8FB83DAC8F603D7C8F073D0D
S315900427C04C8FAF3C1D8F563CED8EFD3BBE8EA53B8C
S315900427D0908E4C3B618EF23A338E993A058E403AFE
S315900427E0D88DE639AA8D8C397D8D3239508DD8386D
S315900427F0248D7E38F88C2438CC8CCA37A08C6F37CD
S31590042800758C14374A8CBA361F8C5F36F48B043623
S31590042810CA8BA835A08B4D35768BF2344D8B963476
S31590042820248B3A34FB8ADE33D28A8233AA8A2633BD
S31590042830828ACA325A8A6E32338A11320B8AB531F7
S31590042840E4895831BE89FB3097899E30718941302D
S315900428504C89E42F2689872F0189292FDC88CC2E51
S31590042860B8886E2E9388112E6F88B32D4B88552D6C
S315900428702888F72C0588982CE2873A2CBF87DC2B7E
S315900428809D877D2B7B871F2B5987C02A3887612A82
S315900428901787022AF686A329D5864429B586E5287C
S315900428A095868628758626285686C7273786672767
S315900428B018860727FA85A826DB854826BD85E82548
S315900428C0A0858825828528256585C724498567241A
S315900428D02C8507241085A623F4844523D984E522E0
S315900428E0BD848422A28423228884C2216D8461219A
S315900428F0538400213A849F2020843E200784DC1F41
S31590042900EE837B1FD683191FBD83B81EA583561EDF
S315900429108E83F51D7683931D5F83311D4883CF1C6B
S3159004292032836D1C1C830B1C0683A91BF082471BE8
S31590042930DB82E41AC682821AB182201A9D82BD195C
S3159004294089825B197582F818628296184F823318B9
S315900429503C82D01729826D1717820A170582A8160A
S31590042960F3814516E281E215D1817F15C0811B154D
S31590042970B081B814A08155149081F21380818E137E
S3159004298071812B136281C81254816412458101129C
S3159004299037819D112A8139111C81D6100F817210AD
S315900429A002810E10F680AB0FEA80470FDE80E30EAD
S315900429B0D2807F0EC7801B0EBC80B70DB280530D9C
S315900429C0A780EF0C9D808B0C9480270C8A80C30B78
S315900429D081805F0B7880FB0A7080970A6880330A3F
S315900429E06080CE0958806A09518006094A80A208F7
S315900429F043803D083D80D90737807507318010079D
S31590042A002C80AC06278047062280E3051E807F052E
S31590042A101A801A051680B604128051040F80ED03AD
S31590042A200C808803098024030780BF0205805B021B
S31590042A300380F6010280920101802D010080C90075
S31590042A40008064000080000000809BFF008036FFB9
S31590042A500180D2FE02806DFE038009FE0580A4FDEE
S31590042A60078040FD0980DBFC0C8077FC0F8012FC0C
S31590042A701280AEFB168049FB1A80E5FA1E8080FA16
S31590042A8022801CFA2780B8F92C8053F93180EFF80C
S31590042A9037808AF83D8026F84380C2F74A805DF7EE
S31590042AA05180F9F6588095F6608031F66880CCF5B9
S31590042AB0708068F5788004F58180A0F48A803CF46F
S31590042AC09480D8F39D8074F3A78010F3B280ACF20F
S31590042AD0BC8048F2C780E4F1D28080F1DE801CF19C
S31590042AE0EA80B8F0F68054F00281F1EF0F818DEF11
S31590042AF01C8129EF2A81C6EE378162EE4581FEED6F
S31590042B0054819BED628137ED7181D4EC808171ECB7
S31590042B1090810DECA081AAEBB08147EBC081E4EAE9
S31590042B20D18180EAE2811DEAF381BAE9058257E907
S31590042B301782F5E8298292E83C822FE84F82CCE707
S31590042B40628269E7758207E78982A4E69D8242E6F6
S31590042B50B182DFE5C6827DE5DB821BE5F082B8E4CF
S31590042B60068356E41C83F4E3328392E3488330E38A
S31590042B705F83CEE276836CE28E830AE2A583A9E133
S31590042B80BD8347E1D683E6E0EE8384E0078423E0C1
S31590042B902084C1DF3A8460DF5384FFDE6D849EDE39
S31590042BA088843DDEA284DCDDBD847BDDD9841ADD98
S31590042BB0F484BADC108559DC2C85F8DB498598DBDE
S31590042BC0658538DB8285D7DAA08577DABD8517DA0D
S31590042BD0DB85B7D9FA8557D91886F8D8378698D821
S31590042BE0568638D87586D9D7958679D7B5861AD71D
S31590042BF0D586BBD6F6865CD61787FDD538879ED5FF
S31590042C0059873FD57B87E0D49D8782D4BF8723D4C9
S31590042C10E287C5D3058867D3288808D34B88AAD278
S31590042C206F884CD29388EED1B88891D1DC8833D111
S31590042C300189D6D0268978D04C891BD07189BECF8C
S31590042C40978961CFBE8904CFE489A7CE0B8A4ACEF1
S31590042C50338AEECD5A8A91CD828A35CDAA8AD9CC39
S31590042C60D28A7DCCFB8A21CC248BC5CB4D8B69CB68
S31590042C70768B0DCBA08BB2CACA8B57CAF48BFBC981
S31590042C801F8CA0C94A8C45C9758CEBC8A08C90C87A
S31590042C90CC8C35C8F88CDBC7248D81C7508D27C75B
S31590042CA07D8DCDC6AA8D73C6D88D19C6058EBFC522
S31590042CB0338E66C5618E0DC5908EB3C4BE8E5AC4CE
S31590042CC0ED8E02C41D8FA9C34C8F50C37C8FF8C25E
S31590042CD0AC8F9FC2DC8F47C20D90EFC13E9097C1D7
S31590042CE06F9040C1A090E8C0D29091C004913AC030
S31590042CF03691E2BF69918CBF9C9135BFCF91DEBE70
S31590042D00029288BE359231BE6992DBBD9D9285BD95
S31590042D10D2922FBD0693DABC3B9384BC70932FBC9E
S31590042D20A693DABBDB9385BB119430BB4794DBBA8D
S31590042D307E9487BAB59432BAEC94DEB923958AB95F
S31590042D405A9536B99295E3B8CA958FB802963CB817
S31590042D503B96E9B7739696B7AC9643B7E696F0B6B4
S31590042D601F979EB659974BB69397F9B5CD97A7B536
S31590042D70089856B5429804B57D98B3B4B99861B499
S31590042D80F49810B43099C0B36C996FB3A8991EB3E4
S31590042D90E599CEB2229A7EB25F9A2EB29C9ADEB111
S31590042DA0D99A8FB1179B40B1559BF0B0939BA1B024
S31590042DB0D29B53B0109C04B04F9CB6AF8E9C68AF18
S31590042DC0CE9C1AAF0D9DCCAE4D9D7EAE8E9D31AEF2
S31590042DD0CE9DE3AD0E9E96AD4F9E4AAD909EFDACB4
S31590042DE0D29EB1AC139F64AC559F18AC979FCCAB55
S31590042DF0D99F81AB1CA035AB5FA0EAAAA1A09FAADC
S31590042E00E5A054AA28A10AAA6CA1BFA9AFA175A945
S31590042E10F4A12BA938A2E2A87CA298A8C1A24FA893
S31590042E2006A306A84BA3BDA791A374A7D6A32BA7C5
S31590042E301CA4E3A662A49BA6A9A453A6EFA40CA6DD
S31590042E4036A5C4A57DA57DA5C4A536A50CA6EFA4D7
S31590042E5053A6A9A49BA662A4E3A61CA42BA7D6A3B7
S31590042E6074A791A3BDA74BA306A806A34FA8C1A276
S31590042E7098A87CA2E2A838A22BA9F4A175A9AFA11F
S31590042E80BFA96CA10AAA28A154AAE5A09FAAA1A0A9
S31590042E90EAAA5FA035AB1CA081ABD99FCCAB979F18
S31590042EA018AC559F64AC139FB1ACD29EFDAC909E6A
S31590042EB04AAD4F9E96AD0E9EE3ADCE9D31AE8E9DA0
S31590042EC07EAE4D9DCCAE0D9D1AAFCE9C68AF8E9CBA
S31590042ED0B6AF4F9C04B0109C53B0D29BA1B0939BB9
S31590042EE0F0B0559B40B1179B8FB1D99ADEB19C9A9D
S31590042EF02EB25F9A7EB2229ACEB2E5991EB3A89963
S31590042F006FB36C99C0B3309910B4F49861B4B9980E
S31590042F10B3B47D9804B5429856B50898A7B5CD979D
S31590042F20F9B593974BB659979EB61F97F0B6E69612
S31590042F3043B7AC9696B77396E9B73B963CB8029668
S31590042F408FB8CA95E3B8929536B95A958AB92395A6
S31590042F50DEB9EC9432BAB59487BA7E94DBBA4794C8
S31590042F6030BB119485BBDB93DABBA6932FBC7093CD
S31590042F7084BC3B93DABC06932FBDD29285BD9D92B9
S31590042F80DBBD699231BE359288BE0292DEBECF9188
S31590042F9035BF9C918CBF6991E2BF36913AC004913A
S31590042FA091C0D290E8C0A09040C16F9097C13E90D6
S31590042FB0EFC10D9047C2DC8F9FC2AC8FF8C27C8F55
S31590042FC050C34C8FA9C31D8F02C4ED8E5AC4BE8EB6
S31590042FD0B3C4908E0DC5618E66C5338EBFC5058EFE
S31590042FE019C6D88D73C6AA8DCDC67D8D27C7508D2B
S31590042FF081C7248DDBC7F88C35C8CC8C90C8A08C3F
S31590043000EBC8758C45C94A8CA0C91F8CFBC9F48B37
S3159004301057CACA8BB2CAA08B0DCB768B69CB4D8B14
S31590043020C5CB248B21CCFB8A7DCCD28AD9CCAA8AD7
S3159004303035CD828A91CD5A8AEECD338A4ACE0B8A81
S31590043040A7CEE48904CFBE8961CF9789BECF718913
S315900430501BD04C8978D02689D6D0018933D1DC8887
S3159004306091D1B888EED193884CD26F88AAD24B88E6
S3159004307008D3288867D30588C5D3E28723D4BF8726
S3159004308082D49D87E0D47B873FD559879ED5388750
S31590043090FDD517875CD6F686BBD6D5861AD7B58660
S315900430A079D79586D9D7758638D8568698D8378657
S315900430B0F8D8188657D9FA85B7D9DB8517DABD8536
S315900430C077DAA085D7DA828538DB658598DB4985FA
S315900430D0F8DB2C8559DC1085BADCF4841ADDD984A6
S315900430E07BDDBD84DCDDA2843DDE88849EDE6D843A
S315900430F0FFDE538460DF3A84C1DF208423E00784B3
S3159004310084E0EE83E6E0D68347E1BD83A9E1A58317
S315900431100AE28E836CE27683CEE25F8330E3488361
S3159004312092E33283F4E31C8356E40683B8E4F08294
S315900431301BE5DB827DE5C682DFE5B18242E69D82B0
S31590043140A4E6898207E7758269E76282CCE74F82B3
S315900431502FE83C8292E82982F5E8178257E905829E
S31590043160BAE9F3811DEAE28180EAD181E4EAC08179
S3159004317047EBB081AAEBA0810DEC908171EC808134
S31590043180D4EC718137ED62819BED5481FEED4581DE
S3159004319062EE3781C6EE2A8129EF1C818DEF0F816D
S315900431A0F1EF028154F0F680B8F0EA801CF1DE80EB
S315900431B080F1D280E4F1C78048F2BC80ACF2B28050
S315900431C010F3A78074F39D80D8F394803CF48A809E
S315900431D0A0F4818004F5788068F57080CCF56880D9
S315900431E031F6608095F65880F9F651805DF74A80FD
S315900431F0C2F7438026F83D808AF83780EFF831800D
S3159004320053F92C80B8F927801CFA228080FA1E8004
S31590043210E5FA1A8049FB1680AEFB128012FC0F80E9
S3159004322077FC0C80DBFC098040FD0780A4FD0580BB
S3159004323009FE03806DFE0280D2FE018036FF008077
S315900432409BFF0080FF7F0000F67F2403D87F47060C
S31590043250A77F6A09627F8B0C097FAB0F9D7EC8128C
S315900432601D7EE2158A7DF818E37C0B1C297C191FB8
S315900432705D7B23227D7A28258A79262884781F2BBC
S315900432806C77112E4176FB300475DE33B573BA36FE
S3159004329055728C39E270563C5F6F173FCA6DCE41BA
S315900432A0246C7A446D6A1C47A668B449CF663F4C31
S315900432B0E864BF4EF2623351EC609B53D75EF5558A
S315900432C0B45C4258825A825A4258B45CF555D75ED9
S315900432D09B53EC603351F262BF4EE8643F4CCF6629
S315900432E0B449A6681C476D6A7A44246CCE41CA6D6B
S315900432F0173F5F6F563CE2708C395572BA36B57388
S31590043300DE330475FB304176112E6C771F2B84784F
S3159004331026288A7928257D7A23225D7B191F297C84
S315900433200B1CE37CF8188A7DE2151D7EC8129D7EDF
S31590043330AB0F097F8B0C627F6A09A77F4706D87FFC
S315900433402403F67F0000FF7FDBFCF67FB8F9D87F75
S3159004335095F6A77F74F3627F54F0097F37ED9D7ECF
S315900433601DEA1D7E07E78A7DF4E3E37CE6E0297C8B
S31590043370DCDD5D7BD7DA7D7AD9D78A79E0D4847817
S31590043380EED16C7704CF417621CC047545C9B573DB
S3159004339073C65572A9C3E270E8C05F6F31BECA6D39
S315900433A085BB246CE3B86D6A4BB6A668C0B3CF668A
S315900433B040B1E864CCAEF26264ACEC600AAAD75E23
S315900433C0BDA7B45C7DA5825A4BA3425828A1F55556
S315900433D0139F9B530D9D3351179BBF4E30993F4C72
S315900433E05997B44992951C47DB937A443592CE41CA
S315900433F0A090173F1D8F563CAA8D8C394A8CBA36AD
S31590043400FB8ADE33BE89FB309388112E7B871F2B74
S315900434107586262882852825A2842322D683191F79
S315900434201C830B1C7582F818E281E2156281C8121E
S31590043430F680AB0F9D808B0C58806A0927804706CF
S3159004344009802403008000000980DBFC2780B8F9FA
S31590043450588095F69D8074F3F68054F0628137ED2A
S31590043460E2811DEA758207E71C83F4E3D683E6E0DE
S31590043470A284DCDD8285D7DA7586D9D77B87E0D4BA
S315900434809388EED1BE8904CFFB8A21CC4A8C45C958
S31590043490AA8D73C61D8FA9C3A090E8C0359231BE7C
S315900434A0DB9385BB9295E3B859974BB63099C0B3E5
S315900434B0179B40B10D9DCCAE139F64AC28A10AAA6C
S315900434C04BA3BDA77DA57DA5BDA74BA30AAA28A1FD
S315900434D064AC139FCCAE0D9D40B1179BC0B330998D
S315900434E04BB65997E3B8929585BBDB9331BE35922B
S315900434F0E8C0A090A9C31D8F73C6AA8D45C94A8CEE
S3159004350021CCFB8A04CFBE89EED19388E0D47B8705
S31590043510D9D77586D7DA8285DCDDA284E6E0D683B0
S31590043520F4E31C8307E775821DEAE28137ED628135
S3159004353054F0F68074F39D8095F65880B8F92780F8
S31590043540DBFC0980FF7F00008A7DF8184176FB300A
S315900435506D6A1C47825A825A1C476D6AFB304176C3
S31590043560F8188A7D0000FF7F07E78A7D04CF4176AD
S31590043570E3B86D6A7DA5825A92951C47BE89FB3045
S315900435807582F81800800000758207E7BE8904CF1B
S315900435909295E3B87DA57DA5E3B8929504CFBE89AF
S315900435A007E77582FF7F0000FF7F3200FF7F64008C
S315900435B0FF7F9600FF7FC900FF7FFB00FE7F2D01F2
S315900435C0FE7F5F01FD7F9201FC7FC401FC7FF601C3
S315900435D0FB7F2802FA7F5B02F97F8D02F87FBF0298
S315900435E0F77FF102F67F2403F47F5603F37F880373
S315900435F0F27FBA03F07FED03EE7F1F04ED7F510453
S31590043600EB7F8304E97FB604E77FE804E57F1A0538
S31590043610E37F4C05E17F7F05DF7FB105DD7FE30521
S31590043620DA7F1506D87F4706D67F7A06D37FAC060F
S31590043630D07FDE06CE7F1007CB7F4207C87F750703
S31590043640C57FA707C27FD907BF7F0B08BC7F3D08FC
S31590043650B87F6F08B57FA208B17FD408AE7F0609FC
S31590043660AA7F3809A77F6A09A37F9C099F7FCE0901
S315900436709B7F000A977F330A937F650A8F7F970A09
S315900436808B7FC90A877FFB0A827F2D0B7E7F5F0B18
S31590043690797F910B757FC30B707FF50B6B7F270C2E
S315900436A0677F590C627F8B0C5D7FBD0C587FEF0C46
S315900436B0537F210D4D7F530D487F850D437FB70D65
S315900436C03D7FE90D387F1B0E327F4D0E2D7F7F0E89
S315900436D0277FB10E217FE30E1B7F150F157F470FB2
S315900436E00F7F790F097FAB0F037FDD0FFD7E0E10E1
S315900436F0F67E4010F07E7210E97EA410E37ED6101A
S31590043700DC7E0811D57E3911CF7E6B11C87E9D1152
S31590043710C17ECF11BA7E0112B37E3212AB7E641291
S31590043720A47E96129D7EC812957EF9128E7E2B13D8
S31590043730867E5D137F7E8E13777EC0136F7EF21323
S31590043740677E23145F7E5514577E87144F7EB81474
S31590043750477EEA143F7E1B15377E4D152E7E7F15C8
S31590043760267EB0151D7EE215147E13160C7E451624
S31590043770037E7616FA7DA816F17DD916E87D0A178A
S31590043780DF7D3C17D67D6D17CD7D9F17C37DD017F2
S31590043790BA7D0218B07D3318A77D64189D7D96185E
S315900437A0947DC7188A7DF818807D2A19767D5B19D1
S315900437B06C7D8C19627DBD19587DEF194E7D201A4A
S315900437C0437D511A397D821A2F7DB31A247DE41ACA
S315900437D0197D161B0F7D471B047D781BF97CA91B4D
S315900437E0EE7CDA1BE37C0B1CD87C3C1CCD7C6D1CDC
S315900437F0C27C9E1CB77CCF1CAB7C001DA07C311D6B
S31590043800947C621D897C931D7D7CC41D717CF51D01
S31590043810667C251E5A7C561E4E7C871E427CB81E9C
S31590043820367CE91E297C191F1D7C4A1F117C7B1F3F
S31590043830057CAC1FF87BDC1FEB7B0D20DF7B3E20E9
S31590043840D27B6E20C57B9F20B97BD020AC7B002198
S315900438509F7B3121927B6121847B9221777BC2214C
S315900438606A7BF3215D7B23224F7B5422427B842205
S31590043870347BB422267BE522197B15230B7B4523C7
S31590043880FD7A7623EF7AA623E17AD623D37A072490
S31590043890C57A3724B67A6724A87A97249A7AC7245D
S315900438A08B7AF7247D7A28256E7A58255F7A88252F
S315900438B0507AB825427AE825337A1826247A482607
S315900438C0157A7826057AA826F679D826E7790727E9
S315900438D0D8793727C8796727B9799727A979C727D0
S315900438E09979F6278A7926287A7956286A798628BC
S315900438F05A79B5284A79E5283A7915292A794429AD
S31590043900197974290979A329F978D329E878022AA7
S31590043910D878322AC778612AB678912AA678C02AA6
S315900439209578EF2A84781F2B73784E2B62787D2BAB
S315900439305178AD2B4078DC2B2E780B2C1D783A2CB5
S315900439400C78692CFA77982CE977C82CD777F72CCA
S31590043950C577262DB477552DA277842D9077B32DE0
S315900439607E77E22D6C77112E5A773F2E47776E2EFF
S3159004397035779D2E2377CC2E1077FB2EFE76292F26
S31590043980EB76582FD976872FC676B52FB376E42F54
S31590043990A07613308E7641307B76703068769E3082
S315900439A05476CD304176FB302E762A311B765831BB
S315900439B007768631F475B531E075E331CC751132FD
S315900439C0B9754032A5756E3291759C327D75CA3241
S315900439D06975F83255752633417554332D7582338E
S315900439E01975B0330475DE33F0740C34DB743A34E1
S315900439F0C7746834B27496349E74C4348974F23439
S31590043A0074741F355F744D354A747B353574A83597
S31590043A102074D6350B740436F6733136E0735F36FC
S31590043A20CB738C36B573BA36A073E7368A7314376C
S31590043A30757342375F736F3749739C373373CA37DD
S31590043A401D73F73707732438F1725138DB727E3859
S31590043A50C572AB38AF72D8389872063982723239D9
S31590043A606B725F3955728C393E72B9392772E63961
S31590043A701172133AFA71403AE3716C3ACC71993AED
S31590043A80B571C63A9E71F23A86711F3B6F714C3B83
S31590043A905871783B4171A53B2971D13B1271FD3B1D
S31590043AA0FA702A3CE270563CCB70833CB370AF3CC0
S31590043AB09B70DB3C8370073D6B70333D5370603D68
S31590043AC03B708C3D2370B83D0A70E43DF26F103E16
S31590043AD0DA6F3C3EC16F683EA96F933E906FBF3ECE
S31590043AE0776FEB3E5F6F173F466F433F2D6F6E3F89
S31590043AF0146F9A3FFB6EC53FE26EF13FC96E1D404F
S31590043B00AF6E4840966E73407D6E9F40636ECA401A
S31590043B104A6EF640306E2141176E4C41FD6D7741E9
S31590043B20E36DA241CA6DCE41B06DF941966D2442C2
S31590043B307C6D4F42626D7A42486DA5422D6DD0429E
S31590043B40136DFA42F96C2543DE6C5043C46C7B4387
S31590043B50A96CA5438F6CD043746CFB43596C254474
S31590043B603F6C5044246C7A44096CA544EE6BCF4464
S31590043B70D36BFA44B86B24459C6B4E45816B784560
S31590043B80666BA3454A6BCD452F6BF745136B214660
S31590043B90F86A4B46DC6A7546C16A9F46A56AC94669
S31590043BA0896AF3466D6A1C47516A4647356A704777
S31590043BB0196A9A47FD69C347E169ED47C46916488E
S31590043BC0A86940488C6969486F6993485369BC48A9
S31590043BD03669E64819690F49FD683849E0686149CC
S31590043BE0C3688A49A668B4498968DD496C68064AF7
S31590043BF04F682F4A3268584A1568814AF767A94A26
S31590043C00DA67D24ABD67FB4A9F67244B82674C4B5F
S31590043C106467754B46679E4B2967C64B0B67EF4B9C
S31590043C20ED66174CCF663F4CB166684C9366904CE4
S31590043C307566B84C5766E14C3966094D1A66314D2E
S31590043C40FC65594DDD65814DBF65A94DA065D14D86
S31590043C508265F94D6365214E4565484E2665704EDD
S31590043C600765984EE864BF4EC964E74EAA640F4F41
S31590043C708B64364F6C645E4F4D64854F2D64AC4FA8
S31590043C800E64D44FEF63FB4FCF632250B063495019
S31590043C9090637050716397505163BF503163E55090
S31590043CA011630C51F2623351D2625A51B26281510C
S31590043CB09262A8517162CE515162F55131621C5291
S31590043CC011624252F1616952D0618F52B061B5521C
S31590043CD08F61DC526F6102534E6128532D614E53AE
S31590043CE00D617553EC609B53CB60C153AA60E75347
S31590043CF089600D54686033544760585426607E54E6
S31590043D000460A454E35FCA54C25FEF54A05F155590
S31590043D107F5F3A555E5F60553C5F85551A5FAB553C
S31590043D20F95ED055D75EF555B55E1A56935E4056F4
S31590043D30715E6556505E8A562D5EAF560B5ED456AE
S31590043D40E95DF956C75D1D57A55D4257835D675773
S31590043D50605D8C573E5DB0571B5DD557F95CF9573E
S31590043D60D65C1E58B45C4258915C67586E5C8B580E
S31590043D704B5CAF58295CD458065CF858E35B1C59E5
S31590043D80C05B40599D5B6459795B8859565BAC59C5
S31590043D90335BD059105BF359EC5A175AC95A3B5AAC
S31590043DA0A55A5E5A825A825A5E5AA55A3B5AC95A9B
S31590043DB0175AEC5AF359105BD059335BAC59565B8E
S31590043DC08859795B64599D5B4059C05B1C59E35B88
S31590043DD0F858065CD458295CAF584B5C8B586E5C8B
S31590043DE06758915C4258B45C1E58D65CF957F95C96
S31590043DF0D5571B5DB0573E5D8C57605D6757835DA5
S31590043E004257A55D1D57C75DF956E95DD4560B5EBD
S31590043E10AF562D5E8A56505E6556715E4056935ED9
S31590043E201A56B55EF555D75ED055F95EAB551A5F01
S31590043E3085553C5F60555E5F3A557F5F1555A05F2B
S31590043E40EF54C25FCA54E35FA45404607E54266060
S31590043E5058544760335468600D548960E753AA6098
S31590043E60C153CB609B53EC6075530D614E532D61DA
S31590043E7028534E6102536F61DC528F61B552B06123
S31590043E808F52D0616952F161425211621C52316271
S31590043E90F5515162CE517162A85192628151B262CA
S31590043EA05A51D2623351F2620C511163E550316327
S31590043EB0BF50516397507163705090634950B0638B
S31590043EC02250CF63FB4FEF63D44F0E64AC4F2D64F7
S31590043ED0854F4D645E4F6C64364F8B640F4FAA6466
S31590043EE0E74EC964BF4EE864984E0765704E2665E2
S31590043EF0484E4565214E6365F94D8265D14DA06561
S31590043F00A94DBF65814DDD65594DFC65314D1A66E8
S31590043F10094D3966E14C5766B84C7566904C936674
S31590043F20684CB1663F4CCF66174CED66EF4B0B670A
S31590043F30C64B29679E4B4667754B64674C4B8267A5
S31590043F40244B9F67FB4ABD67D24ADA67A94AF7674B
S31590043F50814A1568584A32682F4A4F68064A6C68EF
S31590043F60DD498968B449A6688A49C3686149E068A5
S31590043F703849FD680F491969E6483669BC4853695A
S31590043F8093486F6969488C694048A8691648C4691A
S31590043F90ED47E169C347FD699A47196A7047356ADF
S31590043FA04647516A1C476D6AF346896AC946A56AAB
S31590043FB09F46C16A7546DC6A4B46F86A2146136B7E
S31590043FC0F7452F6BCD454A6BA345666B7845816B58
S31590043FD04E459C6B2445B86BFA44D36BCF44EE6B39
S31590043FE0A544096C7A44246C50443F6C2544596C1E
S31590043FF0FB43746CD0438F6CA543A96C7B43C46C10
S315900440005043DE6C2543F96CFA42136DD0422D6D04
S31590044010A542486D7A42626D4F427C6D2442966DFC
S31590044020F941B06DCE41CA6DA241E36D7741FD6D04
S315900440304C41176E2141306EF6404A6ECA40636E0B
S315900440409F407D6E7340966E4840AF6E1D40C96E1C
S31590044050F13FE26EC53FFB6E9A3F146F6E3F2D6F34
S31590044060433F466F173F5F6FEB3E776FBF3E906F50
S31590044070933EA96F683EC16F3C3EDA6F103EF26F75
S31590044080E43D0A70B83D23708C3D3B70603D53709F
S31590044090333D6B70073D8370DB3C9B70AF3CB370D4
S315900440A0833CCB70563CE2702A3CFA70FD3B12710D
S315900440B0D13B2971A53B4171783B58714C3B6F714B
S315900440C01F3B8671F23A9E71C63AB571993ACC7194
S315900440D06C3AE371403AFA71133A1172E6392772DF
S315900440E0B9393E728C3955725F396B723239827234
S315900440F006399872D838AF72AB38C5727E38DB728F
S315900441005138F17224380773F7371D73CA373373EE
S315900441109C3749736F375F734237757314378A7355
S31590044120E736A073BA36B5738C36CB735F36E073C5
S315900441303136F67304360B74D6352074A835357437
S315900441407B354A744D355F741F357474F2348974B3
S31590044150C4349E749634B2746834C7743A34DB7437
S315900441600C34F074DE330475B033197582332D75BF
S315900441705433417526335575F8326975CA327D754F
S315900441809C3291756E32A5754032B9751132CC75E3
S31590044190E331E075B531F4758631077658311B767F
S315900441A02A312E76FB304176CD3054769E30687621
S315900441B070307B7641308E761330A076E42FB376CA
S315900441C0B52FC676872FD976582FEB76292FFE767C
S315900441D0FB2E1077CC2E23779D2E35776E2E477730
S315900441E03F2E5A77112E6C77E22D7E77B32D9077EA
S315900441F0842DA277552DB477262DC577F72CD777AE
S31590044200C82CE977982CFA77692C0C783A2C1D7877
S315900442100B2C2E78DC2B4078AD2B51787D2B627845
S315900442204E2B73781F2B8478EF2A9578C02AA6781C
S31590044230912AB678612AC778322AD878022AE878F9
S31590044240D329F978A32909797429197944292A79DA
S3159004425015293A79E5284A79B5285A7986286A79C2
S3159004426056287A7926288A79F6279979C727A979B3
S315900442709727B9796727C8793727D8790727E779A8
S31590044280D826F679A826057A7826157A4826247AA1
S315900442901826337AE825427AB825507A88255F7AA3
S315900442A058256E7A28257D7AF7248B7AC7249A7AAC
S315900442B09724A87A6724B67A3724C57A0724D37ABA
S315900442C0D623E17AA623EF7A7623FD7A45230B7BD0
S315900442D01523197BE522267BB422347B8422427BE8
S315900442E054224F7B23225D7BF3216A7BC221777B09
S315900442F09221847B6121927B31219F7B0021AC7B2F
S31590044300D020B97B9F20C57B6E20D27B3E20DF7B5D
S315900443100D20EB7BDC1FF87BAC1F057C7B1F117C8F
S315900443204A1F1D7C191F297CE91E367CB81E427CC7
S31590044330871E4E7C561E5A7C251E667CF51D717C06
S31590044340C41D7D7C931D897C621D947C311DA07C4B
S31590044350001DAB7CCF1CB77C9E1CC27C6D1CCD7C97
S315900443603C1CD87C0B1CE37CDA1BEE7CA91BF97CE9
S31590044370781B047D471B0F7D161B197DE41A247D3B
S31590044380B31A2F7D821A397D511A437D201A4E7D98
S31590044390EF19587DBD19627D8C196C7D5B19767DFC
S315900443A02A19807DF8188A7DC718947D96189D7D64
S315900443B06418A77D3318B07D0218BA7DD017C37DD3
S315900443C09F17CD7D6D17D67D3C17DF7D0A17E87D47
S315900443D0D916F17DA816FA7D7616037E45160C7EBF
S315900443E01316147EE2151D7EB015267E7F152E7E3D
S315900443F04D15377E1B153F7EEA14477EB8144F7EC3
S315900444008714577E55145F7E2314677EF2136F7E4E
S31590044410C013777E8E137F7E5D13867E2B138E7EDE
S31590044420F912957EC8129D7E9612A47E6412AB7E76
S315900444303212B37E0112BA7ECF11C17E9D11C87E0F
S315900444406B11CF7E3911D57E0811DC7ED610E37EB2
S31590044450A410E97E7210F07E4010F67E0E10FD7E5A
S31590044460DD0F037FAB0F097F790F0F7F470F157F02
S31590044470150F1B7FE30E217FB10E277F7F0E2D7FB5
S315900444804D0E327F1B0E387FE90D3D7FB70D437F6E
S31590044490850D487F530D4D7F210D537FEF0C587F2B
S315900444A0BD0C5D7F8B0C627F590C677F270C6B7FED
S315900444B0F50B707FC30B757F910B797F5F0B7E7FB6
S315900444C02D0B827FFB0A877FC90A8B7F970A8F7F82
S315900444D0650A937F330A977F000A9B7FCE099F7F55
S315900444E09C09A37F6A09A77F3809AA7F0609AE7F2C
S315900444F0D408B17FA208B57F6F08B87F3D08BC7F0A
S315900445000B08BF7FD907C27FA707C57F7507C87FEA
S315900445104207CB7F1007CE7FDE06D07FAC06D37FD3
S315900445207A06D67F4706D87F1506DA7FE305DD7FC0
S31590044530B105DF7F7F05E17F4C05E37F1A05E57FB3
S31590044540E804E77FB604E97F8304EB7F5104ED7FAB
S315900445501F04EE7FED03F07FBA03F27F8803F37FA7
S315900445605603F47F2403F67FF102F77FBF02F87FA8
S315900445708D02F97F5B02FA7F2802FB7FF601FC7FAE
S31590044580C401FC7F9201FD7F5F01FE7F2D01FE7FBA
S31590044590FB00FF7FC900FF7F9600FF7F6400FF7FCB
S315900445A03200FF7F0000FF7FCDFFFF7F9BFFFF7FE1
S315900445B069FFFF7F36FFFF7F04FFFF7FD2FEFE7FFA
S315900445C0A0FEFE7F6DFEFD7F3BFEFC7F09FEFC7F19
S315900445D0D7FDFB7FA4FDFA7F72FDF97F40FDF87F3E
S315900445E00EFDF77FDBFCF67FA9FCF47F77FCF37F67
S315900445F045FCF27F12FCF07FE0FBEE7FAEFBED7F95
S315900446007CFBEB7F49FBE97F17FBE77FE5FAE57FC8
S31590044610B3FAE37F80FAE17F4EFADF7F1CFADD7FFF
S31590044620EAF9DA7FB8F9D87F85F9D67F53F9D37F3B
S3159004463021F9D07FEFF8CE7FBDF8CB7F8AF8C87F7B
S3159004464058F8C57F26F8C27FF4F7BF7FC2F7BC7FC0
S3159004465090F7B87F5DF7B57F2BF7B17FF9F6AE7F0C
S31590044660C7F6AA7F95F6A77F63F6A37F31F69F7F59
S31590044670FFF59B7FCCF5977F9AF5937F68F58F7FAF
S3159004468036F58B7F04F5877FD2F4827FA0F47E7F04
S315900446906EF4797F3CF4757F0AF4707FD8F36B7F60
S315900446A0A6F3677F74F3627F42F35D7F10F3587FBE
S315900446B0DEF2537FACF24D7F7AF2487F48F2437F25
S315900446C016F23D7FE4F1387FB2F1327F80F12D7F8F
S315900446D04EF1277F1CF1217FEAF01B7FB8F0157FFE
S315900446E086F00F7F54F0097F22F0037FF1EFFD7E71
S315900446F0BFEFF67E8DEFF07E5BEFE97E29EFE37EEA
S31590044700F7EEDC7EC6EED57E94EECF7E62EEC87E64
S3159004471030EEC17EFEEDBA7ECDEDB37E9BEDAB7EE3
S3159004472069EDA47E37ED9D7E06ED957ED4EC8E7E66
S31590044730A2EC867E71EC7F7E3FEC777E0DEC6F7EED
S31590044740DCEB677EAAEB5F7E78EB577E47EB4F7E7A
S3159004475015EB477EE4EA3F7EB2EA377E80EA2E7E08
S315900447604FEA267E1DEA1D7EECE9147EBAE90C7E9C
S3159004477089E9037E57E9FA7D26E9F17DF5E8E87D36
S31590044780C3E8DF7D92E8D67D60E8CD7D2FE8C37DD2
S31590044790FDE7BA7DCCE7B07D9BE7A77D69E79D7D74
S315900447A038E7947D07E78A7DD5E6807DA4E6767D15
S315900447B073E66C7D42E6627D10E6587DDFE54E7DBC
S315900447C0AEE5437D7DE5397D4CE52F7D1BE5247D66
S315900447D0E9E4197DB8E40F7D87E4047D56E4F97C19
S315900447E025E4EE7CF4E3E37CC3E3D87C92E3CD7CCE
S315900447F061E3C27C30E3B77CFFE2AB7CCEE2A07C83
S315900448009DE2947C6CE2897C3BE27D7C0AE2717C3D
S31590044810DAE1667CA9E15A7C78E14E7C47E1427CF8
S3159004482016E1367CE6E0297CB5E01D7C84E0117CBB
S3159004483053E0057C23E0F87BF2DFEB7BC1DFDF7B83
S3159004484091DFD27B60DFC57B2FDFB97BFFDEAC7B4C
S31590044850CEDE9F7B9EDE927B6DDE847B3DDE777B18
S315900448600CDE6A7BDCDD5D7BABDD4F7B7BDD427BE7
S315900448704BDD347B1ADD267BEADC197BBADC0B7BB9
S3159004488089DCFD7A59DCEF7A29DCE17AF8DBD37A94
S31590044890C8DBC57A98DBB67A68DBA87A38DB9A7A6D
S315900448A008DB8B7AD7DA7D7AA7DA6E7A77DA5F7A4B
S315900448B047DA507A17DA427AE7D9337AB7D9247A2B
S315900448C087D9157A57D9057A27D9F679F8D8E77911
S315900448D0C8D8D87998D8C87968D8B97938D8A979F8
S315900448E009D89979D9D78A79A9D77A7979D76A79E2
S315900448F04AD75A791AD74A79EAD63A79BBD62A79CF
S315900449008BD619795CD609792CD6F978FDD5E878C1
S31590044910CDD5D8789ED5C7786ED5B6783FD5A678B6
S3159004492010D59578E0D48478B1D4737882D46278AB
S3159004493052D4517823D44078F4D32E78C5D31D78A5
S3159004494096D30C7867D3FA7737D3E97708D3D777A2
S31590044950D9D2C577AAD2B4777BD2A2774CD29077A4
S315900449601DD27E77EED16C77C0D15A7791D14777A5
S3159004497062D1357733D1237704D11077D6D0FE76AA
S31590044980A7D0EB7678D0D9764AD0C6761BD0B376B4
S31590044990ECCFA076BECF8E768FCF7B7661CF6876BE
S315900449A032CF547604CF4176D5CE2E76A7CE1B76CB
S315900449B079CE07764ACEF4751CCEE075EECDCC75DD
S315900449C0BFCDB97591CDA57563CD917535CD7D75F1
S315900449D007CD6975D9CC5575ABCC41757DCC2D7504
S315900449E04FCC197521CC0475F3CBF074C5CBDB741D
S315900449F097CBC77469CBB2743BCB9E740DCB897439
S31590044A00E0CA7474B2CA5F7484CA4A7457CA357455
S31590044A1029CA2074FBC90B74CEC9F673A0C9E07376
S31590044A2073C9CB7345C9B57318C9A073EBC88A7398
S31590044A30BDC8757390C85F7363C8497335C83373BB
S31590044A4008C81D73DBC70773AEC7F17281C7DB72E3
S31590044A5054C7C57227C7AF72F9C69872CDC682720B
S31590044A60A0C66B7273C6557246C63E7219C6277235
S31590044A70ECC51172BFC5FA7193C5E37166C5CC7165
S31590044A8039C5B5710DC59E71E0C48671B3C46F7195
S31590044A9087C458715AC441712EC4297102C41271C3
S31590044AA0D5C3FA70A9C3E2707CC3CB7050C3B370FC
S31590044AB024C39B70F8C28370CCC26B709FC2537030
S31590044AC073C23B7047C223701BC20A70EFC1F26F68
S31590044AD0C3C1DA6F97C1C16F6CC1A96F40C1906FA2
S31590044AE014C1776FE8C05F6FBCC0466F91C02D6FDD
S31590044AF065C0146F3AC0FB6E0EC0E26EE2BFC96E1B
S31590044B00B7BFAF6E8CBF966E60BF7D6E35BF636E5A
S31590044B1009BF4A6EDEBE306EB3BE176E88BEFD6D9B
S31590044B205DBEE36D31BECA6D06BEB06DDBBD966DDE
S31590044B30B0BD7C6D85BD626D5ABD486D2FBD2D6D22
S31590044B4005BD136DDABCF96CAFBCDE6C84BCC46C69
S31590044B505ABCA96C2FBC8F6C04BC746CDABB596CB0
S31590044B60AFBB3F6C85BB246C5ABB096C30BBEE6BF8
S31590044B7005BBD36BDBBAB86BB1BA9C6B87BA816B46
S31590044B805CBA666B32BA4A6B08BA2F6BDEB9136B92
S31590044B90B4B9F86A8AB9DC6A60B9C16A36B9A56AE1
S31590044BA00CB9896AE3B86D6AB9B8516A8FB8356A2F
S31590044BB065B8196A3CB8FD6912B8E169E9B7C46980
S31590044BC0BFB7A86996B78C696CB76F6943B75369D1
S31590044BD019B73669F0B61969C7B6FD689EB6E06826
S31590044BE075B6C3684BB6A66822B68968F9B56C687B
S31590044BF0D0B54F68A7B532687EB5156856B5F767D0
S31590044C002DB5DA6704B5BD67DBB49F67B3B4826725
S31590044C108AB4646761B4466739B4296710B40B677C
S31590044C20E8B3ED66C0B3CF6697B3B1666FB39366D8
S31590044C3047B375661EB35766F6B23966CEB21A6630
S31590044C40A6B2FC657EB2DD6556B2BF652EB2A0658E
S31590044C5006B28265DEB16365B7B145658FB12665E7
S31590044C6067B1076540B1E86418B1C964F0B0AA6445
S31590044C70C9B08B64A1B06C647AB04D6453B02D64A2
S31590044C802BB00E6404B0EF63DDAFCF63B6AFB06301
S31590044C908FAF906368AF716340AF51631AAF31635E
S31590044CA0F3AE1163CCAEF262A5AED2627EAEB262C0
S31590044CB057AE926231AE71620AAE5162E3AD316221
S31590044CC0BDAD116296ADF16170ADD0614AADB06182
S31590044CD023AD8F61FDAC6F61D7AC4E61B1AC2D61E4
S31590044CE08AAC0D6164ACEC603EACCB6018ACAA6047
S31590044CF0F2AB8960CCAB6860A7AB476081AB2660AA
S31590044D005BAB046035ABE35F10ABC25FEAAAA05F0E
S31590044D10C5AA7F5F9FAA5E5F7AAA3C5F54AA1A5F70
S31590044D202FAAF95E0AAAD75EE5A9B55EBFA9935ED6
S31590044D309AA9715E75A9505E50A92D5E2BA90B5E3A
S31590044D4006A9E95DE2A8C75DBDA8A55D98A8835D9F
S31590044D5073A8605D4FA83E5D2AA81B5D06A8F95C02
S31590044D60E1A7D65CBDA7B45C98A7915C74A76E5C6A
S31590044D7050A74B5C2BA7295C07A7065CE3A6E35BCD
S31590044D80BFA6C05B9BA69D5B77A6795B53A6565B35
S31590044D902FA6335B0CA6105BE8A5EC5AC4A5C95A9A
S31590044DA0A1A5A55A7DA5825A5AA55E5A36A53B5AFF
S31590044DB013A5175AEFA4F359CCA4D059A9A4AC5966
S31590044DC086A4885962A464593FA440591CA41C59CA
S31590044DD0F9A3F858D6A3D458B4A3AF5891A38B5833
S31590044DE06EA367584BA3425829A31E5806A3F95796
S31590044DF0E4A2D557C1A2B0579FA28C577CA26757FD
S31590044E005AA2425738A21D5716A2F956F4A1D4565F
S31590044E10D2A1AF56AFA18A568EA165566CA14056C3
S31590044E204AA11A5628A1F55506A1D055E5A0AB5529
S31590044E30C3A08555A1A0605580A03A555FA015558D
S31590044E403DA0EF541CA0CA54FB9FA454D99F7E54F2
S31590044E50B89F5854979F3354769F0D54559FE75354
S31590044E60349FC153139F9B53F29E7553D29E4E53B8
S31590044E70B19E2853909E0253709EDC524F9EB5521B
S31590044E802F9E8F520E9E6952EE9D4252CE9D1C527B
S31590044E90AE9DF5518E9DCE516D9DA8514D9D8151DE
S31590044EA02D9D5A510D9D3351EE9C0C51CE9CE5503F
S31590044EB0AE9CBF508E9C97506F9C70504F9C49509F
S31590044EC0309C2250109CFB4FF19BD44FD29BAC4FFD
S31590044ED0B29B854F939B5E4F749B364F559B0F4F5A
S31590044EE0369BE74E179BBF4EF89A984ED99A704EBA
S31590044EF0BA9A484E9C9A214E7D9AF94D5F9AD14D15
S31590044F00409AA94D229A814D039A594DE599314D6E
S31590044F10C699094DA899E14C8A99B84C6C99904CCC
S31590044F204E99684C30993F4C1299174CF498EF4B24
S31590044F30D698C64BB9989E4B9B98754B7D984C4B7F
S31590044F406098244B4298FB4A2598D24A0898A94AD5
S31590044F50EA97814ACD97584AB0972F4A9397064A2B
S31590044F607697DD495997B4493C978A491F97614981
S31590044F7002973849E6960F49C996E648AC96BC48D6
S31590044F809096934873966948579640483B96164828
S31590044F901E96ED470296C347E6959A47CA9570477B
S31590044FA0AE95464792951C477695F3465A95C946CB
S31590044FB03E959F462395754607954B46EC94214618
S31590044FC0D094F745B594CD459994A3457E94784568
S31590044FD063944E45479424452C94FA441194CF44B3
S31590044FE0F693A544DB937A44C0935044A693254400
S31590044FF08B93FB437093D0435693A5433B937B4348
S315900450002193504306932543EC92FA42D292D0428E
S31590045010B792A5429D927A4283924F4269922442D4
S315900450204F92F9413592CE411C92A2410292774118
S31590045030E8914C41CF912141B591F6409C91CA405B
S3159004504082919F40699173405091484036911D409A
S315900450501D91F13F0491C53FEB909A3FD2906E3FDC
S31590045060B990433FA090173F8890EB3E6F90BF3E18
S315900450705690933E3E90683E25903C3E0D90103E51
S31590045080F58FE43DDC8FB83DC48F8C3DAC8F603D8D
S31590045090948F333D7C8F073D648FDB3C4C8FAF3CC4
S315900450A0348F833C1D8F563C058F2A3CED8EFD3BF9
S315900450B0D68ED13BBE8EA53BA78E783B908E4C3B2D
S315900450C0798E1F3B618EF23A4A8EC63A338E993A5E
S315900450D01C8E6C3A058E403AEE8D133AD88DE6398D
S315900450E0C18DB939AA8D8C39948D5F397D8D3239BC
S315900450F0678D0639508DD8383A8DAB38248D7E38E5
S315900451000E8D5138F88C2438E28CF737CC8CCA370C
S31590045110B68C9C37A08C6F378A8C4237758C143733
S315900451205F8CE7364A8CBA36348C8C361F8C5F3655
S31590045130098C3136F48B0436DF8BD635CA8BA83579
S31590045140B58B7B35A08B4D358B8B1F35768BF23497
S31590045150618BC4344D8B9634388B6834248B3A34B3
S315900451600F8B0C34FB8ADE33E68AB033D28A8233D1
S31590045170BE8A5433AA8A2633968AF832828ACA32E7
S315900451806E8A9C325A8A6E32468A4032338A1132F9
S315900451901F8AE3310B8AB531F8898631E48958310F
S315900451A0D1892A31BE89FB30AB89CD3097899E301F
S315900451B084897030718941305F8913304C89E42F2A
S315900451C03989B52F2689872F1489582F0189292F34
S315900451D0EF88FB2EDC88CC2ECA889D2EB8886E2E3E
S315900451E0A5883F2E9388112E8188E22D6F88B32D42
S315900451F05D88842D4B88552D3A88262D2888F72C42
S315900452001688C82C0588982CF387692CE2873A2C43
S31590045210D1870B2CBF87DC2BAE87AD2B9D877D2B3F
S315900452208C874E2B7B871F2B6A87EF2A5987C02A38
S315900452304987912A3887612A2787322A1787022A2B
S315900452400687D329F686A329E6867429D586442922
S31590045250C5861529B586E528A586B5289586862812
S3159004526085865628758626286686F6275686C727FF
S3159004527046869727378667272786372718860727E8
S315900452800986D826FA85A826EA857826DB854826CF
S31590045290CC851826BD85E825AF85B825A0858825B3
S315900452A091855825828528257485F7246585C72494
S315900452B057859724498567243A8537242C8507246E
S315900452C01E85D6231085A62302857623F48445234A
S315900452D0E6841523D984E522CB84B422BD84842222
S315900452E0B0845422A28423229584F3218884C221F3
S315900452F07B8492216D8461216084312153840021C1
S315900453004684D0203A849F202D846E2020843E208B
S3159004531014840D200784DC1FFA83AC1FEE837B1F55
S31590045320E2834A1FD683191FC983E91EBD83B81E1B
S31590045330B183871EA583561E9983251E8E83F51DDC
S315900453408283C41D7683931D6B83621D5F83311D97
S315900453505483001D4883CF1C3D839E1C32836D1C51
S3159004536027833C1C1C830B1C1183DA1B0683A91B05
S31590045370FB82781BF082471BE682161BDB82E41ABB
S31590045380D082B31AC682821ABC82511AB182201A6A
S31590045390A782EF199D82BD1993828C1989825B1914
S315900453A07F822A197582F8186B82C71862829618BA
S315900453B0588264184F823318458202183C82D0175B
S315900453C032829F1729826D1720823C1717820A17FB
S315900453D00E82D9160582A816FC817616F381451697
S315900453E0EB811316E281E215D981B015D1817F152F
S315900453F0C8814D15C0811B15B881EA14B081B814C3
S31590045400A8818714A0815514988123149081F2134E
S315900454108881C01380818E1379815D1371812B13DA
S315900454206A81F9126281C8125B8196125481641260
S315900454304C813212458101123E81CF1137819D11E3
S3159004544030816B112A813911238108111C81D61060
S315900454501681A4100F8172100981401002810E10DA
S31590045460FC80DD0FF680AB0FF080790FEA80470F52
S31590045470E480150FDE80E30ED880B10ED2807F0EC5
S31590045480CD804D0EC7801B0EC280E90DBC80B70D32
S31590045490B780850DB280530DAC80210DA780EF0C9B
S315900454A0A280BD0C9D808B0C9880590C9480270CFF
S315900454B08F80F50B8A80C30B8680910B81805F0B5E
S315900454C07D802D0B7880FB0A7480C90A7080970AB8
S315900454D06C80650A6880330A6480000A6080CE090D
S315900454E05C809C0958806A09558038095180060960
S315900454F04E80D4084A80A20847806F0843803D08AE
S3159004550040800B083D80D9073A80A70737807507F6
S3159004551034804207318010072F80DE062C80AC063B
S3159004552029807A0627804706258015062280E3057A
S315900455302080B1051E807F051C804C051A801A05B3
S315900455401880E8041680B6041480830412805104EB
S3159004555011801F040F80ED030D80BA030C8088031D
S315900455600B805603098024030880F1020780BF024A
S3159004557006808D0205805B02048028020380F60172
S315900455800380C4010280920101805F0101802D0194
S315900455900080FB000080C9000080960000806400B3
S315900455A000803200008000000080CDFF00809BFFC9
S315900455B0008069FF008036FF008004FF0180D2FEE0
S315900455C00180A0FE02806DFE03803BFE038009FEEF
S315900455D00480D7FD0580A4FD068072FD078040FDFA
S315900455E008800EFD0980DBFC0B80A9FC0C8077FCFF
S315900455F00D8045FC0F8012FC1180E0FB1280AEFBFF
S3159004560014807CFB168049FB188017FB1A80E5FAF8
S315900456101C80B3FA1E8080FA20804EFA22801CFAEF
S315900456202580EAF92780B8F9298085F92C8053F9E1
S315900456302F8021F93180EFF83480BDF837808AF8CD
S315900456403A8058F83D8026F84080F4F74380C2F7B4
S31590045650478090F74A805DF74E802BF75180F9F694
S315900456605580C7F6588095F65C8063F6608031F66F
S315900456706480FFF56880CCF56C809AF5708068F547
S31590045680748036F5788004F57D80D2F48180A0F418
S3159004569086806EF48A803CF48F800AF49480D8F3E2
S315900456A09880A6F39D8074F3A28042F3A78010F3AA
S315900456B0AC80DEF2B280ACF2B7807AF2BC8048F26B
S315900456C0C28016F2C780E4F1CD80B2F1D28080F127
S315900456D0D8804EF1DE801CF1E480EAF0EA80B8F0DE
S315900456E0F08086F0F68054F0FC8022F00281F1EF8F
S315900456F00981BFEF0F818DEF16815BEF1C8129EF36
S315900457002381F7EE2A81C6EE308194EE378162EEDC
S315900457103E8130EE4581FEED4C81CDED54819BED7D
S315900457205B8169ED628137ED6A8106ED7181D4EC16
S315900457307981A2EC808171EC88813FEC90810DECAB
S315900457409881DCEBA081AAEBA88178EBB08147EB3A
S31590045750B88115EBC081E4EAC881B2EAD18180EAC6
S31590045760D9814FEAE2811DEAEB81ECE9F381BAE94A
S31590045770FC8189E9058257E90E8226E91782F5E8C4
S315900457802082C3E8298292E8328260E83C822FE83C
S315900457904582FDE74F82CCE758829BE7628269E7B0
S315900457A06B8238E7758207E77F82D5E68982A4E61D
S315900457B0938273E69D8242E6A78210E6B182DFE584
S315900457C0BC82AEE5C6827DE5D0824CE5DB821BE5E4
S315900457D0E682E9E4F082B8E4FB8287E4068356E441
S315900457E0118325E41C83F4E32783C3E3328392E392
S315900457F03D8361E3488330E35483FFE25F83CEE2E3
S315900458006B839DE276836CE282833BE28E830AE22B
S315900458109983DAE1A583A9E1B18378E1BD8347E170
S31590045820C98316E1D683E6E0E283B5E0EE8384E0AD
S31590045830FA8353E0078423E01484F2DF2084C1DFE3
S315900458402D8491DF3A8460DF46842FDF5384FFDE14
S315900458506084CEDE6D849EDE7B846DDE88843DDE40
S3159004586095840CDEA284DCDDB084ABDDBD847BDD67
S31590045870CB844BDDD9841ADDE684EADCF484BADC85
S31590045880028589DC108559DC1E8529DC2C85F8DB9C
S315900458903A85C8DB498598DB578568DB658538DBAF
S315900458A0748508DB8285D7DA9185A7DAA08577DABD
S315900458B0AF8547DABD8517DACC85E7D9DB85B7D9C5
S315900458C0EA8587D9FA8557D9098627D91886F8D8C3
S315900458D02786C8D8378698D8468668D8568638D8BC
S315900458E0668609D87586D9D78586A9D7958679D7B0
S315900458F0A5864AD7B5861AD7C586EAD6D586BBD69F
S31590045900E6868BD6F6865CD606872CD61787FDD583
S315900459102787CDD538879ED549876ED559873FD564
S315900459206A8710D57B87E0D48C87B1D49D8782D43F
S31590045930AE8752D4BF8723D4D187F4D3E287C5D315
S31590045940F38796D3058867D3168837D3288808D3E0
S315900459503A88D9D24B88AAD25D887BD26F884CD2AA
S3159004596081881DD29388EED1A588C0D1B88891D16B
S31590045970CA8862D1DC8833D1EF8804D10189D6D024
S315900459801489A7D0268978D039894AD04C891BD0D6
S315900459905F89ECCF7189BECF84898FCF978961CF88
S315900459A0AB8932CFBE8904CFD189D5CEE489A7CE2F
S315900459B0F88979CE0B8A4ACE1F8A1CCE338AEECDCD
S315900459C0468ABFCD5A8A91CD6E8A63CD828A35CD69
S315900459D0968A07CDAA8AD9CCBE8AABCCD28A7DCCFC
S315900459E0E68A4FCCFB8A21CC0F8BF3CB248BC5CB89
S315900459F0388B97CB4D8B69CB618B3BCB768B0DCB11
S31590045A008B8BE0CAA08BB2CAB58B84CACA8B57CA91
S31590045A10DF8B29CAF48BFBC9098CCEC91F8CA0C90C
S31590045A20348C73C94A8C45C95F8C18C9758CEBC87C
S31590045A308A8CBDC8A08C90C8B68C63C8CC8C35C8EB
S31590045A40E28C08C8F88CDBC70E8DAEC7248D81C74F
S31590045A503A8D54C7508D27C7678DF9C67D8DCDC6AF
S31590045A60948DA0C6AA8D73C6C18D46C6D88D19C607
S31590045A70EE8DECC5058EBFC51C8E93C5338E66C55B
S31590045A804A8E39C5618E0DC5798EE0C4908EB3C4A5
S31590045A90A78E87C4BE8E5AC4D68E2EC4ED8E02C4EB
S31590045AA0058FD5C31D8FA9C3348F7CC34C8F50C328
S31590045AB0648F24C37C8FF8C2948FCCC2AC8F9FC260
S31590045AC0C48F73C2DC8F47C2F58F1BC20D90EFC192
S31590045AD02590C3C13E9097C156906CC16F9040C1BA
S31590045AE0889014C1A090E8C0B990BCC0D29091C0DF
S31590045AF0EB9065C004913AC01D910EC03691E2BFF9
S31590045B005091B7BF69918CBF829160BF9C9135BF0C
S31590045B10B59109BFCF91DEBEE891B3BE029288BE1D
S31590045B201C925DBE359231BE4F9206BE6992DBBD24
S31590045B308392B0BD9D9285BDB7925ABDD2922FBD28
S31590045B40EC9205BD0693DABC2193AFBC3B9384BC1F
S31590045B5056935ABC70932FBC8B9304BCA693DABB12
S31590045B60C093AFBBDB9385BBF6935ABB119430BB02
S31590045B702C9405BB4794DBBA6394B1BA7E9487BAE6
S31590045B8099945CBAB59432BAD09408BAEC94DEB9C6
S31590045B900795B4B923958AB93E9560B95A9536B99D
S31590045BA076950CB99295E3B8AE95B9B8CA958FB86F
S31590045BB0E69565B802963CB81E9612B83B96E9B738
S31590045BC05796BFB7739696B790966CB7AC9643B7FD
S31590045BD0C99619B7E696F0B60297C7B61F979EB6BA
S31590045BE03C9775B659974BB6769722B69397F9B56F
S31590045BF0B097D0B5CD97A7B5EA977EB5089856B520
S31590045C0025982DB5429804B56098DBB47D98B3B4C5
S31590045C109B988AB4B99861B4D69839B4F49810B468
S31590045C201299E8B33099C0B34E9997B36C996FB300
S31590045C308A9947B3A8991EB3C699F6B2E599CEB296
S31590045C40039AA6B2229A7EB2409A56B25F9A2EB21E
S31590045C507D9A06B29C9ADEB1BA9AB7B1D99A8FB1A7
S31590045C60F89A67B1179B40B1369B18B1559BF0B023
S31590045C70749BC9B0939BA1B0B29B7AB0D29B53B09C
S31590045C80F19B2BB0109C04B0309CDDAF4F9CB6AF0B
S31590045C906F9C8FAF8E9C68AFAE9C40AFCE9C1AAF74
S31590045CA0EE9CF3AE0D9DCCAE2D9DA5AE4D9D7EAED8
S31590045CB06D9D57AE8E9D31AEAE9D0AAECE9DE3AD33
S31590045CC0EE9DBDAD0E9E96AD2F9E70AD4F9E4AAD88
S31590045CD0709E23AD909EFDACB19ED7ACD29EB1ACD6
S31590045CE0F29E8AAC139F64AC349F3EAC559F18AC1D
S31590045CF0769FF2AB979FCCABB89FA7ABD99F81AB5E
S31590045D00FB9F5BAB1CA035AB3DA010AB5FA0EAAA92
S31590045D1080A0C5AAA1A09FAAC3A07AAAE5A054AAC6
S31590045D2006A12FAA28A10AAA4AA1E5A96CA1BFA9EE
S31590045D308EA19AA9AFA175A9D2A150A9F4A12BA914
S31590045D4016A206A938A2E2A85AA2BDA87CA298A82F
S31590045D509FA273A8C1A24FA8E4A22AA806A306A844
S31590045D6029A3E1A74BA3BDA76EA398A791A374A754
S31590045D70B4A350A7D6A32BA7F9A307A71CA4E3A65D
S31590045D803FA4BFA662A49BA686A477A6A9A453A65D
S31590045D90CCA42FA6EFA40CA613A5E8A536A5C4A556
S31590045DA05AA5A1A57DA57DA5A1A55AA5C4A536A547
S31590045DB0E8A513A50CA6EFA42FA6CCA453A6A9A434
S31590045DC077A686A49BA662A4BFA63FA4E3A61CA41A
S31590045DD007A7F9A32BA7D6A350A7B4A374A791A3F7
S31590045DE098A76EA3BDA74BA3E1A729A306A806A3CC
S31590045DF02AA8E4A24FA8C1A273A89FA298A87CA29D
S31590045E00BDA85AA2E2A838A206A916A22BA9F4A163
S31590045E1050A9D2A175A9AFA19AA98EA1BFA96CA127
S31590045E20E5A94AA10AAA28A12FAA06A154AAE5A0DF
S31590045E307AAAC3A09FAAA1A0C5AA80A0EAAA5FA095
S31590045E4010AB3DA035AB1CA05BABFB9F81ABD99F40
S31590045E50A7ABB89FCCAB979FF2AB769F18AC559FE8
S31590045E603EAC349F64AC139F8AACF29EB1ACD29E86
S31590045E70D7ACB19EFDAC909E23AD709E4AAD4F9E1D
S31590045E8070AD2F9E96AD0E9EBDADEE9DE3ADCE9DAF
S31590045E900AAEAE9D31AE8E9D57AE6D9D7EAE4D9D36
S31590045EA0A5AE2D9DCCAE0D9DF3AEEE9C1AAFCE9CB9
S31590045EB040AFAE9C68AF8E9C8FAF6F9CB6AF4F9C35
S31590045EC0DDAF309C04B0109C2BB0F19B53B0D29BA9
S31590045ED07AB0B29BA1B0939BC9B0749BF0B0559B1A
S31590045EE018B1369B40B1179B67B1F89A8FB1D99A7E
S31590045EF0B7B1BA9ADEB19C9A06B27D9A2EB25F9ADF
S31590045F0056B2409A7EB2229AA6B2039ACEB2E59936
S31590045F10F6B2C6991EB3A89947B38A996FB36C998A
S31590045F2097B34E99C0B33099E8B3129910B4F498D4
S31590045F3039B4D69861B4B9988AB49B98B3B47D9819
S31590045F40DBB4609804B542982DB5259856B5089853
S31590045F507EB5EA97A7B5CD97D0B5B097F9B593978F
S31590045F6022B676974BB6599775B63C979EB61F97B9
S31590045F70C7B60297F0B6E69619B7C99643B7AC96E4
S31590045F806CB7909696B77396BFB75796E9B73B9604
S31590045F9012B81E963CB8029665B8E6958FB8CA951F
S31590045FA0B9B8AE95E3B892950CB9769536B95A9533
S31590045FB060B93E958AB92395B4B90795DEB9EC9440
S31590045FC008BAD09432BAB5945CBA999487BA7E9446
S31590045FD0B1BA6394DBBA479405BB2C9430BB119445
S31590045FE05ABBF69385BBDB93AFBBC093DABBA69340
S31590045FF004BC8B932FBC70935ABC569384BC3B932E
S31590046000AFBC2193DABC069305BDEC922FBDD29218
S315900460105ABDB79285BD9D92B0BD8392DBBD699200
S3159004602006BE4F9231BE35925DBE1C9288BE0292D8
S31590046030B3BEE891DEBECF9109BFB59135BF9C91B1
S3159004604060BF82918CBF6991B7BF5091E2BF369180
S315900460500EC01D913AC0049165C0EB9091C0D29048
S31590046060BCC0B990E8C0A09014C1889040C16F900C
S315900460706CC1569097C13E90C3C12590EFC10D90C7
S315900460801BC2F58F47C2DC8F73C2C48F9FC2AC8F7D
S31590046090CCC2948FF8C27C8F24C3648F50C34C8F28
S315900460A07CC3348FA9C31D8FD5C3058F02C4ED8ECF
S315900460B02EC4D68E5AC4BE8E87C4A78EB3C4908E71
S315900460C0E0C4798E0DC5618E39C54A8E66C5338E08
S315900460D093C51C8EBFC5058EECC5EE8D19C6D88D9D
S315900460E046C6C18D73C6AA8DA0C6948DCDC67D8D28
S315900460F0F9C6678D27C7508D54C73A8D81C7248DAD
S31590046100AEC70E8DDBC7F88C08C8E28C35C8CC8C2C
S3159004611063C8B68C90C8A08CBDC88A8CEBC8758CA5
S3159004612018C95F8C45C94A8C73C9348CA0C91F8C15
S31590046130CEC9098CFBC9F48B29CADF8B57CACA8B83
S3159004614084CAB58BB2CAA08BE0CA8B8B0DCB768BE7
S315900461503BCB618B69CB4D8B97CB388BC5CB248B43
S31590046160F3CB0F8B21CCFB8A4FCCE68A7DCCD28A9B
S31590046170ABCCBE8AD9CCAA8A07CD968A35CD828AEB
S3159004618063CD6E8A91CD5A8ABFCD468AEECD338A37
S315900461901CCE1F8A4ACE0B8A79CEF889A7CEE4897B
S315900461A0D5CED18904CFBE8932CFAB8961CF9789B9
S315900461B08FCF8489BECF7189ECCF5F891BD04C89F0
S315900461C04AD0398978D02689A7D01489D6D001891E
S315900461D004D1EF8833D1DC8862D1CA8891D1B8884A
S315900461E0C0D1A588EED193881DD281884CD26F8870
S315900461F07BD25D88AAD24B88D9D23A8808D328888C
S3159004620037D3168867D3058896D3F387C5D3E287A1
S31590046210F4D3D18723D4BF8752D4AE8782D49D87B3
S31590046220B1D48C87E0D47B8710D56A873FD55987BC
S315900462306ED549879ED53887CDD52787FDD51787BF
S315900462402CD606875CD6F6868BD6E686BBD6D586BE
S31590046250EAD6C5861AD7B5864AD7A58679D79586B6
S31590046260A9D78586D9D7758609D8668638D85686A5
S3159004627068D8468698D83786C8D82786F8D8188690
S3159004628027D9098657D9FA8587D9EA85B7D9DB8577
S31590046290E7D9CC8517DABD8547DAAF8577DAA08555
S315900462A0A7DA9185D7DA828508DB748538DB65852C
S315900462B068DB578598DB4985C8DB3A85F8DB2C85FE
S315900462C029DC1E8559DC108589DC0285BADCF484C8
S315900462D0EADCE6841ADDD9844BDDCB847BDDBD8490
S315900462E0ABDDB084DCDDA2840CDE95843DDE88844F
S315900462F06DDE7B849EDE6D84CEDE6084FFDE538409
S315900463002FDF468460DF3A8491DF2D84C1DF2084B9
S31590046310F2DF148423E0078453E0FA8384E0EE8367
S31590046320B5E0E283E6E0D68316E1C98347E1BD830F
S3159004633078E1B183A9E1A583DAE199830AE28E83B0
S315900463403BE282836CE276839DE26B83CEE25F834B
S31590046350FFE2548330E3488361E33D8392E33283DF
S31590046360C3E32783F4E31C8325E4118356E406836D
S3159004637087E4FB82B8E4F082E9E4E6821BE5DB82FB
S315900463804CE5D0827DE5C682AEE5BC82DFE5B1827E
S3159004639010E6A78242E69D8273E69382A4E68982FA
S315900463A0D5E67F8207E7758238E76B8269E7628272
S315900463B09BE75882CCE74F82FDE745822FE83C82E3
S315900463C060E8328292E82982C3E82082F5E817824F
S315900463D026E90E8257E9058289E9FC81BAE9F381B7
S315900463E0ECE9EB811DEAE2814FEAD98180EAD18119
S315900463F0B2EAC881E4EAC08115EBB88147EBB08173
S3159004640078EBA881AAEBA081DCEB98810DEC9081C6
S315900464103FEC888171EC8081A2EC7981D4EC718116
S3159004642006ED6A8137ED628169ED5B819BED54815E
S31590046430CDED4C81FEED458130EE3E8162EE3781A5
S3159004644094EE3081C6EE2A81F7EE238129EF1C81E2
S315900464505BEF16818DEF0F81BFEF0981F1EF02811A
S3159004646022F0FC8054F0F68086F0F080B8F0EA8052
S31590046470EAF0E4801CF1DE804EF1D88080F1D2807F
S31590046480B2F1CD80E4F1C78016F2C28048F2BC80A6
S315900464907AF2B780ACF2B280DEF2AC8010F3A780C9
S315900464A042F3A28074F39D80A6F39880D8F39480E7
S315900464B00AF48F803CF48A806EF48680A0F48180FE
S315900464C0D2F47D8004F5788036F5748068F5708012
S315900464D09AF56C80CCF56880FFF5648031F660801F
S315900464E063F65C8095F65880C7F65580F9F6518028
S315900464F02BF74E805DF74A8090F74780C2F743802A
S31590046500F4F7408026F83D8058F83A808AF8378028
S31590046510BDF83480EFF8318021F92F8053F92C801F
S3159004652085F92980B8F92780EAF925801CFA228012
S315900465304EFA208080FA1E80B3FA1C80E5FA1A80FF
S3159004654017FB188049FB16807CFB1480AEFB1280E7
S31590046550E0FB118012FC0F8045FC0D8077FC0C80CB
S31590046560A9FC0B80DBFC09800EFD088040FD0780AA
S3159004657072FD0680A4FD0580D7FD048009FE038084
S315900465803BFE03806DFE0280A0FE0180D2FE018058
S3159004659004FF008036FF008069FF00809BFF008027
S315900465A0CDFF0080FF7F0000FD7F9201F67F2403DC
S315900465B0E97FB604D87F4706C27FD907A77F6A09C1
S315900465C0877FFB0A627F8B0C387F1B0E097FAB0F8C
S315900465D0D57E39119D7EC8125F7E55141D7EE215B7
S315900465E0D67D6D178A7DF818397D821AE37C0B1C4B
S315900465F0897C931D297C191FC57B9F205D7B232253
S31590046600EF7AA6237D7A2825057AA8268A792628DC
S315900466100979A32984781F2BFA77982C6C77112EF5
S31590046620D976872F4176FB30A5756E320475DE33A5
S315900466305F744D35B573BA360773243855728C39F1
S315900466409E71F23AE270563C2370B83D5F6F173FE5
S31590046650966E7340CA6DCE41F96C2543246C7A4488
S315900466604A6BCD456D6A1C478C696948A668B449DE
S31590046670BD67FB4ACF663F4CDD65814DE864BF4EEE
S31590046680EF63FB4FF2623351F1616952EC609B53B5
S31590046690E35FCA54D75EF555C75D1D57B45C42583F
S315900466A09D5B6459825A825A64599D5B4258B45C84
S315900466B01D57C75DF555D75ECA54E35F9B53EC608F
S315900466C06952F1613351F262FB4FEF63BF4EE86456
S315900466D0814DDD653F4CCF66FB4ABD67B449A668DC
S315900466E069488C691C476D6ACD454A6B7A44246C1B
S315900466F02543F96CCE41CA6D7340966E173F5F6F12
S31590046700B83D2370563CE270F23A9E718C395572BC
S3159004671024380773BA36B5734D355F74DE33047512
S315900467206E32A575FB304176872FD976112E6C770C
S31590046730982CFA771F2B8478A329097926288A79A5
S31590046740A826057A28257D7AA623EF7A23225D7BCF
S315900467509F20C57B191F297C931D897C0B1CE37C88
S31590046760821A397DF8188A7D6D17D67DE2151D7EBD
S3159004677055145F7EC8129D7E3911D57EAB0F097F65
S315900467801B0E387F8B0C627FFB0A877F6A09A77F73
S31590046790D907C27F4706D87FB604E97F2403F67FDC
S315900467A09201FD7F0000FF7F6DFEFD7FDBFCF67F8F
S315900467B049FBE97FB8F9D87F26F8C27F95F6A77F7B
S315900467C004F5877F74F3627FE4F1387F54F0097F90
S315900467D0C6EED57E37ED9D7EAAEB5F7E1DEA1D7EC5
S315900467E092E8D67D07E78A7D7DE5397DF4E3E37CFF
S315900467F06CE2897CE6E0297C60DFC57BDCDD5D7B31
S3159004680059DCEF7AD7DA7D7A57D9057AD9D78A7946
S315900468105CD60979E0D4847867D3FA77EED16C772D
S3159004682078D0D97604CF417691CDA57521CC0475CF
S31590046830B2CA5F7445C9B573DBC7077373C655721D
S315900468400DC59E71A9C3E27047C22370E8C05F6FFD
S315900468508CBF966E31BECA6DDABCF96C85BB246C5E
S3159004686032BA4A6BE3B86D6A96B78C694BB6A6682A
S3159004687004B5BD67C0B3CF667EB2DD6540B1E8644A
S3159004688004B0EF63CCAEF26296ADF16164ACEC60A9
S3159004689035ABE35F0AAAD75EE2A8C75DBDA7B45C31
S315900468A09BA69D5B7DA5825A62A464594BA34258CC
S315900468B038A21D5728A1F5551CA0CA54139F9B5363
S315900468C00E9E69520D9D3351109CFB4F179BBF4EE4
S315900468D0229A814D30993F4C4298FB4A5997B44934
S315900468E07396694892951C47B594CD45DB937A4443
S315900468F0069325433592CE4169917340A090173FF4
S31590046900DC8FB83D1D8F563C618EF23AAA8D8C3938
S31590046910F88C24384A8CBA36A08B4D35FB8ADE33F4
S315900469205A8A6E32BE89FB302689872F9388112E18
S315900469300588982C7B871F2BF686A329758626288F
S31590046940FA85A826828528251085A623A284232243
S315900469503A849F20D683191F7683931D1C830B1C20
S31590046960C682821A7582F81829826D17E281E21519
S31590046970A08155146281C8122A813911F680AB0F11
S31590046980C7801B0E9D808B0C7880FB0A58806A0901
S315900469903D80D907278047061680B60409802403CC
S315900469A0028092010080000002806DFE0980DBFC6B
S315900469B0168049FB2780B8F93D8026F8588095F6CD
S315900469C0788004F59D8074F3C780E4F1F68054F0E2
S315900469D02A81C6EE628137EDA081AAEBE2811DEA97
S315900469E0298292E8758207E7C6827DE51C83F4E3E3
S315900469F076836CE2D683E6E03A8460DFA284DCDDBB
S31590046A00108559DC8285D7DAFA8557D97586D9D710
S31590046A10F6865CD67B87E0D4058867D39388EED1D7
S31590046A20268978D0BE8904CF5A8A91CDFB8A21CC07
S31590046A30A08BB2CA4A8C45C9F88CDBC7AA8D73C69B
S31590046A40618E0DC51D8FA9C3DC8F47C2A090E8C087
S31590046A5069918CBF359231BE0693DABCDB9385BBC4
S31590046A60B59432BA9295E3B8739696B759974BB64E
S31590046A70429804B53099C0B3229A7EB2179B40B11E
S31590046A80109C04B00D9DCCAE0E9E96AD139F64AC37
S31590046A901CA035AB28A10AAA38A2E2A84BA3BDA78D
S31590046AA062A49BA67DA57DA59BA662A4BDA74BA328
S31590046AB0E2A838A20AAA28A135AB1CA064AC139FFD
S31590046AC096AD0E9ECCAE0D9D04B0109C40B1179B16
S31590046AD07EB2229AC0B3309904B542984BB6599770
S31590046AE096B77396E3B8929532BAB59485BBDB9311
S31590046AF0DABC069331BE35928CBF6991E8C0A090FA
S31590046B0047C2DC8FA9C31D8F0DC5618E73C6AA8D2E
S31590046B10DBC7F88C45C94A8CB2CAA08B21CCFB8AB8
S31590046B2091CD5A8A04CFBE8978D02689EED193889E
S31590046B3067D30588E0D47B875CD6F686D9D77586E5
S31590046B4057D9FA85D7DA828559DC1085DCDDA2849B
S31590046B5060DF3A84E6E0D6836CE27683F4E31C83C2
S31590046B607DE5C68207E7758292E829821DEAE2816D
S31590046B70AAEBA08137ED6281C6EE2A8154F0F680A5
S31590046B80E4F1C78074F39D8004F5788095F6588077
S31590046B9026F83D80B8F9278049FB1680DBFC0980EE
S31590046BA06DFE0280FF7F0000627F8B0C8A7DF81851
S31590046BB07D7A28254176FB30E270563C6D6A1C47F7
S31590046BC0F2623351825A825A3351F2621C476D6A89
S31590046BD0563CE270FB30417628257D7AF8188A7DFA
S31590046BE08B0C627F0000FF7F74F3627F07E78A7DD8
S31590046BF0D7DA7D7A04CF4176A9C3E270E3B86D6A99
S31590046C00CCAEF2627DA5825A0D9D335192951C4766
S31590046C101D8F563CBE89FB30828528257582F818CF
S31590046C209D808B0C008000009D8074F3758207E72D
S31590046C308285D7DABE8904CF1D8FA9C39295E3B80E
S31590046C400D9DCCAE7DA57DA5CCAE0D9DE3B892955C
S31590046C50A9C31D8F04CFBE89D7DA828507E77582CB
S31590046C6074F39D8000202020202020202020282896
S31590046C702828282020202020202020202020202062
S31590046C8020202020208810101010101010101010A2
S31590046C9010101010100404040404040404040410D2
S31590046CA01010101010104141414141410101010160
S31590046CB0010101010101010101010101010101012A
S31590046CC01010101010104242424242420202020236
S31590046CD002020202020202020202020202020202FA
S31590046CE010101010200000000000000000000000AA
S31590046CF000000000000000000000000000000000FA
S31590046D0000000000000000000000000000000000E9
S31590046D1000000000000000000000000000000000D9
S31590046D2000000000000000000000000000000000C9
S31590046D3000000000000000000000000000000000B9
S31590046D4000000000000000000000000000000000A9
S31590046D500000000000000000000000000000000099
S31590046D600000000000000000000000001F0000006A
S31590046D703B0000005A0000007800000097000000D5
S31590046D80B5000000D4000000F300000011010000DB
S31590046D90300100004E0100001F0000001C0000009E
S31590046DA01F0000001E0000001F0000001E000000CF
S31590046DB01F0000001F0000001E0000001F000000BE
S31590046DC01E0000001F0000001F0000001C000000B1
S31590046DD01F0000001E0000001F0000001E0000009F
S31590046DE01F0000001F0000001E0000001F0000008E
S31590046DF01E0000001F0000001F0000001D00000080
S31590046E001F0000001E0000001F0000001E0000006E
S31590046E101F0000001F0000001E0000001F0000005D
S31590046E201E0000001F0000002B4903902E4903907A
S30990046E3031490390B7
S70508009685D7
